temperature,humidity,occupants,ac_hours,refrigerator_hours,washing_machine_hours,tv_hours,lighting_hours,computer_hours,other_appliance_hours,previous_consumption,hour,day_of_week,month,energy_consumption
25.49080237694725,64.31975269701556,6,3.08566497588917,22.721046807085003,2.965057026057893,6.843412628247124,9.46358664077029,8.036652114133162,0.7459858522705705,14.534789446018372,11,3,2,21.52558600989471
37.01428612819832,78.32593975799918,2,9.91893483142645,23.747211359265457,3.6889988050015012,5.409315806826384,5.206038288328351,8.34980132695715,5.797623357549705,5.589127469476212,2,1,5,23.552969475865382
32.6398788362281,75.60965578740954,2,0.38616605612250887,18.946805262153994,0.1150832684778118,9.543858319312717,5.199661735051025,8.472245215496438,5.97805011230022,11.619297766775322,23,5,1,16.133294113638375
29.973169683940732,39.23399428162642,3,1.2827677246256586,20.3528395506969,3.7183902338977504e-05,7.741436197415636,2.041605577744112,4.125744265224197,3.6368791003740037,7.693308538218376,7,6,2,13.676842099255527
21.12037280884873,38.954968184488436,5,2.246387764291091,23.06484276015285,1.024970517024991,1.1559186039128866,6.178559039667131,8.892280721922075,4.698660305159689,10.48294347377275,12,2,12,16.868642578004614
21.119890406724053,46.0904620646948,1,8.111060402001595,22.841228359613275,3.4111147065262455,5.581390987920192,1.016621962561023,7.195802535455867,5.602122225310898,7.286474906500288,16,4,5,20.817744680761844
19.161672243363988,51.66448358046223,2,8.785172090640158,21.748774244003176,3.0686124085729,4.095566413956515,7.398926148004528,8.389709314183229,0.12014634281778003,11.208367742157696,19,2,5,22.615895180265902
35.3235229154987,54.50733488450896,1,0.7145138060942235,19.616211271216162,1.361109848675428,7.949356367907937,2.899085290246647,9.891913528646,5.579940145787889,6.387520518257935,9,3,7,14.534740722489675
30.022300234864176,70.78183301000072,4,0.32460141762276407,19.704211743904665,0.008045057381742993,0.4466303385743198,8.698296549232442,1.1641474213255087,3.764196826554647,8.3486162687056,14,0,5,10.959832644750573
32.161451555920905,33.40082592995012,4,7.4455685710457935,18.744017967744856,2.2188229638149086,4.107235699624281,7.288338219078872,3.705796976854081,4.970738402215699,11.214317383720251,23,3,11,20.788199501610272
18.411689885916047,32.08036225356398,5,1.3335200675361347,23.53112204271546,0.9518218858038034,3.182763153434859,8.95686010501735,8.065470207062651,3.24433363811924,2.5551883725993894,8,3,6,13.74867017385636
37.39819704323989,53.51463377663454,2,1.3299858707463919,19.037589087836672,2.9824357139993745,1.4118598457971832,8.996904842810535,0.8630347139625794,3.1832762363610985,6.265163906560396,17,1,2,11.979839434466651
34.648852816008436,71.82982152827883,3,0.2236653449442927,21.437319607079438,1.785398657530504,3.7880411531957203,2.3605085426452943,5.407810654724602,5.38510923446766,9.100401134147743,7,4,5,13.281710260622857
22.246782213565524,41.60612057738895,2,0.49807877583421867,21.506108501892676,2.7144076921906684,6.728002781844791,0.008096753839152981,8.583979589281306,3.0448320389086527,2.963757314866533,13,3,8,12.655592678846675
21.636499344142013,68.49026887537511,1,2.6367545859548915,20.217632647171612,3.409235319553161,3.6167788503252627,4.389135112712852,0.18991263208165798,2.8307362867247745,11.141038023012706,10,4,1,15.745876929046963
21.668090197068675,45.58968827641797,6,0.650054894108063,20.115110766032732,2.143039198074013,5.800065753523652,11.028830589558108,9.395188985590725,3.649132850570348,12.57273043439206,12,2,11,19.514234189439346
24.084844859190753,83.16516652881097,4,3.6887909165927555,22.011530511349676,1.3438221629131695,5.9281179593930915,6.934792615630011,9.781448239046028,3.111419886974149,4.123255024304169,15,0,10,16.891525208143285
28.495128632644757,83.741396655997,1,8.32775031227349,20.329786667691234,3.078174184060996,5.871111270580332,8.730024067500203,3.2228092970823807,2.677721736830714,11.535019013783652,13,6,7,21.190972108318913
26.638900372842315,47.83723225687959,5,3.2632025732159264,19.530692360028006,1.0607489590847115,5.2953188394420545,10.554844050282636,7.667911913900511,1.083142969366772,10.400601751885633,8,0,8,17.714620751868296
23.824582803960837,43.79962523779443,4,7.278341625793717,20.394790214400185,3.5660752644257365,1.1698823568238792,10.872698972696366,1.2717610266445145,2.384402922798808,7.341420225220368,8,2,11,18.945525510634706
30.237057894447588,54.67823832397387,3,0.9390996483103009,22.845972465993277,0.2857105869317431,2.1845592743532594,6.348301887713127,7.728642705271749,1.6922742050060633,4.144845716582524,18,1,5,12.039461759246274
20.789877213040835,44.431895110808924,4,6.593751874194929,23.798870730787115,3.3418745644341787,8.000670762509891,6.4913050189446615,4.815216808340051,2.402788359091022,14.413418709694444,4,2,4,22.74431282186748
23.842892970704362,70.34303059750222,6,3.16747183257435,21.81570138272307,0.3662229090838043,5.023654889227101,10.211266094797397,8.602730785282123,3.5589497718779057,8.032142707011795,14,5,1,17.97875171750919
25.327236865873836,79.56388107289713,2,7.497528786970381,22.692607352904638,0.22454792163926296,7.06076315836315,9.689825223480165,2.126064272762008,3.6531104225844633,4.387364879707058,10,2,9,19.499630967303403
27.12139968434072,70.38552785467303,6,1.3625201405638188,21.196949167875662,1.4530277493926436,5.699090802127617,8.386303198865345,6.726579532422394,1.431968869756252,11.336135194988799,18,5,2,17.757554507591166
33.70351922786027,79.46102683496096,6,8.97883377764482,21.748938852560627,3.826197417899312,0.3869025450023833,7.253571529395678,7.861191744158507,0.5068718796957936,9.902673422144106,5,1,11,21.75120865972333
21.993475643167194,53.819529732448444,2,2.425772028979366,23.92851994041936,3.9339442167664087,7.962137690179006,7.406581230942722,2.0249226525232764,4.46662613420498,12.610573868709281,9,6,5,18.008168979432497
28.284688768272233,39.37901824253165,4,3.5313779328117647,20.63051318821147,0.8082820038646372,0.6432419452904947,4.354936135480622,8.182872775698215,3.1714241564785697,14.949257252131813,15,1,7,17.66429287057194
29.848291377240848,74.27705684385552,5,9.501807108180417,18.3975281817252,0.5945502226482646,9.431740511585732,10.091012968820294,9.579855009418692,2.652608097821978,2.5832731616260203,4,3,8,22.33062109651605
18.929008254399953,51.628470308493235,2,5.7848235973085895,23.742041506916127,1.4118133262191104,2.1537692170507583,7.4133564610471305,6.160785999206309,0.7775728128272552,11.61110486605788,17,4,11,18.71455565698974
30.150897038028766,70.27624951374796,2,3.6577151896302196,22.758370325421286,1.348347363524295,5.124061434601495,2.682336746898372,7.848504167905505,2.4879825056812934,14.858701558387374,18,0,10,18.556260040445054
21.41048247374583,46.23863651890594,3,9.496021470336316,20.389862207181427,3.038371530951898,0.6358804246578653,2.87811934211446,5.3258385935964565,4.9090524997232965,8.997011306507275,22,1,4,19.327396483717692
19.30103185970559,34.87377808840036,4,3.2907741689003203,23.894370321736613,1.7759960829869046,8.949323786658212,10.339236165278756,5.981033609956308,3.4886137767873264,11.304126705151603,9,5,10,20.611101616242358
36.977710745066666,89.5549077292658,2,0.9487071267517977,20.07321450209176,3.1195343429380533,9.799402545648043,7.508490547639066,0.13352434525679246,0.5458530764154865,7.734436694900313,9,1,1,14.919348195607363
37.31264066149119,39.37209047583596,5,9.968488878594199,20.232721176048173,2.9948523881001834,1.4629250272118988,4.7844495411351815,5.242872668360271,1.9936507987641567,6.6380582821106815,11,3,7,19.75706683361544
34.167946962329225,89.30525963780886,1,2.6784492055891382,21.658388119139524,2.3132417205036933,2.9578654249351977,2.245209110823451,5.755637498240401,5.878812155481519,11.053955193879755,20,3,12,15.641161694324381
24.092275383467413,88.63679595398685,4,8.512578486996073,19.64608431693214,3.3340483989666203,0.15874421793847793,7.322591678942421,6.700475457653865,3.2670448284124376,14.845162253398243,2,6,10,21.97240805309461
19.95344228012768,77.62908623448237,3,1.6554079482308726,22.191428910784396,0.7825909862108285,7.869654919674565,2.2117245602340607,1.6939060883268864,1.7183764775754145,3.1916634039090814,3,4,11,11.693579738464049
31.684660530243136,69.56537772491986,6,7.31353971777378,18.917101823703035,0.6472419826420532,3.114643326814126,5.642004374619613,2.413742623850925,5.480668477211523,7.487579245485204,21,1,11,17.946850789015137
26.803049874792027,64.66842301506509,2,5.24449394472252,18.648151916148922,3.002601034010673,5.888374693418312,8.130126410894835,7.5600463169226275,2.016003804020331,14.228044438095829,23,1,9,21.0192797737377
20.440764696895577,81.96609272267008,5,9.809065582901296,21.209268045384935,0.979188248621182,0.39218501280014584,6.784985211853449,1.6763882002736563,4.379444006994891,3.466377803121506,11,3,1,17.32475886035269
27.903538202225405,47.36637129716928,4,5.5283035609239946,21.332962094366408,0.011177535281538642,7.154602666747475,11.06519880151522,4.16026072385757,0.8833230343087177,10.462133050109502,6,2,1,19.239896559391074
18.687770422304368,58.060872749092624,5,0.25015151890854126,18.639930417778142,3.6478406745781524,5.2940396335672695,0.47665442222122767,2.5049021898889556,0.9389586845936404,7.592142538188328,11,4,7,11.15954783881212
36.186408041575646,67.16339816199012,5,6.038779896240879,23.785057566786907,2.4917482321322515,7.249802459988351,3.357538510216834,5.451841036217533,3.367884121973133,6.899601427229757,2,1,9,19.535059109481768
23.17559963200034,54.671428552169466,6,1.4531645633662604,21.4397199456425,1.7797507920317628,7.8956431315096385,0.685033214855773,9.868708811549439,1.4389399114502048,4.722717063141635,17,0,5,14.852796000325494
31.25044568707964,55.64918724541608,3,7.985409152820871,18.906209954981556,2.9029460400361513,0.892428661788337,2.335250760257994,8.520378976782933,0.29599251917008584,4.292345544985197,18,6,4,16.443442996171132
24.23422152178822,49.817080050125064,4,8.56568196489899,19.868655145993795,1.3333269324611434,5.780921207932251,1.487800030146368,2.694743399615901,5.558792639854004,8.71172709582688,4,0,6,19.186075847345577
28.401360423556216,63.85390900107216,2,4.820935187947143,22.801405283598974,3.814664228381671,6.499440338816218,8.791939524242776,3.686118105784426,0.33593729168749964,6.906683771064075,13,5,9,19.0641332561539
28.934205586865595,81.03447168090696,3,7.832214570522986,21.13938916719319,0.2744811557896436,5.16718753944995,4.432511295532776,9.186335824978395,4.304627320173991,8.390076990323093,22,3,2,19.88743971053097
21.69708911051054,42.09170268037877,2,1.4511073548160514,19.128890091279334,2.563792762649444,1.8240939826512226,11.100531254436246,8.982949723547385,1.9979149361847581,4.547186962224412,7,5,5,14.917894330095118
37.39169255529117,86.06598232520648,1,4.92078186535646,18.617093832370827,3.109157931445094,7.95597284057737,0.28053266030484636,1.6052803844865327,5.601029790661858,6.55262277691825,21,0,4,16.220101691348876
33.502656467222295,71.34525922489378,5,3.9394426469058463,20.584646473424907,1.8765036315740375,9.974583288395984,7.835090219330136,8.292711317545335,5.916314335040562,14.953429721092,14,3,3,22.058720962951
36.78997883128378,79.3963927608018,1,6.113173870530813,20.024488252118605,3.0198734202641435,9.692702524285227,11.646537603185859,2.976079047874518,2.0125839079863974,6.784920765494446,15,6,5,21.626247423517547
35.89654700855297,63.3714415578007,5,0.44477188803159984,21.93550411489184,3.7076415915142773,7.775295649772314,2.1100646377202237,5.438031593182695,3.5466409176207723,7.365219106782588,17,6,7,15.168987022692825
29.957999576221702,76.77100208544381,6,7.521228382486274,23.551481921706994,2.975975602717138,4.181077227864215,5.3091867634269825,0.05098389290198124,4.637908527425711,2.258388809210834,10,2,11,17.858815721332327
36.437484700462335,30.97202384036803,3,0.7912928947468367,19.486381714644953,1.2374674685452445,3.373004978400221,8.42267869404329,9.985901908961551,0.7404560998997121,6.950735359056885,1,6,3,14.725023082476767
19.76985004103839,79.1028254867721,2,6.564715175301648,23.131403599697073,2.24738549887681,0.6854579910083181,7.597655991878014,7.610964696484485,4.256773823237496,11.92408743446591,9,3,3,19.772471556085545
21.919657248382904,32.40833154512199,6,0.18457225539944222,23.522771870671203,3.646414071438493,4.162863037516904,6.792325566788049,2.4173305989872453,5.437184906493965,8.70275834874504,10,1,6,15.644504862746725
18.90454577821076,83.39480258177176,2,8.318880637567295,23.41201559681941,1.7963909019299709,1.5604859773179902,3.921073524652862,6.837948941390604,1.0710152836321472,10.541590412605151,4,0,5,19.699932480236598
24.506606615265287,89.5177648343186,3,1.7469963022378132,23.712463979672613,2.7267939796628595,2.5433471350602845,8.738399442394815,2.933073628234799,5.0322605479700995,9.235177799750044,20,1,3,15.083242868475455
25.77354579378964,47.64404773060667,4,5.154974759769905,23.05265173277565,1.86205890051549,8.918867731773512,7.839063324820035,0.8945581398601654,0.6936208360256217,3.371383784865311,16,0,1,16.674654718518152
23.426980635477918,42.61911337714762,1,2.6149290372761937,21.56091603238002,0.48537662776144863,9.68525631511219,1.9536034253250176,4.253099563671303,3.4098101792536166,6.317877088392527,0,0,10,13.916427886180482
34.57475018303859,75.92180183148244,1,7.226472020610685,20.45907659226145,0.2343905435051008,9.485590004657604,11.569088775668355,6.137188624436451,2.0361820156787918,11.025030066225721,13,3,2,21.682853407197257
25.135066533871786,45.1815804552152,2,3.2135110018972126,20.95012671620263,3.809095838514749,1.9335568584339091,6.668074907281433,0.897774582110783,2.830295163437249,9.12320575589895,14,6,3,14.84386189248264
23.618690193747614,81.9337429903322,2,7.246091935883172,23.23567304926551,2.4501670936843825,9.00894208235323,6.305539212430819,5.184062985289427,1.8037931076268017,10.774493896935773,6,6,4,22.091356965142957
28.853921663164968,36.170555529448606,2,2.8487120683547653,19.808390264503096,0.4152596524899663,1.4150530090026514,10.178840131049634,5.1486423244551,1.5632362296808051,6.68234634729013,7,4,5,12.91681009974462
20.818484499495252,37.557311782761495,3,7.5247309093576,18.955570166046567,3.4297542338793523,5.076602078761498,7.6849621275477205,6.28645240613703,4.458835139446419,4.5179580966702675,15,0,10,19.707988003248083
34.043939615080795,88.74909330603694,4,0.30605496336904237,18.844915308802772,2.090772546043253,6.436633672643735,0.8937514392765031,2.4464563853046375,1.3386792885666514,12.787582479261035,12,0,9,13.029366791087336
19.491012873595416,70.43033389620028,1,2.8331133537384847,22.96196765943,3.087728448959493,4.624668731004188,6.079072485483119,0.20641483245866343,2.4504782650217143,6.891915072083733,4,5,4,14.162075944111583
37.73773873201034,80.81323346573717,6,4.986335064402789,22.568914117980587,0.5070247825016603,9.518374354168085,9.36715791472816,3.24857506725605,1.6473424759009663,10.515142923082418,2,4,12,20.659546577494
33.44489538593315,49.45976264109108,5,0.4505958191972548,20.98587204627805,3.6276417273183443,3.332127230916051,8.399761442122696,3.985811925256968,1.4318105047090302,6.956202718183696,12,1,9,14.901184108714874
21.974313630683447,70.58902497123626,3,1.8603406137127865,19.649228568552918,2.3621417587281024,5.2737766309806355,11.649224689712963,6.3574105468042665,3.7625766661243243,14.05429624459501,18,0,5,18.033022890046603
18.110442342472048,65.65450963851583,1,9.345369816412033,22.065679053255668,2.953042722996164,0.7544993547966361,0.29899535623117224,9.301718622752514,0.27257169754813515,14.895211090122634,11,6,3,20.881220826611727
34.30922856909668,66.18900720737682,4,9.768342651801893,18.23059858459482,0.12551875206741192,8.52224580078157,3.134627479684822,2.0338552278351782,4.733392422022252,10.436074408481192,18,3,7,21.05615900923929
32.13714687695234,70.9519475722633,3,7.3974994739048565,21.40936689399997,1.2612196007960126,4.133633959439447,6.589877475389105,6.873336287683399,3.277404383720329,9.827965717934552,16,4,8,19.40324717826443
32.58014336081975,64.52155038774592,6,2.5220005061691286,20.39055101243678,1.0697816575816468,7.005321155919973,7.43387758824899,0.9740090937326984,4.970624376644036,12.930750734625413,10,4,9,16.805672163162956
33.42540693371892,55.74374215815996,1,2.60517445435969,23.86715780287181,3.7983799811514833,6.822456310494182,3.2922718308929295,1.9062175555481708,1.2780959003887686,8.711013338268053,2,5,9,15.239089537431209
19.480893034681806,46.55536166283281,3,6.457903577950729,21.045361494663155,0.7413542755213443,6.762628928342468,9.921619996510369,5.0913451156959155,4.256436245043335,13.303576706797784,1,0,6,21.246075803068756
25.169314570885454,76.11487985479212,1,1.1759961659870177,21.313606514701608,2.82820690685637,5.06938278757441,1.9721735149921544,7.083775791597727,2.523503048590926,7.368197744628226,23,1,9,14.269919472390002
20.317381190502594,43.57634580019117,1,9.483093804303666,22.274175980656914,0.1710141509971721,2.7751879054784068,0.010189315460617632,8.585685359409387,0.46082386299421785,2.414662147448639,13,1,3,16.087636277975772
35.26206851751187,71.54125836926485,4,2.2481289951018457,20.90723088675388,0.7907363427769543,6.250945585613864,11.428696780513555,7.439034319796982,4.514858353273991,14.045674390172287,21,6,2,19.964176238676366
30.46596253655116,43.999969358959596,5,9.996356254254438,19.34741171566051,1.3543894170174111,9.617915038112182,4.698681533161197,0.1535278686051833,4.57312341239669,11.379870124149999,20,2,5,22.69964187502807
24.617960497052984,67.51981019726723,4,4.957337953024604,21.22366707929069,3.1780233914989666,8.339492559463139,11.489877611473123,6.839313259193571,1.6255011953429082,8.639972572170539,16,2,7,20.773133840310084
19.27116700572047,74.82469602774174,1,7.7142998899293636,23.665613225344323,3.1599063202472015,1.0876823155377657,3.335179204142688,8.246577037003068,5.496276113748703,14.28361859312447,1,3,11,20.963114766434575
24.219646434313244,43.122833334392354,3,0.021840945055572325,20.459465929010832,3.8104074469726474,0.23187401586550083,0.7613836215747107,5.255334773891381,4.583818780600349,13.527984579633262,17,6,7,13.30409686907651
24.503666440534943,33.5965980516785,6,8.887464047516419,22.07784572999804,3.667070010667539,4.989713568704347,9.270235254636278,9.655986909664092,1.8405442147403361,3.4095377046811643,22,5,11,22.22234963222075
32.59212356676128,37.858424579650446,4,2.7000204478058043,23.86820513331411,0.3260583801800654,7.7582935171473615,10.02983438190838,0.04312422443833119,1.4346536544324522,10.11716678326347,14,0,6,16.726814378161556
30.751149427104263,66.35981803626153,5,6.679367445480652,22.97953387790094,3.3194708885787834,3.1390255316720728,5.905042786171631,8.186579506243039,2.6405373342829757,8.99535379056806,11,1,3,21.603214024711704
35.744254851526534,80.96678437354413,1,8.063552807935896,21.954204798499944,1.8046943181600672,7.012382779042276,0.8862040821343755,3.3481973191919447,1.756738888667468,12.094159032527287,15,2,6,20.429551159989817
27.444298503238986,32.699809274125464,6,1.6414774055900205,22.415978929983087,3.4635443629189337,9.319212642388091,7.849608899680053,6.504497817378274,1.3021383234870443,5.909983116442788,15,0,1,18.284652081165664
20.391884918766035,74.04907554249877,4,4.42509481329229,23.61889948810245,0.35714500612452227,4.589845069346689,2.1857276937018875,6.934818944184997,2.394604543351436,2.1055034816379763,6,5,3,14.386440850760524
32.2648957444599,50.47911875700313,4,4.9383594065192336,23.75851262640214,3.2910764060293425,2.4415965623062186,10.19257857787541,3.06249016377262,0.15422533695809393,4.410194813994006,5,0,2,15.874346708974045
33.21570097233795,58.711702195171355,4,3.1211946533920454,23.813808781931975,0.6385700760030972,9.177578620802471,3.288277434506294,9.954244998135076,2.408466424088291,4.74222759157367,13,1,4,16.802259853427596
29.225543951389923,85.73157299073394,4,4.817558297289814,21.753849769215133,1.3353665202773688,4.722639640037149,10.172476683767133,1.032500280703732,1.32997576930381,5.788412832702805,7,0,8,15.48152454418362
33.41934359909122,49.91829028415073,6,3.1754565765533806,20.30826989919142,0.11539360116008668,4.078393066751101,5.123094502722232,1.5702908516865333,1.5860051218559066,6.815107028015356,19,4,3,13.449623125588772
27.875911927287817,57.92021603636916,3,3.6074774505520923,18.7989187737378,0.49491235274855416,3.5336157154092396,7.157854070977807,8.92191705251062,0.4953197173932382,11.185212321088736,23,2,6,17.08030056647824
28.45465658763988,30.820944885640866,5,6.6933117870273895,20.313288008042417,1.7829035416495307,4.230169524388131,9.474750201851595,1.1917987644487182,3.5335901018137306,2.9651833746221956,18,3,10,17.331653415100376
26.550820367170992,34.8959232002903,5,6.32593268304997,23.657732728413713,3.2733533425378813,6.736578541823582,0.485270915795176,3.812862647459686,2.8320553654358163,8.325114583592457,18,2,1,19.166226177774917
18.508382534881903,45.51549546808704,1,2.3226572579752522,23.33878248355434,3.094679085460199,4.33719627220154,9.853992074277418,7.331422118962014,4.503764267338674,8.482367857851447,11,0,4,17.57409902225954
20.157828539866088,31.671134449264464,2,8.974828847954246,21.14195797237727,0.9411910471052529,3.2422388855922013,1.6637765011859713,7.914918608357383,5.922591751076084,10.006307212284014,8,4,5,19.664525133527608
18.628583713734685,67.88251956289506,3,8.627885456713907,21.222043719563544,0.6067617962771239,7.436376655597195,4.301020262435838,9.546691768127925,0.7172040508727349,6.037116944803871,8,2,5,20.081463233267694
30.72820822527561,55.58390140809735,1,5.090833066899516,19.853522097569815,1.5570538519270802,2.0297142702439617,5.673372361332757,7.895738346742,1.6345505337205533,5.377255641578657,4,1,1,15.544805007307938
24.287119621526536,62.88871216368132,1,4.332507426957504,20.72704734042289,3.533073388851539,2.019337246408881,10.745119004023543,8.445323841197574,4.094724768269424,8.290503839061728,13,4,9,19.109794769677773
28.171413823294056,40.47883115377977,4,3.768559829841088,22.28669096363637,0.36570029665201265,6.964355365489567,0.2692875347470931,9.493760056944108,1.4238720546087054,10.574903856058526,0,5,5,17.13057008468259
36.15132947852186,47.75592176619696,2,7.072679186664391,20.414584353886752,2.171656041377401,8.667065301894732,6.710431299561424,5.536876922741142,0.1808850930984136,2.5796969268473786,2,2,9,18.456052134264716
22.9858445829775,69.82946849116351,2,6.716660572094705,19.1279032324562,0.3552299176121676,2.412108394971294,7.710270000748734,3.4343346009854434,0.6588397436877929,5.816563941463652,10,0,7,14.59673460069458
26.207658460712594,87.91816341782399,3,1.9618060693797867,21.245157472950467,1.8808484846569558,1.9112497497642955,3.7989877091888817,7.616131446665031,2.6017615647508814,12.235034094132056,20,1,5,14.920347584961233
33.11102277086097,33.025006416132555,2,6.714580313003613,19.35202146872597,0.5071660486439291,6.703058812907523,3.485841255713517,1.635415864215567,2.5847079127361634,8.294464046262302,3,6,9,16.848753648856714
22.57596330983245,83.42305925131596,1,2.5243119410203994,23.845725336075603,0.32134773999745914,6.208025217731528,5.885629902125611,0.6823167000405661,5.833828143761348,14.373735444212883,19,0,5,15.927308262121546
19.53959819657586,64.61287207867251,2,0.18558336523525565,20.342039484071726,0.763397332254339,4.472523465196122,2.245205014376071,7.853308651227691,2.7957002033866045,13.278042480476232,0,5,10,12.959385217706
23.79502905827536,63.83517400533742,2,6.99208677537377,23.457989829654696,1.0210240774750647,0.9586063984832793,5.617427155259509,9.506713580628517,4.06840624481096,6.471284723125937,5,0,9,17.440528765386485
21.22442574508009,60.01671211246562,5,6.447936024607496,19.353323979621745,1.1050615165256992,0.9178543098187342,9.18030388188177,4.4244694496637536,2.9532060102800637,11.441522941437961,9,5,5,17.93163816626178
36.59395304685146,34.163645154251,1,4.108092623743414,19.13525403183466,2.5810717889893313,7.773417890443545,10.144746049926177,1.6113345344811847,1.6195109934769596,5.5660103200251285,3,1,1,16.38827254985827
34.16240759128834,35.39261110416964,6,5.2568605591950615,21.701406774238425,0.21992750249152504,4.517691173956855,4.621936618786808,4.9702097608686255,0.6327063906876007,4.278854368181129,16,4,7,16.220603461277083
30.66807513020847,66.05472033954516,2,9.471691917057596,22.676274469819923,0.32323623962145653,8.579670912415589,7.4076205577242265,3.9331785195341142,5.154444096539381,13.453264763803466,21,2,5,23.792080069474537
35.429211803754356,50.4575142861335,2,5.9520018090543765,21.400587383114253,0.7548246459170684,5.747336515388623,0.0002462155307396685,3.7247393975849574,0.9159761666113511,6.553240640496165,20,4,5,14.710003169484743
34.07344153798229,85.03608399466084,4,6.578839353365314,19.378774101631556,3.488252276725688,6.187381412176327,6.604229804057427,6.280808399772156,0.5813616955371943,4.644434554692243,4,6,6,18.791386682192567
21.731401177720716,54.39543224156834,2,0.6391132094914109,18.227366177303978,2.5144197042529313,9.341944419085538,11.702835664709879,1.7473571471030613,1.2829716661742436,14.544694495434749,1,5,6,17.236055718905064
35.85117996979956,38.59688752215847,2,1.6599446067512524,21.70973292714603,2.9214786367518224,1.64615894039438,3.747180325934537,3.8048154869738027,0.014931835409642158,2.40337448177653,0,1,7,11.168561163841598
28.786844838313016,72.88313001012216,5,3.0095227641158817,18.78622335219329,1.4814486222306367,5.430242292969959,7.137313490510953,8.686768391067304,0.4317908989499575,6.769691546227435,15,5,12,16.144656535585646
34.14880310328125,47.60120528646059,1,5.393793180281431,20.059058322193987,0.8528813962800035,0.5813859996603477,9.147403891747356,7.296650976171215,3.8111806106046284,2.4994326245452108,6,2,8,14.063323571642815
35.92182599846986,61.52821844135359,3,7.765908959833212,22.05470852202739,0.15184544385165122,3.589250478821191,7.307196251875712,0.5558846678878915,1.4612856411473707,8.5533038600264,20,1,1,17.685683005263403
24.360069499437277,71.8699671303102,1,3.2124087778858703,18.588140643497592,1.9541424798875688,1.4809849980120515,5.021999645602072,5.139037959624872,2.031072573851526,7.215280474809843,2,3,10,13.03171170467412
20.201038490553536,84.01584667212423,4,3.5638243047877394,18.763508878703735,2.2971238569092516,1.8783596228457056,1.830906879714377,0.9129531790687828,5.011798529098157,11.368695337135849,13,3,11,15.088462356855246
22.558703250838832,77.53147168810057,1,2.5615088517374884,18.369997243844423,3.588011177510847,9.347947200605281,5.56441676949877,9.574964289485631,4.6373974976332875,14.402448352987639,21,4,3,20.13803612990697
26.542155772525128,70.58166407236345,2,2.546093292953059,23.97647477344096,3.528371914995976,6.106825282048808,3.5374105101430993,2.446406408830053,2.9534886062241767,8.755954908867448,18,1,6,15.65462603980519
34.36029531844986,70.77799094370862,4,9.488638458947966,20.322460611609486,1.6987406338890199,8.921581331898143,8.35104346513557,9.326210257134136,3.6778599495625643,5.710194506796277,15,6,1,23.86992866482788
35.21461166512687,86.7554786419252,1,6.354571796188901,23.434771006407807,1.6943117160138486,4.435201843907496,5.302953212573719,8.340084084915146,0.5148676706413278,13.338283304481426,21,2,5,20.455737203354026
18.139042610623815,47.74944584979217,4,1.5590124353994683,19.76151383054569,0.6444915868633347,5.976433466633834,10.198557175287858,5.5136443469729945,4.569568208888147,9.859017149779511,5,4,5,16.443111334479276
28.214946051551316,30.066725651771243,3,7.222485780842599,22.519215390842973,1.0297959513703634,0.3209451219292636,2.319869242718117,3.3630457284296855,3.0971488001715124,9.19529910079066,23,3,10,15.787350556002421
26.348220062975578,46.317273563891916,1,7.22021143360029,19.314399697874272,3.702654305283566,4.695022322743341,5.012641464642883,8.579466806906504,3.4256946116557643,4.451470600677576,0,3,9,18.39064440761904
22.442156209414605,43.07348277760464,6,6.664701960537051,20.989948257889502,0.5641440437408085,5.640566733437882,6.690059716737698,1.5278370093654137,3.9931617926180465,2.5276896751244258,6,3,11,17.14898828740551
20.397307346673657,69.7100751068399,2,1.347204450906636,22.94769443577468,3.874798186974606,0.16777714265544974,1.5121761123395423,1.7997411389903029,3.0010517946162825,7.998264282824598,10,4,2,11.310972841273548
24.75230342807256,68.02269598593173,4,4.079914834695869,22.898006393370494,2.0189542008607857,7.894891768236403,7.054920934013866,2.247226773668094,3.1301557811415446,8.864610050314468,17,2,7,18.21063560469574
36.858194078250385,65.60768296228343,6,1.0675633049441313,22.765684304176048,1.8264270990673244,2.954229842766055,3.4910568639309125,5.976968978461871,2.997813520937266,3.6522184240267728,8,3,9,13.01093851562008
24.464058640415104,30.974606592567223,6,8.166205040921366,22.94240647823132,0.698553522745418,4.524870749607702,2.7544461617839144,3.143252245525142,2.980904868861422,2.772156176969086,21,6,8,16.266742354952687
28.37581243486732,73.72668326703885,5,6.5517214317791925,19.268833687835276,2.646165001929923,5.356302853048245,1.702928876752137,9.891814394789105,4.501231804249938,4.80904454720311,2,4,1,19.865161100244283
32.060379177903556,49.411824749129494,4,5.072039367678184,20.89329763536232,1.8393820734489914,9.921971531284333,4.1985831076021345,1.9511303529316437,2.5632511630848,2.820278100222052,23,4,1,16.93443398911674
25.27259204758588,69.90335934039786,6,3.430154765005966,20.909228847582952,1.482652271652885,0.9918414687418287,11.14778898233048,8.056100975541542,0.017359910980422777,2.729797469009685,22,0,12,15.525670544021011
37.435641654419214,63.3947057101292,5,1.842494744944334,23.343014924087477,1.0580648743411678,5.552795622244981,0.3720703119727018,0.9583621850679558,3.672379056731293,7.774160982474305,7,0,2,12.792532994034115
37.24894589884222,50.56385552567443,6,1.064475888331079,19.781350976396574,0.2659472120594879,5.305941458002693,10.22587449969527,3.534465622995194,5.715974849557701,12.533174409733409,7,6,1,17.302904799903818
23.035645916507285,38.07457602624646,2,9.692406075368996,23.588975360334288,2.077312466204383,0.6890969560318216,4.76833077342169,2.437625002060538,1.5417589847493895,10.631846959630074,22,5,8,19.32164311488124
27.94497011784771,35.66513385962886,3,1.9964864195602305,20.704774417836596,1.251633332234547,6.339383601951246,6.7392196647166145,9.768359486302533,4.897159987033,10.832377544616898,0,2,7,17.62345293647314
24.017566196335395,79.89109998673342,5,0.5987462672138566,22.018722019064512,2.8314608120110885,2.868544338938106,6.153747563104458,0.25730579777456186,2.7329412496984804,5.411675328987998,9,3,6,11.822713717720749
23.696809887549353,85.10385252489348,3,9.616667721824964,19.613298673676006,2.8940894269966098,1.037679661646207,11.108883139286803,7.216695257005598,3.85789241944836,2.144354404219766,14,0,2,20.227773003617358
18.737738947090655,68.98728280585797,4,5.489517413578271,20.461788640987844,1.3284280461511857,1.786419309184527,9.241551230468563,2.47722125400898,5.345242386764312,7.858405687513946,9,2,11,16.49859502470477
30.191286679597937,36.206046891629,2,7.966567349911429,22.25880559241484,2.6764827342670436,8.236032332153927,11.81788242393539,8.112486625866191,4.626081676789641,6.9026139743511745,7,0,9,23.879863587948947
28.05358046457723,54.12163301329444,5,0.4376584719831855,21.076482851106057,1.0347009611179772,1.0412476243739388,9.533159419460368,3.1122439958518386,5.307440330650849,14.314054990445491,20,6,1,15.589158767079528
19.029575024999787,73.73635200630943,4,5.669458574796547,23.584248070130002,2.9086949049686117,4.669273882403246,3.5506619304802474,1.8728424501148322,0.05711987325708634,2.9362536609315097,1,3,1,14.844126285224332
23.57292928473223,76.78925304060408,6,3.9820996411799516,22.422749795384867,0.06430858218088797,1.9527312117922124,11.554604152311768,6.9303985142326265,1.1238899078601063,12.09345119702253,17,4,2,18.238816078717758
36.165317719333075,37.093117337465316,1,7.719644343498835,21.3864175530636,0.6064350679412511,1.6231986208501203,11.80278948969508,2.5757653570794026,2.5409664753948547,7.010410308498498,1,3,7,17.86901204403663
22.79123781333945,30.001843130722946,4,0.3842564563905859,23.32001853991325,0.9800346476297448,2.0571175941707254,1.4771244434003936,4.855468699784156,5.087050784718619,12.785057757102766,20,0,10,13.793293081371754
20.897897441824462,72.7282227528363,3,4.016905685616143,21.993338332732467,3.0917419479460255,4.927829345196203,10.812530205395726,1.3153342231404497,5.0303515930411615,8.433802652252218,18,3,12,17.88589244685737
27.78905520555126,51.395770559172334,2,7.99073419486196,21.883922840522594,0.2655050123376341,2.377884211115713,7.970426194717946,7.245980110431725,1.1108419918436852,12.66652351108877,21,6,1,20.677633451538473
37.71300908221201,45.268879897095616,2,5.226972646383699,19.478227998885764,0.7522285748621238,0.9673295035256035,11.063925240397365,4.0683620505387275,0.8534545985743283,8.069028785989584,8,4,3,15.699304885833048
22.84110543023001,30.773848187371527,4,5.50038740998604,20.369141793169266,1.4344964220207763,8.014008692471686,10.988868242627841,1.4057975943726098,5.008214611179194,7.224173610792312,9,1,10,18.995506586239678
31.442710948117572,62.41796440568998,6,0.971646819659655,22.09982191562413,0.03669997661164359,5.398214031716857,10.6964763742466,7.41595046790982,3.2486057641845276,14.52821048218831,3,4,8,18.638426074142334
33.232392306574354,81.0690441255589,1,1.3233055612009137,23.35075026889895,3.0484839014976344,1.5685365236857218,10.623307124188546,1.0336219203173624,3.7606185352174557,6.79515522408433,20,0,12,13.989748268014633
22.752750879847994,87.45789877635528,3,6.7699960536578585,19.89328484186949,2.240420598688538,4.714298486321701,1.411754867918623,5.748204225089662,4.855236447993479,12.468900357398821,0,4,7,19.203513078894687
32.56432697223719,63.94469703679735,4,6.750466222899199,19.292913731657908,3.602717548080069,0.6836249987290988,1.7221884993391439,6.074851696900513,1.2704787815229706,2.8714238299822266,10,5,8,15.663647635553184
25.355662654385064,60.86767966439365,4,9.791033942522734,21.562175872895136,0.12412413017978174,5.804298636187585,1.4133530325236001,9.303505003746974,0.8189087994284403,2.8144320345433176,21,2,12,18.66353562322654
30.64611661187159,35.10338312935447,2,7.119529880655504,18.40318258861628,1.085562735065281,3.4030481959798156,1.0923490656034232,1.5098049854523587,5.154265576704935,7.695406518177182,1,3,6,14.70925443346634
30.670594215217896,62.93236809255598,3,4.932434959334473,22.28725020870003,2.9250066297468087,1.0352852963016412,4.23942342088786,6.533463597302696,0.6706446354972198,9.612412255256597,22,5,8,16.66540847328737
28.71549368149517,52.79874473792368,1,8.573278235335529,22.218831259724887,2.7005976777958978,1.8364384986839744,8.207500971895707,3.807685813952666,0.5290851041764584,9.910928802155475,3,1,5,19.41492881758648
19.805795401088165,66.42811685301461,2,1.0447298581593623,20.12979618591693,0.9722297624188316,3.457027048507265,4.256311356871019,4.008143470263094,1.6624510537002615,2.473019123483401,14,1,9,9.776419858760438
34.70604991178476,53.3235808725928,4,4.492958208962545,23.356065920069412,2.3827509398722486,8.064074542922429,8.643603999301138,5.018251819438082,1.9010931612044613,11.057619402057778,19,3,10,19.976291640614107
24.415601299434716,44.417947407022005,2,2.8710911092756977,21.013086849234764,3.175030612431015,1.7375569622982334,9.843397500242432,2.3378461204900525,1.4468121243072094,3.6890380013925133,12,3,11,13.717040042453329
21.730370207997083,35.69791651370259,2,1.0463780692762559,21.87458970415762,0.13352281333845895,1.096642214927983,7.994576881757004,4.61183238952458,4.449739635001293,14.419484739736381,0,2,1,14.663795552935047
18.81550283109528,48.89510667533374,5,7.635020847203663,19.257470891630028,2.8705135874776593,5.159390064656843,5.581256715395625,6.86846168400835,5.840124676757937,6.336133810802386,21,4,7,20.544745661514344
29.817858863764837,35.798690057265134,2,5.107920304988839,20.50404201096,1.0083882604559022,5.586969639802648,3.5462092750914826,4.571130395484593,1.1975480563478058,5.398785409308824,1,1,6,14.727277979658364
31.55128723684565,40.613817049439035,6,5.567687198974907,23.174505241618608,3.7914051541365295,0.9024131766741716,1.4928403494627704,0.4250842733108928,4.69111313719288,5.786458225801988,5,0,8,15.474308786358499
18.331756578557123,89.24016951477276,2,4.11255187910329,19.277637285794057,2.1528808854444335,2.84484479207302,5.923821934936605,2.5782624754485783,0.26545326160870086,14.18559472468915,6,3,2,15.852377328899525
28.24186116598562,56.64621341439712,6,4.603372316027352,20.343446265554814,0.1335447305251245,2.627640379142541,8.63518744043877,3.514602127531096,0.7134159625129262,8.276935736732842,18,3,1,16.332262617730223
22.529915503958758,61.91230599030099,3,1.1601738712300314,19.90845926656878,1.613722475130221,1.8622160946111532,6.57891853804858,3.547211368896337,3.090704501873774,7.650836757694775,3,5,1,11.757861969060812
30.903455808188998,82.41711172423292,2,6.729178242869764,18.90666110918868,3.865247432877943,3.156381272006538,8.657783031485554,0.810068925193218,5.997653216953353,9.356676835498664,17,5,2,18.820279563888118
21.487328580099827,89.73413402944126,1,4.324473596052138,19.738307508765214,2.9214919729768543,0.3710851153829664,4.022636068122008,4.495705516172631,5.696193898688188,14.099904739532702,22,5,5,16.703171932057273
31.81875476204932,64.96286696068088,6,8.167675731295832,19.3966337014513,1.2019160147458487,6.515497829534784,0.8015527566641762,6.9194901898856696,0.6716576410355992,6.0084182180862005,8,1,7,19.370562818289322
25.734706926010748,78.74842926265029,6,1.962872001430761,23.541561782767964,2.301069177255465,9.88487145033841,9.25317511239092,0.4867201804862331,1.4381214962753666,4.350660135085706,20,5,9,15.375940745250519
36.73459977473469,49.61646146020051,4,2.0505509341883577,22.446472827256777,2.396405422478385,6.340467674692488,2.6366893419546718,7.509241723732306,5.67475109834377,9.741382126156244,10,3,4,17.127473249988086
20.750418882919867,48.34463744683747,3,6.457595715306877,19.896609490696946,0.0933926431328409,3.6107645054378623,7.395420722832287,9.551052029634585,0.9043434362138654,8.391772039743005,4,1,9,17.083823844540948
24.82132702100517,54.16222325967361,2,8.46003423397397,22.58003431945626,0.715333444996888,6.679103011456768,9.651512934656798,0.09338156371603845,4.456733851365992,2.8055874515216264,23,6,11,18.92361044402835
20.269470424811782,70.35043576041895,1,4.721978386181753,18.13283971820323,2.2071077532489114,5.715159210235763,1.6693200221361204,1.9369231593214464,0.006648140446111395,8.785185223276734,0,0,3,13.540920018670699
36.49387236557126,70.93150135530593,4,7.269538687331,21.15914826462684,1.611010233962756,8.467579305873446,7.18193652015931,5.434877823452923,3.7902726160510345,9.311432390386418,1,0,12,22.078999208795995
35.54678706761962,48.91436607896705,3,9.993299214930856,19.50200738240804,0.7601512580806431,6.2187456098200045,8.272492342081126,2.1804948655006884,2.9676025310563374,11.023957932312472,22,6,6,22.630576213254038
23.15883255430311,37.99259544819772,6,9.902656397289281,18.685932430851086,3.0906749394566795,6.340763546212487,8.958370401827093,7.64626031677868,2.82615167830059,14.94204703470118,2,1,9,26.967895629277724
31.19968092068358,67.94377538793051,1,7.443368428217001,23.30255117003093,1.9559795227150505,2.2166418827299337,1.7719993336978512,3.121343149594431,4.975150504520368,7.480552330511892,21,3,11,16.106416356264415
34.34444400402432,37.69955173132587,2,7.395864896782488,19.196043205575435,1.2398925694673966,4.156272385375932,9.901393943752456,2.9362528231791805,0.48440607148758796,8.632642548836165,16,2,1,18.95136213954531
29.10401623198925,64.7095504937598,5,2.4761888719890566,22.934346557677692,0.6467093856629837,3.4441606025567717,1.1297827938056395,0.009238757834418854,2.26399286346059,2.9750300563294823,23,6,12,11.111004775077447
28.59301156712013,71.60532768337853,5,8.335396315437738,20.479336064950626,2.4446534511665234,0.1142518740375098,6.235001617881688,2.701261881882757,2.6762312698397936,12.810644878411305,1,2,4,20.3382800275088
22.837045818009035,72.0366897836671,3,4.051021270471206,18.085744620244203,2.6650452106454834,3.1328072938906137,5.320952354374559,2.1767052190685887,0.7435593579433,3.2760253645624493,0,4,5,11.829330304634748
19.862055356117985,75.2083266395758,1,9.619939098668226,22.39519697580615,2.678388866308381,4.860621243229502,2.6611928908266393,3.4324096714247574,0.5139992782460154,14.139790289814288,1,2,11,20.684580327384822
35.944315159066534,82.37156529393988,4,0.8142768870693551,21.578158549316207,0.8811494411548111,5.998486332100811,3.6231688973668703,1.476566530243002,1.077685827344013,6.530504445702609,7,5,6,11.180340968975568
36.00836114326661,59.997539517887304,1,4.35840368872726,20.065031299006915,2.3813536288894084,9.345689467104553,1.9732293994668222,5.946486664224948,1.4462863498788252,6.38857208420956,12,3,11,16.532395466897924
30.66202914546536,73.81495137177427,6,5.558404876834986,19.68927560355758,3.62162585943371,2.391137593598164,5.108714337855041,2.387415434923428,5.796363464743211,6.271916749034227,13,2,8,17.90589608227343
24.780595820974014,67.1503641219502,5,4.051562070861649,18.442147514222608,1.41275040305195,1.5242899110855834,0.42613113084672216,8.317508647481759,2.8536822675100963,14.356364745823038,20,4,12,17.697384038768952
24.984191492253217,41.19839638786095,3,2.1057919050494336,23.648553569011632,0.8430677305673764,8.694456889989581,10.666983303553865,2.8455794673761203,3.061734196035153,14.74140148821485,11,0,2,19.177589804951918
32.51911357740479,31.54137869216449,2,5.929884887825098,20.963909308152516,3.088598064083048,9.418474940884476,1.9618480204391435,2.1086959945966033,4.241989229764415,14.652125417791671,8,1,6,20.77316027837062
35.94220519905154,47.07248314061603,1,7.559179146251376,18.51314710545665,0.7075317606378055,4.879542485810844,10.632213077471384,0.5675136193943475,4.105600786821543,11.162232950056197,18,2,7,18.956179625822934
35.741728485302346,56.582022380257165,5,6.448385960201964,23.21207830646682,1.0149948815795677,1.1521656125005197,10.362928801608039,7.399066900217438,3.0166644126777946,3.443756076878249,23,1,6,18.04352750951115
33.597510917152476,67.02635666571938,4,2.344488488080395,19.6729990369069,0.4025775772478499,4.853882992769712,5.420126485892242,5.082081750375559,2.039030365107055,7.0227089526528905,19,6,4,14.33907526058398
30.840632923085757,80.99755983019233,3,7.31607944368524,19.22161629440793,1.071497264298677,1.0944332710326876,5.972708546581108,1.137829973804828,1.9863101615246375,5.761019781395941,6,1,6,15.233469308373936
19.682799299900978,41.77474300236994,2,2.5689780604456325,19.68562463005331,1.6413402648599136,8.831855787006628,3.6229624864137766,2.213347826175116,0.3462644033370672,11.209063999673559,9,5,4,15.29910220274531
21.232574281892276,37.53298739390863,1,1.7520236292404001,21.387428751642666,0.25663144777196445,7.081501046162499,11.962495199706362,9.987190720598425,5.397780835634553,8.404508311631712,23,5,9,17.624464531333054
35.97108377054158,87.80879684845965,4,6.906680154387221,18.444338906982217,3.486835643589202,2.4113701771000393,8.04926628708268,8.060287267835793,4.61636714236054,10.014517534037871,2,0,1,22.046434858260923
30.1285811931918,36.482673562584424,2,8.427872461139291,20.89054145473606,2.0546991688667426,8.866906933167867,11.421699431226626,3.4986948576758925,3.740059447808966,2.1135039845210435,18,4,12,21.197515286806798
18.183941032332594,58.70946420643135,6,4.815394476965745,23.374460670745876,2.3524145275541217,6.379017290493193,4.977562132658138,5.4255483061534395,2.3764904592853457,12.17723280722198,16,3,9,19.388862354200857
20.02943085732064,65.13382372759811,5,5.313917931384378,19.129029575076743,1.4851430257338176,9.532633367208685,10.596198953193436,4.160171589005932,3.4947943839052638,14.376673876898012,7,3,11,22.3415640180754
31.270035382161115,62.482465254446296,6,3.027475704712325,19.987132632913465,2.6793409182156473,9.80479849010547,5.378815598604804,0.3638956540085647,2.910538829811597,10.701852761195028,17,3,4,18.00439713537397
18.101231676924375,35.161929421976595,5,4.9461801511003225,20.37673179030992,1.727126943404123,0.03281789235718091,10.401946465215751,7.786770092129064,1.6436098708733042,13.075186157753166,6,6,3,18.507706869408675
21.216161028349973,33.42161484021716,4,1.319829980124072,21.51732426916347,3.04525509815698,1.2021420902754576,1.5711187139383158,7.169861132232274,1.7914364802482061,8.217255052991558,6,4,11,14.265585905138767
28.974675787331723,36.32900564766214,6,9.5583082968299,23.51552547915787,3.2856085740616288,5.469223308068357,7.64225312122211,4.088023144958777,5.246878238736331,2.262705030752727,22,5,5,22.117661163636722
31.837903953853864,65.13526103235675,5,8.003606536565963,20.367235249454552,2.687396447546091,9.558528744672914,8.14444217806976,8.458971368806274,3.809448434855418,14.876099890123763,19,4,3,26.327076643115934
31.03922519005201,62.66069325805927,3,6.679730608221847,18.41491704406658,1.965342476696922,9.942336355096955,7.874048367437129,5.347390948892144,0.00853490845277216,2.7648179499043515,22,4,1,19.0486166200363
22.485386189211198,44.02444752220465,4,5.38194371684403,20.087705168585956,3.1290774024089107,5.6740793530352,5.364331416472124,0.6520843941180343,1.9612305906378473,4.506064649145766,15,2,8,16.10885963880695
32.24358442695072,68.2664485107355,5,7.9216913622796445,19.140512475599067,1.9771412456193964,1.7380148894523029,8.20699332036955,2.5940629024688135,2.0396727883521226,2.6817219576042213,14,1,9,17.55558000186997
22.744981749936002,79.20405012333896,1,4.947572395858043,21.91064687291462,0.44603961747827503,1.6305002000870616,2.8735572097991167,4.617728360858461,4.238013356709696,10.124459206876805,13,4,6,14.346981666408414
24.507993963185356,32.49473759079562,5,2.999739081545325,18.175572655003993,0.4653608929764248,7.638577581141384,7.150183133965034,1.0344923871079714,4.20272005488667,9.582001735082317,15,4,2,16.532735873502464
32.92982810236048,59.887796612882546,6,1.6037423516667204,19.75157982643844,3.794332558532005,5.919376787062978,6.65081909339195,5.710811928629051,2.7849291180312545,4.725705504269367,23,6,6,16.24992514731176
30.992657980944294,71.35862472616142,3,6.4758558880180725,21.27104104339572,0.8542520338315045,5.48773898932763,3.820074265565123,1.2056816168340145,5.705876476868368,14.436492136905619,8,2,6,19.310715318719012
34.98446820988356,45.13871562418122,2,9.29425745026514,19.664005236297324,3.2636999640879054,4.657649233005163,9.346365707774753,2.0050818548424854,5.233375018404876,13.87532184448571,22,1,6,22.971092298033987
31.15225784600687,48.46625431758895,2,1.5361855350435116,21.305971700071524,0.9868216291001142,7.2513462658168155,0.9704647855041717,8.939836613382283,5.197264288374129,5.637530761687527,21,6,10,14.095025650899457
29.36617206670943,66.81827417936303,5,1.8001804505080676,18.6882739331231,1.7231203754272655,8.580541790063455,2.05727593550484,9.99812388041234,2.0895930658297677,10.565241932946567,20,5,11,16.87740914147917
19.87349535656185,83.8761176066242,2,4.33606033409535,23.656832927937735,2.6197924483925763,3.0295808119563628,5.653800475433254,5.502533440466868,2.585998734914578,13.118033383274,9,5,12,17.75948123875448
25.35431606118867,78.59546521817396,5,8.06899347919689,19.74544084397932,0.6354686915836165,2.2091776717589062,10.700840375101148,6.196486101317649,2.5137715471699362,6.677375385758855,14,3,9,19.588353913192016
23.30404735363451,64.98781314597501,3,2.9392272897150464,23.5380050363393,2.94898595345551,6.701991663149424,6.901914654335368,7.974311469264302,2.6416012947839826,5.29657237880305,22,0,4,16.710675148511942
22.87979286758167,73.81330306543495,2,2.5391292467002815,19.955012637024872,2.759651890226153,9.147324240549533,10.104802211270318,6.9613949620408935,5.3352647700652,5.3304692512184015,9,4,2,18.95599605989532
37.46021109504891,51.88934821246792,6,6.199662914628339,22.69104114703793,2.172331556423132,3.481574401440862,6.210836629771119,1.8246654465471634,1.4947241974187992,12.665934337876202,1,4,8,19.741810344376624
25.861954493335208,68.45793168592547,6,5.3561478187433185,19.47712414476752,2.2635590241697296,2.7244821917741535,9.425471623331351,4.1167152453844436,4.81317042575594,8.019912826716487,4,0,6,18.001686829684953
35.84093110354227,57.97089546765342,1,0.6022036444523626,22.018613414337608,0.42308717408636154,2.2611463023561953,3.9095687369475023,5.351165189084005,3.084239850268641,11.299394413068246,7,4,10,13.190848888601863
30.622772519945258,41.396168187453654,5,0.8148997730927654,19.942297282936604,1.7437966017404891,2.5449090769663085,9.781707806251656,3.59711992146708,1.4945051143996937,10.453910249672651,5,5,1,14.280023163149087
33.89622607083297,72.10429643263544,2,6.430129801847661,21.054954775257954,0.34628558143049837,1.3493334296031445,4.820232846789225,1.7610616975779492,3.163762673157325,5.980934144909542,5,4,6,14.23862615377608
28.052741862103844,63.38787824092932,6,4.651235991477796,22.042884874582086,1.2314531641340425,5.967782276083535,6.705973936942273,7.361133440613728,1.1726497240442588,4.704997139761425,0,4,2,18.25257399010332
29.53807769252718,51.51729491721548,3,9.70977191589147,21.53329503121776,3.601248564362534,2.808260686612557,2.1105778983619317,1.988464050793578,0.6490757850422095,3.6352116323146233,15,0,4,17.43384199586352
27.850353876377277,84.68035140471784,3,6.785314107300647,21.457683559702165,2.2981336022191683,6.149443616579045,11.045196289266679,2.6048592870180407,5.029064506992306,2.3105130395802553,17,5,2,18.80089977231137
21.90485975596089,31.256047069603994,1,0.10073661993231453,18.394085013945705,2.9708137526107263,0.830323495125681,8.4175094332473,2.8651961512843247,4.19593214058396,3.0563334207229933,2,2,4,10.697559632017242
32.44904230523011,48.94638907496976,3,4.810187798004618,19.494460993029552,2.2955434695035692,1.1545679211787907,10.306257829792546,1.6177923047596754,1.2298739412832134,5.331206767979436,6,2,7,15.545405814851737
23.615447248817116,33.412883866658795,3,4.1444793503547945,21.43103573913925,0.7769470320265963,5.361419277969446,2.494354885865189,8.495516229953328,5.6537683815518935,11.276794875798345,11,0,8,18.06758504117285
18.486319328629076,75.99163897329763,2,1.067138599937687,18.10990324329435,2.379233263119566,5.11530944476014,0.8122122632308373,6.106163188646962,0.146390240047495,4.013946170483484,9,2,3,10.009105814427487
30.909445918143355,72.12644724682755,5,9.232088358721901,19.50386553069588,3.0215523092220997,2.7150992673788865,4.046511159732177,8.347481299921387,1.9996811223010882,8.804139885788873,21,3,1,20.973253679220157
21.542213588140978,49.88113312417902,4,8.050112990817237,19.37511143658718,0.55362001146811,8.271308516205425,6.200224691459182,4.9372931350910925,0.12991823094921995,5.1867168888691895,20,3,10,19.50163280745317
36.80917168705828,70.53977413242438,3,2.3008590842000185,19.499136660965007,3.2676268403783393,1.8704716486754946,9.628438595508422,5.195630401207354,0.8537855597359993,8.653527163194411,9,5,1,16.072337570608674
37.07857154005175,53.756233571756994,3,2.559807588429972,21.213656997399923,2.2215687159131834,3.6066112418318608,4.7727169860730605,6.161446301343643,1.0804762569804685,11.75014528106438,22,0,10,16.576130108498397
36.29728780440897,75.37522748534606,4,0.32018053319450956,21.491762124115155,0.0171008086751252,5.555117060724022,3.2394998988126984,3.7091954393070203,4.862009206383406,5.457754682936938,8,1,11,11.692211205140588
25.403174005108887,57.25101976420237,3,2.9671745157904095,23.453987966236866,2.079113945351908,8.672111025153646,4.470541348984566,4.965840948311035,5.958238023200307,6.522684552538029,10,5,7,16.731264532176546
18.30913233057735,54.736783669899935,2,5.846220089133536,20.316186294157315,1.5826859685473185,4.185509751667766,8.443288925533869,5.469151290676818,5.2039216476663315,11.399007383458228,18,4,12,18.53294058057146
36.566371251754504,86.08379492929805,2,4.208433883866682,23.559473502858754,1.1857860451599502,3.9860095544090433,4.034617163412204,9.535424361772511,3.8107979326922283,9.102395247557936,7,1,1,17.583750637682503
26.563682966346285,45.05274599344202,4,9.692554637196809,21.911726069905022,3.085028879671501,5.795374280317946,11.7499875162617,8.829081318245303,4.337540580344533,3.229366143888653,17,4,3,24.02037260615946
37.33309638087339,37.22684039979393,6,0.5608016926367088,23.475962375403334,3.5979995346354037,3.1669541546289626,2.0997490646488757,1.2924584747452283,3.136925964124111,11.856005500209022,3,5,11,15.320240020578797
37.272399541785056,65.07258679556749,3,5.9143015889901065,23.00083261008029,3.050612357380441,7.091732531595895,9.037153495608031,0.41282466792517125,2.535261639887951,5.60670690338566,1,6,5,18.5773932355148
35.060189109347206,88.15930873705074,6,8.583094405070481,22.125494660446126,3.387090326363493,2.4869594066700476,7.069963348589079,6.80333951758179,4.1530135850546355,7.0057505490443255,12,2,11,22.02903425789611
23.888977841391714,52.6703528236312,3,4.8074091240972265,20.136635397113757,3.635123772844693,8.231959969402121,2.797147201878501,0.49198666644877376,5.838700116056294,5.187300015770594,22,2,5,17.070400309839936
25.701954572038506,33.72220581772689,5,0.029627205603968143,19.44666268611131,3.650517245505911,2.7235341313346115,9.043363645688142,0.6035106495265807,0.1733642541379019,9.063641266133475,13,3,11,12.69387046147659
35.02273343033714,50.358316038574046,3,2.4280149982627517,19.334348613072194,0.4585525719870298,9.927011622905122,5.370482526694214,1.5926339684414281,1.8845097019441557,11.200987934120096,19,1,4,15.830985943779222
24.338440103125553,60.355899259173505,2,3.2376897566796616,23.713043024737686,1.8255419555486458,3.164624743276426,8.188779306516242,3.51707090866734,1.9803588180427227,12.441812698336935,21,0,8,16.670010294291185
21.38985493372185,39.71538039793282,1,9.659944945574624,23.751443058776147,0.0011458975716411857,8.788261386551978,7.947086941975705,4.349961118512089,2.485505134920597,13.98758959874726,23,6,3,22.98408481578779
29.136025249167005,69.48613308338952,1,9.117732818386994,22.348988241145854,2.0258503388146902,3.973559541060573,1.327721198976795,5.193780347144368,3.7613528814086923,6.669816471501555,14,4,8,19.061661766346546
36.723095483215616,89.86496334061204,1,9.491705051076304,23.302775904458862,3.6969757373751633,2.460548420309303,10.079796298340966,9.922881929721738,3.0825189748782083,14.12398499866578,12,2,6,25.56389595853942
31.92059593349946,57.104368558886634,1,8.257584576169684,23.513976978474364,0.7964091615926936,2.2616325046035524,8.177698876539829,3.8523275471208662,0.1123742941547472,10.020411675702471,5,6,4,18.8562561317116
29.4012234017873,51.283713403812754,6,3.5164773411390438,21.069337179115873,2.5591465150663186,8.501912818498782,9.367040551639976,2.4275309651976054,2.46965747031223,7.064729071902333,19,5,10,17.799242989792745
19.943529875415372,54.042250010068,6,9.058764220962006,21.774358143751034,2.5775161856715747,3.0875298631287675,5.373190019568825,5.75252408584729,3.7166922271398195,13.534822633071645,5,6,11,23.261949186921036
30.300144533983396,36.908770703712065,3,9.816845059370488,20.512526987521287,0.6414159387510918,3.38563008959747,2.3407406604335588,2.1515095260700488,3.0289483495829046,9.535183568911599,0,4,3,19.633904183664498
37.801077002085265,82.99641608557343,6,3.500713122749529,20.510944585711577,0.9541097572698414,1.9699305583894056,3.9145622849679778,9.405434317918846,5.232371185087885,7.9056858728370125,14,0,10,17.266532430272576
20.801680304730482,54.889539331281114,3,2.6055596598644892,18.23057351186769,1.8480871358409643,9.613247181162167,10.817630740731074,2.5925430204556923,2.391574024008123,2.149520154252766,5,6,12,14.71123003242223
28.366593047274733,53.236464685490475,5,5.469162927822213,20.60292876290883,0.7528375058173817,2.447439405988301,11.256223222217141,9.899341356532716,0.075352078961469,11.327602571190624,14,4,10,19.21372052343606
35.54746143855911,69.58141637582847,3,1.8715219259893001,22.0409388690791,2.3399759140980363,2.4744361898161205,5.782396782327453,4.186681903808455,1.7093911053269928,3.0055239310849435,14,3,2,12.540069476328593
32.81537235508409,56.52200525586741,1,0.32624221406380216,20.531892996639428,1.9381669240890762,9.438978902546959,3.5855469017927297,8.126860073637515,0.8140357618139291,5.7621067642851465,13,0,6,14.369603834212263
31.94031481990536,68.89400812847077,4,9.458311711158697,23.23445806126174,2.0767927140494926,9.008988549951829,8.763733489301973,6.4828032504577005,1.5013819407169509,14.502026452708458,9,0,1,25.647750287054677
32.049681679742186,33.68677740784725,4,9.257406324414193,19.99537771444211,0.5378702112822209,2.4891088317991015,9.1919161231953,9.334941744447358,2.1725281082212495,4.0177703665996685,7,4,10,20.085110717212462
25.189823024395103,78.82340062333364,2,1.6265385376212105,18.796092279365098,2.069007301754574,8.647255695179894,9.785595568882973,6.254269529086849,4.0599339139269315,6.053196626352198,3,4,8,16.949180592134226
23.871836885289866,86.43023717276415,2,4.077402469297194,22.869352144374357,0.19791276421655724,2.498232130861169,0.37300572866995196,5.8121797944185065,1.9450199717890788,14.120411677466992,21,2,5,14.549910015891873
34.18722310957027,68.92592316956316,3,8.310363132726856,22.04368750997155,3.5261411920467265,0.8446416485287445,0.11680646875959777,6.528524445685124,5.304655050383198,6.389889635389357,5,4,7,18.9135924530646
34.20226789358362,87.27395573152864,4,6.61000298820853,19.45091689392349,1.3729987632223697,8.20361348395825,4.285867539382231,7.864655321445449,1.7974074563377938,6.272774682197593,19,0,12,18.930402397477476
35.341446371602075,39.0859388621978,1,3.9478750917071395,21.218707536253397,3.42534929934283,7.715581578152863,1.8299594133181176,8.98841632190808,0.821600472849066,10.423409629676218,23,6,12,18.93470741698804
36.26481105112943,58.64497136882122,6,7.44170997182819,20.411114031562754,2.8066254749793753,2.946671216914715,9.659782302169372,2.668149000964916,1.013192504825538,3.7076441182429365,20,5,7,18.949978998322443
28.226847977218757,66.10840403672684,1,8.97047388210191,23.633158658613947,3.064690357188724,0.9013898512260932,6.394126242943708,2.0088709188011036,5.607479183291769,14.645772226452864,16,4,11,21.362648204111345
28.030325893743992,64.9041988452712,1,9.26158330525868,21.643992545523773,1.258177978155691,2.0643888447714778,9.904177516341573,0.34349695665979674,2.728886827792551,5.575294385707206,22,5,10,18.042269657900796
33.9659035793355,54.087706745342594,3,3.7884961192218904,18.95033556712195,0.9109757593362207,7.710565709064654,2.1229569209296217,3.700792030436002,2.418756408375001,12.213954816101266,23,5,6,16.130153421968625
30.999278615555305,50.28506456197569,3,1.7356068007281888,21.01289071582191,1.6269622153644594,9.647478149424266,7.526672506341933,8.461850228380506,0.4134052865911573,5.738986550282917,21,2,5,17.05606425425593
32.03933754515407,37.609441353025126,5,9.12838858193975,23.175340995143102,0.09690344965119735,2.590020717944915,6.962065090023279,0.698574286368866,4.399926412691511,5.579841322570417,6,1,2,18.648567156258412
33.91585338872202,53.50454703373669,1,0.9255544586102826,22.02898002019477,3.675022707473398,8.182588010354491,4.0845396100712215,5.385200764633518,4.167915154660199,2.7476652047853944,11,5,3,14.283338178498893
35.800106836351326,39.759648906329105,1,7.216883912281636,23.054712456591936,1.5480570638644982,2.279326573371544,6.204975606693138,6.947886362310644,2.254443296608547,3.5511685763511216,22,3,3,16.88943213717833
24.759903137030715,74.0619405895331,3,1.4049731486080164,19.50239588319384,3.95422641937426,6.796003918250836,7.068330445496622,8.368530331210586,4.150581298103279,8.785575022818374,3,5,5,17.688703758455354
25.51165905279888,42.529856129675395,3,3.893868546676922,23.33010826228525,3.0457976832296514,0.8361346903152633,10.673853654429857,5.834303219754965,2.2047105630802877,9.498961367417554,13,6,2,17.46772652139209
19.87963879681738,33.51391831707203,5,4.115557465450274,22.533667990945034,0.3220600391972419,5.8529564038226,0.6676606170742079,1.8632001019295275,0.43894812836546593,12.605965773832088,3,0,11,15.719958666676462
29.56560281992348,63.14196826903406,5,1.5875791511208337,22.373482532628472,2.6407531113703038,2.6918989119471814,9.880486401897127,9.64536258218224,4.428596263846655,2.7827974653969396,15,6,1,16.931041227500145
18.71884547593484,65.7137839631641,2,9.22681434006612,20.079246418581146,1.0833566593518205,9.25845948733657,11.761876671371368,0.946515104020379,5.791207760266237,6.629952413771943,0,2,4,21.939656168961115
27.311960362649202,82.31478367683033,4,0.026681680092862647,23.32594838256317,0.9748745823255205,2.8975088877895363,8.78130069730359,7.6899961179695815,3.889743169044497,4.6020650584996865,17,3,10,13.325181633801082
28.85289269415153,64.61889674506091,1,8.938085432166305,21.8278762643593,1.0262506796128514,3.984406948623066,8.848163787129483,0.8655922384330861,1.658767411286133,6.652407639383656,18,6,3,18.974225322684102
23.730825042565687,50.72885122340674,1,8.838293234754854,23.111036861176814,3.664300194771268,8.40679111154581,2.6156915692811533,1.434191076811152,1.61952171278942,6.6059866612567095,20,4,11,19.46272882503723
29.816665211380215,78.18071289157923,5,3.169636536980016,20.165828735917632,1.9999207042854996,4.382745825467943,6.276879371389646,8.98215593694945,5.5738655789214056,6.605637019798425,9,5,3,17.74253784640887
18.610004998780987,62.41673359124526,5,7.0428426987927555,18.87391254638614,2.6778835952464233,2.3841225179491845,8.471283842199185,7.530746586017598,1.8197418443867237,6.025234639509027,4,4,12,18.787777511500945
18.746963774984287,34.7568170778715,2,2.528089112983155,19.994023081321934,1.1237913031988027,5.475443208942972,7.227372052235042,3.6550827123198335,4.6091534002969095,11.93171526976147,12,1,10,15.978155540793553
34.45201121319317,63.951033618794796,4,7.587735622539384,20.731586084251095,2.0918178207404727,8.39991195649982,4.621579285401371,6.38724356656204,3.857489893824078,10.966181730425527,5,4,11,21.46580039510105
25.20381282822526,84.48111272529974,2,5.611197417877434,21.200444250872955,1.4004005528447592,4.331776120046524,11.28142092066906,4.572472217106943,3.555610867533421,6.439099971996331,22,3,6,17.375859148599567
20.541210253037697,53.778757529893234,4,3.0022545424765834,21.064855294269226,1.284556161585603,1.3288848920486762,6.167840896654482,0.6653776089631369,1.0864492884125097,3.904345331458164,3,2,12,11.384050851995543
28.444865201096086,47.779548113988,6,4.002347536376546,21.276327554619385,0.9878753918808489,3.8308691311451684,11.638510385226342,7.211276163386957,0.20646627542714757,8.737644775432901,15,6,9,18.46338539198469
33.39987106197222,38.608167421081205,1,6.898887322384035,23.050234591337684,1.6360275939736022,9.544751330941914,6.766508178029077,7.632557237361535,2.9320627879673307,13.94501906396307,7,1,10,23.069656951217986
22.316420549936865,39.08673131612144,2,9.06097449643783,19.02060747712902,2.6401204425200917,0.720216203657722,9.520601360195132,8.823413861520164,5.928951643498709,3.6062714311787283,15,3,10,20.57232499916615
30.457809516380003,55.96628906050913,5,1.3072651656727463,19.896307771013227,0.888175104268436,4.084451724480198,8.904277237845843,5.4063734661128,1.174559425400521,11.78938802334867,10,2,11,14.625305783001004
19.70694929987536,65.74078944969177,2,5.713639696691572,23.331650942612708,3.8617759475094005,6.480287939401654,7.929885302315119,6.731379510014559,3.221232326634741,9.791927807743544,21,6,2,21.182095650246332
19.033634423372153,34.8369243101761,6,2.5372919945711745,21.36274922734998,0.49844670585466666,0.7851772621182285,0.17353014904573083,4.380504183748679,4.025875767867305,9.651671625575549,0,3,5,13.550477848237202
28.62709263136296,86.37411534150993,2,8.013722498754593,21.500339222217434,1.9208288308857453,3.449525470030681,0.9291498060036596,3.189092591078264,2.9020662991343285,14.1505432495912,21,4,2,19.565383888732097
28.81270243220213,75.30801704671175,1,0.7023730586948107,20.868375267683714,0.3401128654213976,9.40578353940263,6.977811458455701,4.116999951881093,3.041602839583164,14.427227634870638,17,3,6,16.516143993299536
30.748598029964132,65.19743509701976,6,6.889557901711698,21.293847809916834,0.09066128427603992,0.3063569220614326,10.941377060823399,9.117523566644877,3.967365025641564,5.169916605125409,3,1,1,19.593272633303
32.52182667445323,79.70632025633945,5,1.749460136910298,19.188478383360607,3.6907092787934537,7.517418795059431,7.2137000023541376,1.6417128504418865,4.889432982029833,12.510201425390783,10,3,1,17.402253064451674
37.517041589250695,34.8112054087268,5,5.963854184032292,21.28120139650877,3.2415391758025365,8.413749661359962,2.831951950053987,2.484998176205455,1.9997256808945811,10.070389965995602,19,0,9,19.17201387402016
28.326006966023904,58.610332663987464,3,8.35692587192692,23.983038767466702,2.7766214925022332,2.7706072541775018,3.8426208193865645,6.061907913777321,5.395651389706295,7.314992670977055,9,4,10,20.13680500306014
24.45912945882492,67.8055876116998,6,7.550806621216796,21.396285437545107,3.460763252599779,2.147143695198123,7.477918488963262,1.162813215611862,2.9094052372981585,10.653077027756018,15,3,5,19.91025465328829
33.90372389537407,79.71917436709735,3,7.529428876836373,18.266414793636184,3.2113936918789143,9.14820893586207,7.164653587380208,8.91864511652427,3.9712648330479974,14.42756809161309,9,2,9,25.020039696827503
23.416645025241486,77.00817360295606,3,5.178453121869052,22.77861386610396,2.588950883945569,7.640016954807244,11.468434922581256,0.4723637186326257,0.6390818044946318,8.719379378756198,4,4,12,18.130401490174563
26.779428414112722,46.62415498280398,1,8.907455918497213,20.378852572340325,3.389369303073477,1.133807096070023,6.349014768090588,7.553122932649062,2.954875718266895,14.221037875785022,17,5,12,21.907391824557564
19.56912762684532,86.45281017355225,2,5.881051982419979,18.922056891009372,1.563202213840421,2.121972555164029,4.260178583678874,3.7372804714929986,0.09663867694404549,10.357534063843103,21,2,8,15.948774901035453
18.50701486830915,37.46075048585222,5,9.175179685495706,23.17511883736015,2.2110073329405044,6.213551549925544,6.299913080897019,0.5116557361146112,2.346148433040237,8.277820130458268,10,1,9,20.404555933729007
37.2529682935585,82.50801711726913,5,5.465224578324176,19.187839533209804,3.1052426119145826,4.194169288968924,9.43480779924962,8.429278937187373,0.3269052034136799,10.374215722748515,2,5,9,19.904761579707845
34.71960241024412,88.25641497627711,2,5.059655630200029,23.5246043391512,0.33919206498538657,5.041743704378998,6.48436566940652,6.404602346804552,5.381885025933471,9.833033585787911,8,5,8,17.83258198336827
31.91948412187396,40.62921139335754,5,2.2235301921031447,20.650778942655634,3.4345818686499356,9.515424351022675,3.912630603452566,0.08858709148138466,4.0368307252382145,7.4820654321688025,14,5,3,16.685393526127385
26.179058888285397,73.32396385222711,2,5.44786654030205,22.4567450084982,0.6273218227864201,4.202354631919739,4.063452613260941,2.6753284838461324,4.751258137378587,9.311984464953813,21,0,7,17.097804540849328
21.465886401416917,32.417131126679905,6,1.4058483124889698,21.281975102031122,3.4581650115901565,8.81681995814269,9.081741830908207,3.520456077250241,2.8060769068165037,11.142232748494017,18,6,4,18.118876728283606
21.12874085342172,54.3253695083493,1,8.696902012595455,19.539760823491367,1.245331486531708,6.607447186605732,0.7973793223353822,3.2257814889927117,5.111386430674608,12.905261801328319,18,3,8,20.197357317985677
23.004857963291904,60.97699795186044,1,6.758918887082935,22.026541046975513,1.3071313838768739,1.2161945871355617,3.297063314094148,4.9834202902964195,5.238243538906143,5.956299565695343,4,4,7,16.19930582901486
28.984533294122407,64.83871355457805,1,9.936354484929419,23.74747530534089,0.29579475947880507,7.445070366477196,1.836451084902499,5.2680295787684575,2.1409094390521326,2.1904230510558387,5,6,12,17.79636342869004
32.29191845400125,86.15623489491357,2,0.920974277905231,22.617821800748473,3.543598495582998,5.202090739563148,11.336107598366777,3.967540177931582,2.261129450357597,9.165832724654152,3,3,9,16.667677840519367
31.203947534354626,70.33504123765168,2,2.4067274984528684,21.624107979451068,0.6980416095634783,2.250972503919886,1.0811311580181417,3.317703387778569,3.0494442521244016,8.36069419985645,11,3,8,12.472794364853183
23.598677938918858,58.87667707315422,4,8.771586042661392,23.94376864959514,2.520199608148061,2.895493230822981,9.098203315155079,5.044093282900554,0.25346097025272996,2.7045844416359817,4,4,3,19.095588640615304
37.097305613263885,78.58050217595336,5,3.9525409976891765,19.59196000405611,2.5758703970140893,5.573324247507513,7.565106833630043,0.33615404628659973,5.974609781786796,10.222583330225618,2,6,5,17.7538092275444
32.75793833391537,87.03196925726454,5,4.663029899818976,18.374048927456684,1.1246060136585836,6.01702490145793,7.5936528080516545,6.452017600316147,2.1550874039599446,14.238204645460122,9,5,3,20.038832946465117
29.087081050228015,31.32396892093745,4,8.606518873876169,18.192785196695585,3.9426438298272175,9.6817640402948,9.161196325774622,6.059825169036445,2.825059880140356,7.229013218014323,12,5,11,23.29817910450429
30.234414924687044,88.95127633536232,4,5.218232249499523,22.26412727735279,0.25666487244433966,8.547201364105932,4.805855664885522,2.7921979972514954,4.528542468807907,13.626682459950379,3,0,12,20.15871335249934
26.3920012485558,35.16792834382082,1,1.9347584941436813,22.981394188405023,2.4314880439660733,2.058392869952762,4.808920379967288,1.7951544700063715,1.7850810055522293,12.570317656493996,23,0,9,13.834453492913022
22.95461979002315,78.86320675612568,4,8.92030115409781,21.81060322490716,1.9181757098287564,7.739920705671455,3.4644693868494683,0.729849726279348,1.2097885413261682,4.1023117423649955,7,1,1,18.105617631753887
25.119453573025233,46.82008515308475,2,0.3106165642303349,23.43015958465919,0.9819364285890986,0.08291808151645541,7.173000442627929,5.8734375130611145,0.7647007258904834,12.234637852011833,0,4,7,12.842649135260757
33.15692220928738,37.930779465232305,3,8.953962676434433,22.187856284039523,0.6542068452917857,1.29808461165144,11.1576630253231,5.689002725852021,3.1681038544876605,8.717179060012,19,4,9,21.262230346350687
18.287869772595116,56.39133838283009,2,0.5052022667233469,20.225727878454123,2.9483374326359457,1.997004160662832,11.087798392691175,5.333180901105532,0.03298972501653297,13.942170765607155,1,2,3,15.147837717839222
20.321452810138325,68.63739476685681,4,6.658493646001281,19.08754974977929,3.6652594979247457,5.97199352659138,8.435528066176623,9.856182681871509,4.257124146022976,4.462541060972393,3,2,7,20.752724524983705
18.920052840435055,52.8571107014085,5,0.7167937967533466,23.54788487135494,0.43018504781888955,1.946850063001867,10.874229252396603,5.3154411102152,2.768337002814622,3.625603803391889,20,2,7,11.980727313479981
18.814576046379404,33.27392449696194,2,7.062129859650655,18.621582899984876,0.7759208484240219,3.6527294203530714,11.56222594026922,7.2179072996969085,3.190936953888176,5.136645194176133,0,0,11,18.494586945657925
35.10921168022014,65.96766837952299,5,0.3397132133295089,21.25793042247843,3.9450789891822615,2.4277978214207954,9.541259316033496,1.129182718335986,1.5792278933540858,2.775147235814915,20,1,2,12.316334334328282
32.07315718760047,84.14419656664049,2,8.424577277107876,19.88404755164107,0.06009069695149849,3.3741662437996336,4.893999947320155,2.989707891855634,1.0695183299313749,6.161041284813928,6,1,5,15.980488498308084
27.483476581746505,52.992921956835104,5,4.6594395092998475,19.628490045118035,2.033007878611693,9.424514447340659,5.798699595980461,2.7544661492797173,4.199938027484456,5.679115674166731,4,5,10,18.097858437241975
19.95668321302003,42.97996665784962,6,0.9345391266887793,21.875009111501377,2.064451400327257,9.9737635259543,11.175083041147182,5.759755058580084,1.2616412017581842,7.410796291391241,22,3,7,17.102672384252863
27.832317502336647,56.55464075596892,2,7.068194450101439,19.387421624346217,1.0526461005830954,6.857221062641092,8.040096903296524,3.3081322835707394,4.680515750504859,8.018703637908674,12,1,2,18.84635502418017
27.469435415611315,32.90176266292685,5,4.892901575037625,23.498190640454375,2.6521155217746433,5.7230787145568085,9.848327534234103,6.4106642687005,1.2220351170704482,3.881367130696412,12,6,10,18.870596523916326
21.464037398200304,79.22925506881649,3,1.9094885887544288,20.436263454594744,3.7797636257080547,7.084478458162832,1.3933684289450134,6.900897392017029,3.676098618328492,10.051861072286169,7,2,10,16.757203586036944
26.67703298475946,79.5804486570112,1,0.15672373888725777,22.064252080378076,1.8008557238263085,7.716522004189084,2.32681698108773,0.33689837177403814,3.863232384384648,4.906376184529929,16,4,2,11.05327587788328
25.97009468794747,65.2800278057777,2,4.179982597255371,22.366534303971505,2.997678021604762,7.390127436095144,4.129301607875626,6.397577124394452,3.0338735461290023,3.585072696301214,9,3,11,16.56183005790855
30.31700196104433,51.18617333630337,3,0.8562923072853557,22.097650167751983,2.584281037085833,0.8189252820000481,2.25888786671463,1.1678736227884134,5.980744591643775,11.21454420477895,9,5,6,12.474916265751006
30.701873017352874,77.987001866747,1,0.941696982472372,23.42040144535814,1.8917674541668594,3.10293419286774,10.877580775818483,4.651353018555673,2.2550580675165754,2.295558425277055,1,0,2,12.286350116589327
18.90608019544089,63.281221487302034,2,2.6732954836267684,19.38678518163599,0.1992491992128187,3.4343138178974977,2.60268656396966,7.265765707689301,5.299926870932969,6.788757228376028,5,1,10,13.199181295511135
25.492252292529425,79.55593851300097,3,6.304582972424243,18.51632726811661,2.966999219829101,3.692544741501412,6.686204571965953,7.03344995945146,1.015369154029864,3.8772426326162415,20,5,1,17.789596945237978
30.517198314284727,67.88752755498123,3,5.299106085609492,18.332794183590295,1.4530057884858518,3.44313778651542,1.0254464417937244,2.998225449974611,2.023265234722837,13.47630512593335,0,4,3,15.636476759642298
28.062725171601755,77.06432839276783,6,0.689873082586806,23.267064902850148,0.8979787536096837,7.8709229745032765,1.8595421582864242,2.7236585046081787,0.872202725382826,12.717959150591378,17,2,12,13.568156265511199
35.12979682376644,65.9137795930656,3,9.684312758924698,23.839722299635092,3.793074599152682,7.476046678843783,2.968981619654459,4.402265078556221,3.6217471281036975,2.7868471306736455,2,0,1,20.891388086733876
31.173872632378902,54.84846409293998,6,8.87168688294591,19.815159247228276,3.094011078188648,0.046003028926517864,11.794720817812633,1.8866708301778723,3.829543800854082,9.155863906622479,20,0,6,21.858216237705406
21.258688541628594,87.47675159556826,4,2.5922548714515825,22.161083541449816,3.849074726707746,2.96381523494719,9.564765084046945,9.746990127084798,2.7210239070780737,5.839622024680736,6,1,4,17.40900067591439
19.411374948008596,62.46682949273068,5,1.2233857596214126,18.053476705030494,1.0248677286623602,6.2366364778532555,8.082660705234828,3.449170713139779,4.320966297912046,4.503091998681976,15,6,2,13.491906535257629
30.84838556412631,66.30537111243231,1,9.424028647569902,19.131789060695926,3.343173310311549,1.2026562198879953,10.995143806197621,9.229932740121772,5.205914727047955,6.050002269569667,21,4,12,22.0899318369023
18.530226210832435,43.229258364884956,5,4.611417778806999,22.135646294769685,2.4308856170478768,0.7119829448553239,11.474503912411377,9.082649629599619,4.659355860665675,12.60653567062683,2,2,7,20.245259292418588
29.715511625469265,67.53904736563659,5,3.1116696477143577,18.395322835891395,3.9260147572128785,8.283981194984817,5.442874971344991,3.6484898756231443,1.4499741415473677,2.752119821412399,5,2,7,16.49849620099941
36.80460482849915,64.29645896897662,6,4.903580351651874,20.811060299518946,3.7852677824546292,4.526842721720691,3.932273393311536,2.540846322729058,1.922395530104872,10.427033993020842,3,2,8,18.26487586321948
29.50948355751758,41.090303876821494,5,7.727441445464121,21.975499586243693,3.8918721797708096,8.556873679208534,3.7837839222512906,7.708356345262631,2.2816593242743215,13.87381188920059,15,2,12,24.96873848848789
25.763398524130437,33.575225841188626,3,1.6838529830305449,22.595749027833104,3.807070473359768,8.235527271765656,0.4287492249773823,2.293778475636538,1.2225975571919994,7.824732516283229,2,1,12,14.458206857239903
30.865764368847064,66.26155918288626,6,7.674958335093072,20.722895482346225,0.030643467561755955,8.933705221405857,3.3556571247160543,5.212463899624763,2.167417419428511,13.719681092448953,3,5,7,21.814332948507136
27.165057809830333,75.82153616101922,5,7.4944678793386545,21.781704236978058,2.9643416406027576,0.48274563560647077,4.260551606324928,1.106893744198899,1.4282740611618912,13.788405577965023,10,5,1,18.281836725127775
28.9123357863187,61.40408225532049,6,5.3934820484087975,21.237453777372366,1.087738244838567,1.8613006610838456,0.44278607338480347,3.8593215454942955,5.974367132752009,9.92474503629187,23,5,3,17.01438734213113
36.8292961755305,43.606357519178744,4,8.658422887495817,18.313834632499926,2.8201083822101123,2.9614316440142052,10.59125778742675,0.7815492365511678,4.699502042330439,7.9259269347018275,16,1,1,20.333401793311943
25.722052756015486,69.9913186015821,6,1.3214337816986055,22.456828123559077,3.9224448050156346,1.3623038783786012,10.174280829596924,2.8343959268605747,5.160102420066639,11.589627437360406,18,4,2,17.10703476733256
37.22381127647829,34.806343596576134,2,5.954790066656731,19.03417149531225,0.1574375627950353,4.854698207857142,3.018011039212834,6.6529373819054625,5.532881381103964,13.910894301040114,7,6,1,19.893294758428247
36.107012839121275,56.51002228811728,3,4.493430525018216,18.190833187403047,2.267951329757402,7.989768900390586,9.630706803715025,9.913071565501804,3.9900059495899463,10.840459477325656,13,3,12,21.65595001835853
21.915822695785927,39.80200550390521,1,4.222921128358317,20.707007497730235,2.9398126324670772,9.511818108497046,9.55454254898057,2.5480759650657827,1.0558594055313877,4.724893346703597,15,1,9,17.061721109964903
19.38722601750331,41.067543063593,2,2.5256107126952543,23.193825523689064,1.0134351288592276,8.89574134476466,4.020153116820606,4.733212905493391,4.551156416853256,12.660724703899948,18,2,7,17.825638635754242
20.01556002754853,42.13763694949222,2,3.7227965680990804,18.90497662596617,0.9004877482685698,4.573366800158083,8.364816463573131,4.48046114669153,0.0936687997631116,14.369933677714133,15,5,9,17.063261084574265
18.364436513030995,53.202423422638674,2,1.0815075602366575,18.07714520470185,0.24138202160752398,6.364911013709522,3.478294056361613,1.8415363420756148,0.6793826352639534,7.333573429226827,9,5,8,10.503531307216
19.88885921511857,33.06901233722386,5,2.5159896976482523,18.659875414592502,0.3756794286723024,2.3069612344865287,0.8433148306523992,6.100690361975078,0.17750674988098658,11.068665799484497,14,4,10,12.76301604706007
31.660135468327137,53.86760645574589,6,2.719651077780826,20.18195468598964,2.626999643393446,4.030089999319198,6.057574007147743,7.247049468219718,0.8126706976867712,8.736162537464423,3,2,2,17.07139239673496
19.42377296920458,60.70244682688205,6,7.206678674601394,21.481031219947823,2.0208424761278034,8.71182595420003,5.259924490548711,1.4721948343645164,4.512025437846868,3.4561194304961655,3,1,1,18.549977832147263
24.379512605875227,58.99765709797951,5,0.48550427208863156,19.158072803915356,0.12028890992778374,0.2919752201948078,1.6578349742325473,7.571245725808014,5.312883411192859,6.547946185878673,12,5,5,11.141162198770607
34.897506219389086,52.96704602418244,3,6.511923081508607,22.811784030135424,3.8786470350110633,5.327592726434744,5.8866400438810125,7.001616357954912,1.6730416827709704,4.129784910402359,11,4,7,18.7508234230968
18.465438714716516,80.34879648424516,5,2.2140990979318986,22.51978272329449,2.6241834779552202,8.727982978990212,11.392508949082995,1.973428808276233,0.7147631795105571,10.756453658635165,14,6,2,18.972559574801657
34.28936965177871,38.71960154523025,5,0.8186150591629393,22.175181699592194,2.0618742760640334,1.2200987385076045,8.776717766269563,6.489476251179033,1.6377581319384638,9.567231088728906,22,2,4,14.740926882370433
23.637095495468,60.341804626882436,5,3.008061610854341,20.924818849893263,1.0908969465056932,9.82546201951122,8.86646771934953,3.9367167936352256,3.882682514658028,2.4359472270871785,12,5,7,16.692212712884253
20.363296552433127,33.72248501739326,3,2.244728694286028,20.19130173080391,2.632395539230013,0.12391463981169193,9.090609540987483,6.811377524944298,2.101218241677649,2.800889885451005,5,3,9,13.437088688551464
31.934743307283014,34.269340732674586,3,5.5203237583985,20.253519725788863,1.456671451530851,8.861200114631643,8.935605687222548,4.960968522358542,5.7668761447973385,5.390302268855589,13,0,6,20.35601762860727
30.578856935597678,64.43195098062577,4,3.573764034479624,21.0184232097344,2.809976650649958,3.536725743949669,0.23881722480728085,0.4813767523405099,0.7858727786185244,11.683173917861605,2,0,7,14.597670616125663
35.549440270541055,63.96110549326926,4,9.659937424083262,18.463888121295927,2.7302876812270567,1.326905816777627,11.09629122832718,7.86966988137793,5.942055142766482,3.648869300786378,7,5,8,21.614319044525168
32.70142087607772,82.68201077066742,4,9.635495993908506,22.093832777202365,0.37097518049651734,1.573581752545351,9.96165317326528,5.555999247190837,0.07471014868685999,4.6620633137591305,11,2,12,19.291223032837653
34.06961860769697,63.47242053960439,4,4.437152691202395,20.109045264055812,3.637042833243967,7.011787183542708,3.2949528891960322,7.247946228587326,2.710157794373888,13.799143133295335,13,5,12,20.10656308012011
23.64069145142613,87.58746122429102,6,7.950874606602596,19.34855266763213,1.9478970064067251,8.707196766559441,6.632922058039563,1.2607177488025856,1.5108706390836546,9.099787559831569,4,6,8,21.22348566020048
21.548790875594456,32.92169090399579,2,0.13268540860875033,19.669962422991834,1.5717797558662157,6.410663538067879,7.380071159438006,7.212724726031007,3.397712814750086,10.071045352203859,1,0,9,14.783827561481731
33.012295032817164,35.88046108684446,2,5.478115847248026,19.081765711717306,3.8218485745151143,9.28724971360753,1.5833403493949407,4.136661885164817,0.5793049918864324,7.924959889746033,9,5,12,18.905815646229826
34.136694785345284,32.643951694222885,4,7.43299172306979,23.40940851316673,1.7528371244448464,8.42478795056899,3.0475605222855293,7.9926704402572355,5.254937250774175,5.8970228767716515,2,5,10,20.959106928568197
37.81010284001347,41.1166110200124,4,2.1694322540733593,19.014225098175306,2.884883667612258,0.09031806940650422,0.2790052234098246,5.991658753229868,0.8191584024677823,5.238693709198842,22,3,2,13.086073618081809
26.25235353822853,62.476206656500686,1,0.6117175516594375,23.297556713369175,2.6205459089993446,6.694296644301348,10.367420640651185,3.5490212526980027,3.524335994636708,9.659854621397573,9,5,7,15.593033470718312
25.440361715855666,68.73433088564568,2,1.559189359064559,21.433460375810707,0.6605603923322265,3.0463468871429256,0.29886083695440524,2.0191695224727946,0.2000811783272589,8.122678855811978,8,6,2,9.912061050628019
33.528259214839935,32.73510947692013,1,4.41848087173857,23.20470573233316,3.964571094972548,4.545000117204101,3.8243500543304036,8.159241686392425,1.8659525828424586,7.239430606670135,16,3,7,17.47358053262712
24.816070805060356,86.75825339073596,1,5.06371420756262,20.84438530143307,1.8544172891635466,0.9403074813422674,0.9389579153546772,5.601926635765258,0.8983374136604694,11.027007136606471,5,2,11,14.497553754391014
36.61514651207129,80.52992259902285,5,3.808851221087685,23.56580231688644,1.579130289669234,2.820991618716504,9.376871114052626,9.874680726302646,5.867079874470202,7.254004056950877,8,3,9,19.549176580602648
35.16825503686024,47.79674892942559,6,4.3997376704238,19.2689444616501,3.6784539710129205,6.326859674325075,11.099793276854253,3.7348867034543174,0.07212820578245371,2.4774949521733,22,0,4,17.26033687693434
26.579880547500366,34.63125181358808,3,4.702349596092813,21.328150517083646,2.1169533463084402,2.1838213025632403,6.753787437813509,6.8571922158579675,2.1143720430777657,12.915709133392664,2,2,12,17.799987310618253
33.017421355829946,40.19322439314344,2,7.694366616010963,18.755032143082015,2.8203078477172494,6.475366682711931,1.6748018076998599,6.228208717764808,1.816656464017502,6.1392447319907735,6,6,5,18.17453783467449
33.09085748169365,37.61666482529836,4,1.0524189807765238,20.683321711214187,3.3849841890480437,9.230321707966723,6.697930299433218,6.375817092874487,3.9442415494905188,14.303222553926371,11,5,5,20.54008686461128
20.062477376718654,37.397026757936814,4,7.6895046715939595,21.419422179881053,0.9419775828980734,0.04940305004957235,9.244094873432143,7.36979964535657,0.33826780048227056,13.434255213039298,17,0,12,19.50979920810233
36.05105813359133,61.113701319944035,3,6.886273022949982,21.634051333039032,0.677866340778118,7.857707197298583,8.620994462715608,1.3910827998295405,4.863706630063572,5.040911175160871,9,3,2,18.826132285510596
28.105047448957144,44.75084654960402,2,7.4166080947631805,20.193172781443675,0.2740272223640239,6.4131888016318825,8.900628070398662,5.49644043998271,2.799142780240894,14.551123193627767,1,3,3,21.027737617450562
34.52914932215484,51.488382991748665,4,7.344683858753228,18.458013852998718,3.5885331969842613,0.46632762733792243,3.350086110641732,5.091296703944231,2.7166354245677713,13.096289873031026,16,4,10,19.705143613202416
24.400992020612236,89.37032000305935,4,4.705918158017837,21.931956428295916,0.8014683789725949,7.901671372452204,0.8848502710109072,3.425297890905407,1.360739282292413,14.805213897479367,2,1,1,17.994668095641465
35.91046456992401,71.05885493552069,5,2.1140018456090006,20.930591162719665,1.2310161762575755,2.245210351371311,1.7875636625814022,4.3615026651923605,2.9402806038189406,10.813329916834043,0,6,3,14.978384066896327
25.784033574683264,86.93884002282007,1,5.36628904301804,18.82127319982354,1.1432277043158043,2.6582054072262484,11.466077820947287,5.1881207665121725,2.183360732012142,14.09944774017515,7,6,5,18.510570457857895
18.216753029605968,38.55339330198694,4,9.579820536090995,23.615255816436598,1.2183519500895796,0.9351568246937336,7.362167845151774,3.2092231496536106,1.4708186175136133,10.971210586672292,12,5,9,20.291086892150975
36.10763952838528,52.92836848995415,6,5.885256813933637,23.73401197310066,2.6722445073148737,5.343798153432594,8.734795270367107,2.9315883201854778,1.0120016305287618,13.116214075861583,10,1,1,21.780913517371083
19.82573353572267,63.283908196941255,2,0.11047145212777609,23.139637678988215,3.816454234962153,4.982237402682267,10.788775101367271,7.382725746665123,4.370013407241069,9.935580804832288,7,2,6,16.888313212726914
24.3862727518083,34.60548371332428,6,0.5971090487639064,23.063209803105586,1.3178137438301616,3.47174506336289,10.233054798615502,0.6691814271974272,0.8522578400598371,14.079266843539507,19,0,12,15.301621998580643
37.0012393410161,30.251246617677474,3,9.928634336035524,18.592027655208337,1.6305886186347873,1.6875380776677307,2.6208221966294283,3.12963078503782,1.007891976845323,8.73512977318294,0,1,2,17.66160504101404
37.012142938751126,70.22606002781505,5,0.7194635923944037,23.960520657495408,3.0845879364344446,8.379535544990658,0.6967205353050443,6.53711146133795,3.462428083579753,11.57539343356862,1,2,12,17.528442077290794
29.46875776246572,68.50917100808613,2,0.4604516004489856,20.40228407918239,1.7293517767507436,8.763784300676717,11.101538410361503,2.0877296833104255,1.3564650439334245,13.920485877211313,17,3,6,16.68489490664517
30.636744243395984,54.6473285999767,5,3.530242693586554,18.97872669520268,3.70417107170419,5.405796107136721,11.780019511653084,5.7227263528558225,2.7562587410632355,7.491071543670717,17,1,10,18.664797419071636
26.968910439566393,59.37864456192196,1,9.693172032693367,22.872610369303327,2.012872202980866,2.4422533359937812,6.8081303221677025,3.0216414164854912,3.3175041168386783,2.343226973746949,8,0,6,17.4631112166028
23.86421543396129,54.926580035525376,4,3.1867515373286572,19.354384610778347,1.3909394230544616,0.9611006569868397,10.660822978053353,8.433012733502105,1.6465785418909862,3.4696124811868705,6,4,1,14.62817660484184
24.57329090739832,31.440302690693333,2,4.098841308752706,21.157051924017548,3.8862899349370785,8.685441674915626,2.78179259657704,3.4998933212913497,2.0613255052170043,14.634848742749151,8,6,5,18.626226462932042
31.450369121540767,50.122296373047746,3,6.340770612085656,18.768096391220617,1.7031275042567198,0.960527195895543,1.3324644550782159,2.295165617309105,1.2612409623140723,13.351633035909831,9,4,10,16.097770472215004
33.047490588753604,40.62493532383739,1,0.24111839326397821,20.84787433965533,0.9246994847521703,0.13180037749451312,5.9978032489009685,5.301037770893914,2.762546934973757,8.284426717352375,1,1,2,11.507446884549154
33.83158087451697,35.905451346082124,1,8.97763577519188,21.348848960417655,0.7108032591581317,4.693975773386388,9.734201033805432,1.3566051300555937,5.95439945602442,14.491692356888128,4,4,1,21.149466758256242
33.79236285589108,87.403226033361,5,5.194430175544321,20.675543759708056,3.9807253033133025,7.312710219793343,7.855843478883989,7.9748396740505845,2.176271405209701,4.412872095083086,16,2,11,19.765918326212702
19.824122060973806,65.96158350252993,1,4.66810906004058,18.41692094851592,3.0119507725153967,4.5753700447704055,7.647842017725184,6.800282512726602,3.9199822754612352,3.4425627774635297,1,5,9,17.021635886445846
27.88840609405163,73.71937705419616,2,8.607266622066303,20.90963418349658,1.634639189820723,0.514106069865361,0.2095068987019939,7.705089046949158,3.815366706115989,9.81872101289909,19,0,6,18.73395560701949
19.151175200332887,48.92182459596705,5,9.530765893580211,20.813657060644896,3.30545337140876,6.900291134218229,3.809914708381095,3.9887819979712456,4.718890997094847,6.967563861452151,9,3,1,21.113265780676755
28.990577646474712,53.588827769640915,1,4.234252316468348,19.569721663744044,2.18722451805794,6.423326205578509,11.273949438269776,8.350034138549418,4.271510623502593,6.417005267441088,0,0,10,18.64169872964206
26.83061002746754,44.215439633803406,3,1.7244107929323071,23.52960959794462,1.2695582945330899,6.8152973112455495,1.6112824742030813,4.935481307371533,0.07067840383210222,11.543974637142549,11,3,9,13.940258697545062
35.754083655166,35.817940257925486,6,8.15709270002073,20.506753996189538,2.9735432349438375,2.1120249134904947,8.716391342245851,0.9469903492023724,1.8553025550220341,3.950170753963806,23,4,12,18.99154431604497
25.018300251041573,40.741898246495026,2,4.0326042122248715,23.18469477717831,2.9835789555326073,7.956984091451991,9.111733845696534,2.240292489918491,5.221400867267523,12.119837296271506,14,2,9,19.853508675332346
20.341340328552118,77.85084271778915,3,9.35545539511766,18.65798297780065,2.00067691673654,4.791682117481334,8.793998918307464,7.110528015282194,3.2373013114627485,6.672845007144555,5,3,7,21.3672226359614
20.859833641056717,70.65274831102656,3,9.498989838309829,19.91326370523709,0.1806333614219855,5.363528105904402,11.871418729202116,8.964222988085027,0.6253445171319418,14.827588253463494,13,6,9,24.756402092056735
33.23021263434944,62.81573255912861,5,1.148290317213695,19.05798512260824,0.30808994629467046,5.458300096542491,4.910498536223097,0.9518559241860869,1.6568213260447742,12.5136991296816,13,4,1,13.572245690534817
30.364361266325222,58.505392372006085,4,9.565539673328512,20.450464727089155,3.154997916005085,2.86806437071201,8.186320706508232,8.642147910972117,1.7003166917554904,10.400906307275246,14,3,3,23.44881021771886
20.022453522455805,85.34605701936746,5,3.6827032544512095,18.66982012302527,3.293905503952853,2.501341043370423,2.3238613606056284,7.990698291784977,5.2390641263465385,4.982801509143372,0,1,8,16.1849417993037
19.682136122299948,34.364096866720104,2,6.462525176571905,20.646208835073722,2.713158994308729,0.047661304815364014,4.796518990453055,3.5656105998508547,3.320407626423525,14.433543980181662,16,0,3,17.58486400878442
32.0193826291824,46.83604879427496,2,0.34750081734046034,20.123224460689418,3.356274301670732,3.9661034205540036,5.898727229197518,6.892768043966564,3.649941725072398,2.427830516972302,10,5,8,12.20068435000835
19.45526012728387,50.99627121424284,5,8.888842740838326,19.33989028364403,2.8779498814304483,4.851029839390655,2.5779304932003066,1.8695134380153322,2.202388143600249,4.903547140121343,14,5,3,18.996306286169023
34.437201185807126,76.94554873276726,4,6.4159732934486495,21.85307647170189,3.587738482035664,7.428037456552986,10.881728908306316,8.133932999339455,0.36186230414639287,2.478084217482572,19,2,4,20.44429328172898
32.124844543129925,89.55087720971828,5,6.435544669564192,23.705468928886994,0.6015930904531213,0.6662696094429998,8.594373965608348,6.573390218490106,0.4514896979806713,14.564710336643657,15,4,12,18.851687647615353
19.626975612837995,44.44023088542919,2,9.021761599774837,19.24268084129752,1.550966113307494,9.239894123987114,3.405093217109937,4.38829379467065,2.5222952497665645,13.328843755398339,20,2,12,21.51236324038763
19.69675428170384,82.45844004822484,4,5.083471749073432,22.270745039390704,1.8564431755632769,2.639584682470415,1.6194772715711312,8.645173155467031,1.0649632704575738,14.377399655418238,8,0,4,18.03686659455179
37.73279157002351,79.83736562590748,2,4.105166403625505,22.454285335540458,1.1906551790328543,3.667206901282478,3.4544079410700927,1.3923450130090154,0.6255753572063727,11.29545481496566,11,5,5,15.96798385035057
25.485415915122406,43.479443858505995,4,8.661287522923162,20.988723098555173,2.9014657925977763,0.48362465595261805,7.475824586917013,8.457856324363028,1.5734612689870757,2.356512855358377,1,3,10,19.16493337676426
25.412842941337818,53.95995481195335,4,7.424205118713982,23.3860100766034,3.6497552507565607,6.531364108181234,9.91690365972343,0.2388640652226781,4.45227816360406,14.10952652423325,14,3,10,22.888461195236793
34.25599134515005,54.580372157551146,5,9.48975664964901,23.79834039638904,1.6499287970771053,7.0892279738986685,6.038019084661926,7.532004043267962,0.4381098263827765,7.472386031850618,8,2,11,22.49892429846818
36.94497154767717,88.6932401115935,5,9.401218933105326,20.173478712323096,3.7661678583918663,9.287912172897656,1.2299360820541683,5.733640767453679,2.689355455427076,6.786611297711688,15,3,4,22.98212476492492
37.720021276457416,40.853514082733895,5,3.8232616456024027,21.906199788019126,2.0670756285762266,3.368290033152288,2.991778396933083,6.967232732206092,4.956522957384172,5.693720718215484,16,3,7,17.001998454241807
33.067563705178834,77.94947826628692,4,4.469862901414179,21.973275707400674,2.0900625072642045,2.5736872987823345,4.141727032674629,4.123445257310657,1.6075488908431728,5.728371754688414,19,6,11,15.370788707048579
25.525191710618316,50.051562850386595,4,2.559849537907785,20.421813157515025,2.400878162711026,7.260865035708707,7.63363504453232,8.644411258921632,1.8112452913824748,12.408171176245881,22,6,4,19.665568984579917
19.670014333973377,73.85222074656963,2,6.6064788913856765,19.900746446967684,1.0733242604773015,7.068008884429279,2.959720504340103,3.131490241398133,5.3052436716240186,5.332933218798694,3,3,11,17.486250077386348
33.542938318548735,55.20066025773977,3,3.6454197008888656,23.60246518936688,1.533442076540148,9.37124057853387,2.8071407118467024,2.749552851985274,3.9000214815825576,4.888106746700723,7,1,1,16.07965180937694
29.1680849947161,64.70158578699241,5,7.861006466076711,22.73988929587605,2.2129498115419786,2.0531862423328393,3.434422423454331,3.017506457478424,4.786272570802882,11.0742551619051,6,6,5,19.439584017782828
26.484440184939526,79.95670639956786,6,1.2155076073091053,18.686787395847265,3.767931542293047,7.052926226945352,7.110348533442587,7.743638428425841,1.735225299263014,5.73701985852883,5,4,12,16.37650431458214
36.12708770189472,78.24993389903304,2,1.164028511657459,18.71930442950932,2.5707703138208737,0.6686857718935424,5.911563407306005,4.952917313507124,5.980677145256158,2.170702189489986,4,4,8,12.279926043355271
20.223949646123028,81.98539101238201,2,2.0445538141939688,23.53525661311696,1.3324662315548381,4.803681067572186,10.09963143962929,5.370853258541466,0.845378219459864,14.112963031996529,9,5,6,17.524144267259047
27.852502085817182,33.57703952067954,1,0.8429218843741348,18.488458590161546,0.041874293266010554,1.1939077726570835,8.375187772959753,8.316554184088552,5.771622525625712,6.076330530785477,2,6,4,12.612380509105805
18.227072895348382,71.5230331823847,5,6.2003160767823475,22.130528077458997,3.9266625997196227,6.531459880944719,8.001862463475966,8.333655523166117,5.412594714910119,11.936906874285283,23,0,4,23.21957648378051
27.373212839882527,38.39924260330577,2,1.4735276601673863,19.36054948166647,1.9719382312735818,6.014667616916858,1.8558007440553634,1.6173810456844429,3.311367894631254,8.096835255179274,19,3,1,12.13147486372962
19.126065513636746,54.94911408110466,1,1.5996291746765423,18.21111205644971,3.753980633323084,0.48832933629728625,0.6627335833462289,5.497676728883171,3.5117788797428835,3.74303764123397,23,2,10,10.5236245763719
20.376358325361437,62.91530490328131,6,0.1422822372916599,18.35782527648054,2.1973809353402114,3.1961782258475613,6.119986374711258,1.2601820643380324,4.650287270863677,10.605067100156859,16,3,1,12.716496943934313
20.350524935542097,54.16436908480985,6,7.820900146236099,20.241132622077373,2.421859440889155,3.950336322767527,0.8596999844584339,8.685284711947578,1.8406926371523629,5.010277750523475,15,0,3,18.574901176686218
30.984206042321272,61.17670054818045,5,8.12296055423481,18.46553071013619,2.8476490236158885,2.4806026951296447,4.368214991116036,8.370057020975377,3.1648186923270947,5.742932374155411,10,3,4,20.295231206790284
32.92089758530847,89.79157852791715,4,1.620224163644397,21.579835199600723,1.2839029346576223,0.38670044018810135,0.3133481803390632,8.493488582211324,5.414254762377028,2.4212827328141624,12,1,4,11.668298128208669
29.667375301943192,38.11303882277129,1,7.395244342672244,21.883527068244454,2.795935842700138,3.1882189610605884,2.121707719558214,7.048585003799667,0.4094942234091665,2.2132435514781905,17,0,2,16.124493392451786
37.24345096949084,70.52736272018554,4,4.335451231573596,20.240811431898294,2.1071676394055348,7.926249014508286,1.3244144242707279,4.668773060424564,5.433172016143317,8.67705294378664,13,4,11,17.942347785701312
25.49741159047408,53.76005798313692,6,2.3959488296539133,22.457268454310103,2.6899197983300267,3.6010908859164257,9.611820047710497,4.047212263445486,4.372667635735485,2.7513338154721008,1,4,9,15.955731605886765
23.714241725637216,37.980587934439725,6,6.213846080738289,20.940255121017465,3.34333304363936,3.233697552343533,4.153513830793844,3.952245639136099,4.619068973636805,4.722428436055353,11,1,8,18.593194893756348
35.3719825637892,39.52420580245857,3,1.784840743470848,20.581371020412494,0.7369165210879358,9.417531379115845,0.9461582192639595,0.662127886087609,0.3883086182025961,14.009492972972309,21,4,3,14.1278753403825
22.47191677038905,86.95638637473701,3,7.568836076530355,20.44192853274075,2.454203641343039,0.416307187145013,3.185762454476151,9.48870286464511,1.1265400134298627,3.077120961819311,20,5,11,17.31131024492269
37.264450788812226,82.77608980270571,3,0.476152275705517,20.586638924073224,0.20844531443934633,7.672881956419831,8.193697032838912,4.502756567234685,5.55157079599445,5.780263482082089,9,1,2,14.770960421198563
18.243089493796326,84.4225176249013,3,9.591309329279143,23.80732589960651,0.4084603557961475,4.830935983143499,8.947623266068266,9.301148992783792,0.7443086908387999,11.444866107796202,6,4,1,22.428960828843024
37.397576534152776,89.4919665496432,2,0.7187525370862446,22.088442360230626,2.698376942942348,9.444625075105407,1.4383815581942563,8.792575391617268,3.7870971334700156,13.496226137025365,1,6,10,17.480162659286048
18.863198239011524,42.498923400511075,3,5.794484192486897,19.8912590829666,0.28375060723327783,3.934707441633918,9.342797279207202,8.286103877920144,4.696155298155228,2.600744943729139,17,4,9,17.473559667787704
35.82286227396142,51.3263602418437,2,9.021942901223785,22.40315922123339,2.3814311192558955,7.080423370055218,4.4467098986049365,5.883088848308269,1.3876921470274768,4.410713752321414,16,5,5,20.57596139664777
28.554022181725998,70.153141795492,2,0.11904468847850347,19.981604329937497,0.8800503946055418,0.6993536439051484,8.15259202722004,1.0155588595064058,4.192741267708664,7.042484721795181,15,3,8,9.561057533391908
37.85929592238601,59.028152391638834,5,4.98514460989057,18.754289446708057,1.216339314046992,9.28772425583881,8.058093471563328,3.239114495515362,0.39345907977144634,6.692925057640182,1,6,4,17.703251908319455
19.475931294707976,55.10337200270001,2,3.500069643106799,20.852162144733896,0.5185460085897056,3.4454266679859256,9.523112652931673,6.035862092860723,2.9926104182558566,5.7508345524707085,10,0,2,15.259254796992462
29.077085688026415,51.46867496013559,2,5.803321902579091,22.506143154830482,0.9946699446913572,5.240045757842865,8.366193363708554,0.1345580841467109,2.0065987064981483,5.149998674175741,18,4,5,16.26473431384196
37.38605071238198,65.62683791660713,3,2.254573867376587,20.265959465323927,3.285167139277312,1.3848160876296711,0.4664202800700026,0.42630913668497583,3.874452104152173,5.492564852036581,21,0,8,11.708842496838479
28.461956883402976,64.53560571840492,2,0.6489921723172476,23.21504485228406,2.55551362242611,9.455578712202408,6.2337733306745795,6.7766338220057785,5.334029076426576,3.734532503758318,6,0,6,14.670167238945803
30.58797276270525,39.687470043854404,4,6.25933036848707,20.321716224526558,3.799039178851419,6.729704039298935,1.994174081651662,8.882028515018462,0.7529455087399295,4.123246092982835,21,4,8,18.418717344873865
31.914973779692343,58.30439025110634,3,4.168492394934025,20.099034153040392,0.19497942141502111,0.5394747683611223,11.639574449912281,8.551631293232035,2.701845914833367,9.887969697646046,16,6,11,16.83631634500815
27.090821295355465,63.20830657259099,1,6.224855387062297,23.9894634831796,3.1696479887362745,1.5520677917928338,3.070014462133174,1.6814527647741206,2.5391628390210785,5.79848458288842,14,0,3,15.634456423077697
30.55116160168127,64.21721632388343,3,2.1053914683784294,20.89483213794039,2.7963087331176983,3.998339976426497,5.0412882152306775,9.112334525923412,1.9427714303635286,7.195908514890446,8,5,5,15.590756905096422
29.686286238462003,42.60643157474111,2,3.3874126295348184,22.831327258281036,1.0435692207901441,2.167710123842718,2.360425821281249,6.963022006512707,2.881000593004197,7.355563079182103,11,1,2,14.534636085898068
36.02316020981978,74.53628353513722,4,5.616813893646103,22.829928336359536,2.916666811242338,3.046255695163306,1.6150696058155587,7.163259543256837,5.2843708670937986,3.4265874572432797,7,6,12,17.246587066239282
18.908927606829156,31.511945689264177,3,5.931127783247273,23.558216022595076,2.866194199658481,9.974911608761765,7.2111552072445235,3.040412007374149,5.841971602595096,12.653419268134323,1,5,11,21.61504293426341
23.619263791844606,51.28991133258976,4,3.7231480777426516,18.509370326701823,1.8373808122349753,6.586486971498026,5.918155784898248,7.159967756838183,0.017057324303101806,14.432675679742939,16,2,12,19.089517114070603
37.008229681531176,76.81275891213801,1,2.800532056165564,19.627321658561055,2.754558475414836,9.22217602314452,4.495916809236496,7.097722775838923,4.434189258678757,5.426044144800035,15,1,3,17.500099062294073
35.80527567781833,63.83357526332414,6,2.7370062948859584,22.606488549278602,1.778323612060261,4.35798374854329,1.0250282658183036,5.9466552561312,3.690487201878125,5.8273324142964515,22,6,7,15.562646373145375
27.11313505571426,45.66974595065162,1,1.7469935142089843,21.37560895439139,1.3421823842314886,7.1028228449056785,8.831512376022815,3.5728840325904354,5.967072883118071,11.010999571836793,15,4,1,16.70917832008051
30.402651956030734,71.69718716058287,6,3.2540496232958716,21.357689654127203,1.8659638413476647,4.5969029216128865,0.07027557478102686,8.110144376849608,0.5395883753320176,3.0476489560604096,2,1,8,14.186912869422958
23.54762365962265,64.0434566493644,5,1.9944033701321995,18.997291811221444,3.580517925971165,3.282245428550241,5.49193905995182,9.37517937980269,4.868077809466218,13.795198165034359,18,5,5,18.332713577845837
21.762423194475225,77.77461656738323,6,6.3381540622994486,19.68691808468358,1.5383351714408726,5.191731465010562,7.5908637695440095,8.698884250269964,5.6035690767317945,3.5676609940107005,15,6,2,20.094054318351564
27.273968098799642,74.1015111713894,5,5.690669982420896,21.128004514300407,1.6147527098266554,4.273110417874867,5.168530027312162,2.4297919421305805,5.472693791536903,11.516812121835605,10,2,3,19.472733493507125
25.067044560521055,66.60647532217408,3,3.8258882367092006,19.663088188047727,2.433612910488201,9.805406486806937,1.51450780693433,4.45673829049656,3.3634362253068915,5.78969598704026,8,6,4,15.956718933578747
29.67312223701744,59.29066051864884,5,3.2583001993739447,19.26169675619229,3.0119979017344853,4.961664052164009,9.33899863422042,3.4241435229412156,1.9653368701003056,6.202441337643682,13,1,2,15.95014325670407
19.554692739299696,37.9909275400514,4,2.376142001946425,18.526536334619976,2.938483441244626,8.111131328987955,3.8873274276434606,7.0747955020961335,3.839423022185303,3.8309803887402376,1,6,10,15.06484329623993
37.487896153323334,45.679981073123024,5,5.354583089593412,18.934356071540073,0.079194920472629,6.668194682958485,1.6170666141831966,8.314903376710063,1.8364319713394028,10.402391776908427,12,0,5,17.77728575419102
37.72421488959206,55.14596837502512,4,9.189027643456884,22.61320657495184,2.7496613320754126,4.796272372174225,6.603189776956846,2.1579613243946874,2.4736155558023984,12.334926695640274,4,6,7,22.586485955387218
31.963234280394904,65.95795722038332,6,6.857030513889372,22.312675083508292,1.8022161923957074,4.741500724663361,0.23005869076818275,9.472755353525583,2.6743499087511573,14.353140481137077,19,4,9,20.9337472601138
28.72192732688241,60.82247131291829,6,7.444147140355674,18.27500210609227,2.09635987021783,3.4189011706203765,3.8887642889393335,6.773291332995683,1.8117010584875806,6.310142650210134,13,0,1,18.282501805914904
24.190552325726557,47.29107155757177,6,8.343778636564078,19.219704512064666,2.246653347771917,1.0698180763205611,9.007708435120811,2.184478715768706,2.050964188464147,10.07535183238975,0,6,10,19.35552377476972
34.27590039413897,30.387861467382635,5,3.5163497333784877,21.3627320803963,2.9268784684330615,7.614693289373168,10.952535952370093,3.710946113074267,0.04387871380310737,7.394908327657593,5,0,6,18.589862020269297
31.694623451077586,59.77435331404884,6,0.6287578211448763,19.935767065420638,3.325331934433252,9.18094793200539,7.100729513285856,1.046068580565489,1.7824731825698876,9.251967745630221,21,4,6,15.938712901090527
21.252338786897827,47.137559313734585,5,6.225588033216443,22.939497616077183,2.585043778528944,2.1795485466011764,2.6113390247673824,5.970689850296086,2.8338322449600506,4.118112479952303,10,4,1,16.834461451647822
36.21854368987685,74.0764980426321,5,1.8867229122803264,22.709935845972883,2.255628883224005,9.256734939291974,2.6400018085697576,1.6919152279262406,1.038044221304164,9.562787583612893,16,3,2,15.806303483915263
34.45074485846338,31.43677591622901,2,5.690436499956663,23.34948334774866,1.4950770192508074,2.3230421805827817,7.246459970548768,6.9308993816304145,4.833507461118009,13.038069499988008,22,2,11,20.01815567733768
36.99599826583848,65.08966867834745,2,7.395102331570648,21.377587389030694,0.5515128769277902,5.300791019837751,4.881140482064756,7.372467432246549,3.225822132771452,13.227491004853817,21,6,8,21.875289654892836
32.5143901677672,86.48845425036393,5,7.836383021478365,20.11245887885459,3.834310726579456,3.4362199612713784,2.1271715853108426,4.793348183234317,4.763284009076896,8.284061258873109,13,0,6,20.10717170539151
30.268303918715798,40.46455602668997,4,3.0183912024751547,21.636388177109506,1.8473691693012304,1.1450878591225822,9.448764476084644,0.938167711441853,0.7686205942283479,5.064704050803923,13,5,1,13.343779629471982
26.364860725812377,58.29896944503572,3,5.1243323256931514,18.534820078472748,2.264848977989573,0.5283837495554733,2.4029164380147665,6.1087318997155124,4.923067546551728,12.876826662970615,19,0,10,18.229942368554465
36.65456966708027,35.48531950902829,1,6.209650962771923,18.057516106448805,3.0042925577456687,3.6534653214422743,3.8596900157807825,3.722052521238144,5.74957756311682,14.992570718822057,6,6,10,19.46099468912034
35.32127779000817,67.54091473568116,2,8.194807217006218,18.102561120722132,0.2736419399193166,0.4734386454943995,0.737153265337251,9.496474712140463,2.114723916219571,6.9030753450287765,18,4,11,17.39463106437844
18.904373402123788,63.031900835773534,5,7.613886651049474,20.445257627605297,3.420044036014926,1.042064375378513,8.416465357231944,5.1320570670204155,1.7037144268054285,14.016793167150226,21,4,6,21.853976014105655
18.52733948994504,54.441931452769936,1,9.879753209773703,19.36846556461838,3.1881029733696296,1.4229757879798421,3.3033351312257664,0.7226606886417397,3.880989257022867,14.78498161373419,5,6,10,19.492192874867545
25.52926733756099,61.28262128842447,2,0.08084676530010881,18.944026234800287,3.0977143276393644,0.019157061789990548,2.7944035481800937,6.360490831971792,3.8154846632544293,7.142972715427369,12,6,7,11.314641983614665
34.21106661563665,83.79447950814061,3,4.37489440863133,21.691956093709024,0.08793082693763354,1.5325221584365345,3.6402994322670414,7.793537025264985,0.6748082334252878,11.311697420354514,9,1,2,16.206947182271232
37.74552258629889,41.77765813866402,4,2.560444863761279,23.970570255679085,2.106075405641657,5.772786803783746,10.489566395672496,1.6050280940560246,5.560552708204711,9.554202541327891,21,0,11,18.40271292542625
21.008337822070565,31.353870702320833,5,1.198933871448734,19.06651922169322,0.21707348292974737,8.195231220959364,6.216222845673968,4.490573643443864,2.874336932226959,11.388517953057258,18,0,4,15.174410744854502
29.8826143070427,81.69989308194606,3,9.115153281671846,21.278528545283635,2.203490315389165,1.9342995940806984,1.8946167584063591,7.431969532378214,4.58649848814357,4.003985549695363,9,4,7,18.33483663786354
25.61781713262043,64.62702494327439,2,9.979620660956863,18.718365083999362,2.87379330502209,0.8087260384750028,9.293770647416144,0.20493615388880837,2.155906057101417,6.767357915542966,4,5,11,19.071187279262038
37.398287956292066,83.43950732771054,5,1.8059620790472364,23.605418646432835,0.48740100103369155,7.295141984358722,2.5014389475538237,0.28969796097377043,1.5692198517346525,2.8163745297907363,12,5,6,11.519973429276043
34.84237846271417,65.81671340479036,1,0.384333928013636,19.75053101142351,2.7795324219091544,0.08162711457216032,4.949713778274882,6.769120668828613,0.6676313765148134,9.97180977771262,16,0,11,12.2144363179003
34.76657409422276,78.60966539758215,6,2.7505444768050036,23.27003892026027,1.7981313839412287,7.341621020363812,6.816909830974341,7.251264983250967,1.6471122885777638,14.047053575735397,21,2,8,19.41279787063053
27.373863195899403,55.78040180130888,4,8.348619180663956,19.698458635502263,3.24621172271128,1.3111723586688129,7.01331497675652,8.458694373197217,5.960586873157778,9.28368219322153,22,3,6,21.38965605935011
26.296390046753302,74.99159587729613,2,2.9389008319931675,22.836314881120316,2.134355757521204,2.2828506211940347,0.8283853980872564,3.995998157926274,3.9477611032998827,2.9143110668937537,4,4,2,11.879245078083745
23.468141438614126,84.78248801339136,4,0.5690148049762156,19.256288000674637,1.344486143338595,1.2006991088802954,10.041653900436513,3.897766650455056,4.816693980255416,14.094906198688975,20,4,1,14.941681637070227
19.127509933018544,64.32737782333237,5,0.524921839530299,19.756736580920666,1.3279662536948345,2.4733815705139452,5.753169119254345,5.523679727296575,5.751054771320903,3.7285438384040246,21,0,5,12.172522225195364
35.29444752510106,40.84710903374277,6,4.274228023694365,19.154852192421803,3.589946080030336,7.981759384617949,11.871128396614711,7.573269550349312,0.4739481107755039,13.478238577516048,6,6,11,22.75221221909622
34.258020182601555,46.12785690181189,3,9.318257230616197,19.585559267097935,1.8114863383405293,1.3254410512507575,8.609308895371106,6.409921969382192,0.9881665544099616,11.284954194769803,19,5,10,21.652154298257543
37.99435346572261,41.918674613844345,4,2.8592044163963193,23.009194531999892,1.6230155887056839,9.941656322935339,11.910826851407018,3.2732330384385264,5.567794151965709,10.27278081853305,6,3,12,20.94749697677
37.93273674147811,44.81142165574397,1,4.271576807010438,21.834194985280185,0.15949448919166231,3.270977760977919,5.441702976781315,3.465472564358447,3.387322089959686,9.629018769124574,14,3,10,14.922254177341413
29.10863411205255,48.38492696106218,2,1.0193380538260854,20.435278013023343,1.4572984204616066,9.21968125508329,1.689376886888136,7.63004935567106,3.8090952324350633,3.7049397929389816,14,5,9,12.957217087969143
33.379748303610214,63.30802720519131,1,4.935727932689811,23.829126162492937,3.3985082197776992,1.9003307983554663,8.727712524355763,5.346466617616033,2.56580569431837,8.510968780871304,20,4,2,18.2005104591631
36.895314597648564,65.27949776782997,4,6.96547064285704,20.78916916277744,3.0439506261304365,1.8789751994440174,9.333123389797397,0.9797617557980942,4.886572408737185,4.557009498602814,22,4,7,18.459586255415914
34.99294781354823,55.58998483451167,6,2.711503611772196,23.81855982755311,0.883652811186399,5.653356830430738,10.23402321458995,1.529949541522898,3.103465291020504,9.43319033726502,0,4,9,16.79233460999538
22.94696203486395,66.92524678925012,3,2.9671130852868477,19.17952153746516,1.652226492854013,0.5060008490467793,3.6173883072757285,8.511903759383157,4.9567767499159805,7.815468677274367,11,2,4,14.332849222393387
27.01088270620187,34.89449553668196,3,8.419750254062713,23.427830562689696,0.7863187043269955,8.010028976355928,6.128207809383924,9.988034316984919,5.953119621474249,10.835782303263427,1,0,4,24.461663062929226
20.5831883030299,35.2672942234896,1,0.10363722347177085,18.08293322458497,3.8168672673388273,4.396152506680538,10.290066880324776,3.3568290574125492,3.880360705618574,14.772461388208727,17,2,10,16.451602820413026
37.08102054517445,40.30976762145951,5,6.36470708550097,21.271819214194544,2.3924715141421427,6.991964733528545,10.37683483934279,3.8670166155682537,3.1728815030081856,6.693200247004388,14,4,5,20.920032498477134
30.123492689017603,61.084649882420685,5,3.9388463494161696,20.53831436575209,3.0174191701941946,1.7463220349601938,0.3082061166736909,1.5448802478958623,2.19094712559136,10.017275452419518,6,3,6,14.508116788364479
22.572856110069253,42.839680721898816,6,2.98380513561469,21.150527072831878,2.855234598707116,6.423573507861904,8.051001408641898,2.3571308406042157,1.1681786548718855,13.23729004493674,8,0,12,18.09497028207224
31.434013688117133,46.99706420955464,3,6.5759383224387715,21.320668991686194,3.494757453560334,5.940706543516936,7.220248194849383,4.246298457758879,3.939946725333428,3.208046236161839,22,0,7,18.919048951951968
30.362564809157917,54.01877017037964,1,8.346685217897052,20.334188124406268,3.7973111141818374,7.5566125191794375,1.0000533283344701,2.8438964441076253,0.37582315018526535,12.4031987964768,21,5,9,20.3744210787819
25.163254360656808,78.7119674406228,1,5.583921163286737,23.989187081316572,0.1297846951028978,2.974012926509706,11.161632954143514,7.01424854590515,5.73772551200544,5.112524619493942,2,4,6,18.08399833165333
20.27115184399258,30.831728154771607,1,0.3109462194305601,23.859043141803756,3.9012047195998094,9.331655749715091,5.344467526110845,5.378494415041681,3.885331233025373,9.023588241680889,20,4,3,16.53808183304202
31.431463911855992,68.96272921419734,4,4.614011908255761,23.77047226022757,3.4821698524235183,9.61301069395732,8.091092521528864,8.222971282932438,5.756176639607677,14.889518700954792,9,4,2,23.722160286987044
28.406154018075867,70.13259186244112,6,4.627599408939731,23.87451028425953,1.5317896347923852,8.681236112213547,10.593573546037387,7.245249177190194,1.6336470617756544,14.79267702398738,1,4,6,22.955047033758124
33.44636783471279,77.9193468213982,5,5.437984948046078,22.758074392616393,3.348276970228282,5.720337661605418,1.5614528503666203,1.281006119604805,5.67909488370533,6.105369313260733,21,6,9,18.08895167666656
28.403270022239866,85.9651763436188,5,6.709589010435523,23.93154287415799,2.946231929323798,4.202882706613505,10.270117722056808,1.2338896557671875,3.672750853122583,3.712918430131566,11,6,3,17.58969784180721
35.043630006370805,31.20827093695739,4,0.19318403534340445,23.354161351650852,3.172457506758767,0.5799241856995485,8.691667556773883,8.95648638507457,4.861583796915734,14.196405477917626,6,4,4,16.916382314553086
29.03813677548971,39.22702233079297,2,5.020126243997504,20.495595822194527,0.8827641313562213,9.472278014609897,10.075107863485913,8.195112394477025,1.0735398162862198,13.615882654986049,4,6,3,20.99300827121037
29.218759430707728,83.17027764335958,4,5.883077693805907,22.708662650300447,2.5942548077426615,9.517813436983669,5.9380284620864465,4.679173231627089,3.0006622287469344,10.008414651086428,3,4,7,21.440104814850663
35.533072053166904,57.511113731220924,6,3.4335338641605198,23.472407070753754,0.10370357719716328,0.18688454979683855,0.4018182424529346,1.3036413477397257,3.413762196516818,2.4213350548878037,0,0,4,10.602093160381905
26.06965732424794,63.87543833600781,1,6.683652265904331,22.275636441522554,3.3929165302113953,3.568875466407201,8.046190124527582,8.985762906858053,2.357126548921433,11.766644213194608,14,2,12,21.432999542579687
20.680304569012815,69.78163222338884,4,2.2817771712917114,20.536694043393624,3.8041718899031562,8.800363682582619,4.494389141042095,2.3070055737593007,1.5193964113084792,4.091117772138218,8,3,6,15.10256384854734
18.57565352626678,70.74399626973823,1,3.173723330674516,18.39474145209855,2.6484937625411518,0.808520330396183,4.8289900123546055,0.3553477462965471,5.428648448998697,14.25927653210659,5,6,6,14.633947892768171
33.10274511347238,85.90442419899048,6,9.62755347424326,22.858181622363524,2.0506786127040084,1.9656637671020738,5.295146418076568,9.242395249874022,0.5103532896305141,7.656638907362042,13,4,9,21.50184936263029
30.406191027069294,89.81696504470017,6,3.480703708611401,23.71645723875882,2.9029243574522847,9.786773168195907,5.914915629381812,8.08935620723011,0.9239225466105334,9.99650290625356,1,3,5,20.562565239014457
32.08159536198447,73.20944765585642,3,3.4650088736574505,20.17477956137956,1.3054451528984679,8.472888121203486,7.943210790791243,6.934816923184483,1.9230631987908067,5.654039201873787,11,5,7,17.17646540022499
22.259283230178212,47.233272552309046,1,5.956806358231153,18.911436305933638,2.505551183250152,9.120634940837636,8.721308115022493,0.3403035735203508,5.5186200089823565,8.175986471338348,22,0,1,19.631591154644052
20.727429511735394,82.78514413766061,5,9.709753298600601,19.959023036823336,2.875891757225777,1.421544186553172,9.322107436339504,5.284311783927091,3.3852622218056294,11.810261541854844,5,3,8,22.598578391558963
18.29089331335764,32.9532548724457,4,9.830804459530004,21.495734149069477,0.5707231259247503,2.1131595896684496,8.059274293217658,6.536361550837712,2.239042150985735,8.39621531212564,12,0,2,20.913531420138185
25.011751176131938,43.86485117246977,6,5.796579636763161,19.901574019693417,0.5602720219863695,6.054165843517491,9.641753039048922,7.593472407820315,2.416069291304602,13.013565283096192,3,1,4,21.705616825824592
29.79835373709266,83.84314304782289,1,0.01087019804932532,21.663712381178122,2.8645527108572275,5.017382210026992,1.4657904946872136,4.710738847985237,5.026665554793379,11.26935666799445,21,2,10,14.304114420270086
25.844880901994646,45.3714908663613,2,9.006565507683996,23.801113393467784,1.7271299766619839,2.985033905470489,10.041811994374076,9.53349300081557,0.16067744753462776,3.0056744399591016,15,1,7,20.70453442305392
26.749498440474582,43.239063577304904,3,5.702379645770481,22.024406959846097,3.5568059938436,8.838462997372464,4.647349045913522,2.4478106097317456,0.06803434940633779,9.888860255840346,10,0,12,19.194591203566368
36.08317388987497,38.287517588414836,2,3.6599640828993585,20.17595619771373,1.2477555286273505,9.013886155355731,6.345320109167763,0.6973491736182236,0.27650817680963424,9.963792624584087,5,6,6,16.40258798672576
24.965109340466007,81.54670545881498,6,8.291951410159383,23.614517828829207,0.16972294899457818,2.9168401014661116,5.205352805938631,3.327662450086498,2.8152300037178293,6.951678581084078,4,5,4,19.724165240821726
28.279789783196215,60.00349555146521,2,3.9983245935020504,21.393811612206864,2.5995041169260786,1.5575314059193979,5.708606452898465,6.618048703067126,3.4874963676490496,6.195411058041728,0,1,8,15.200491562562075
33.67306025482286,70.49359218324929,2,0.3404450620026467,18.7702343911954,2.7369569064103225,1.4909242077031348,3.4251322214936804,7.371572042762721,3.746812863047782,2.817538722133966,18,0,12,10.898350529381469
25.930855646425403,44.34398304450178,3,8.210722230570187,20.993886031162567,2.214366435914841,4.8442519539193905,2.0394109295960727,7.384968971148089,4.386822746403718,7.8000342197012404,6,1,7,19.4159587050383
30.441734004557468,75.48242526067298,3,5.458594010197623,21.9218186694603,2.733330582778392,1.3291849540135292,1.2587367965192628,1.1067382762273392,1.1383427196187743,6.375753952068993,17,0,6,14.030780252646787
35.2472741749349,75.60033269772592,3,3.381435382241962,23.02952619490043,2.09501737789758,4.733402220952253,5.416786068816809,8.8508945462827,1.5737080569186894,14.363816525895261,9,2,5,19.072956929001187
36.990412473152844,48.75588149449801,3,2.5089237635385118,23.618860720245884,2.7705312643961824,4.619340728598575,1.503131958623264,2.8083370292288645,1.4610420957077979,10.764266963989567,9,5,5,14.621429763852536
20.941469618580758,54.640957980616975,2,5.937974594154256,19.90449680229831,0.17574962622077805,8.841102132056571,2.939861670575285,2.099111076632265,0.8950325886639601,7.980798337379882,16,2,11,15.988275903800576
36.53175250322989,42.581416645812055,5,2.0804954822510013,18.933074184474222,1.473589480884086,2.9621043980003705,1.6033906275139813,6.144574769376007,1.4663734584220596,11.809955748084507,23,2,7,14.02053371292481
27.842325861590766,88.59366139937426,5,3.238508865570032,18.442971853163293,0.8432676718147385,5.606524586409774,1.3094547789034783,2.118490744338335,3.681915868301039,12.124005288689842,6,0,11,15.79172382405156
23.164887765979167,68.73615462350469,3,6.365303094139836,22.4301276162497,0.39730455444650925,7.434998642840965,10.589533774173017,5.08038492855024,2.198469562297455,8.245926590468324,21,3,6,20.30786091130613
27.182715124765224,86.07263284293093,4,8.81544450405932,22.770949516292593,0.9363705446642876,5.959147950499064,8.088311436104211,4.070296965453738,4.6074746215835445,2.9848514269588473,20,1,4,20.780346449664567
37.60065150570954,48.20313261774799,1,5.328903283915988,20.456238761569,0.7652424721271527,9.54067844980137,11.085109342427014,2.3203426262851745,3.218512796058403,12.147164719230226,21,6,7,21.514180318945403
27.85236187985739,76.91345477981338,6,7.591063982990925,20.375552443041773,3.8925255534463887,6.022774804997701,7.728145898794932,2.92059632501678,1.2722350027007203,3.1736925562419644,0,1,5,18.719488192367653
24.575032205750162,75.95151863308452,4,7.630606037630418,23.72542218992779,1.1461836708738509,9.018621784701118,10.127412288406166,4.27407231360863,2.804292003500032,13.017588744566144,11,1,7,23.32985105333719
30.668017086334515,71.4993391119925,6,6.643539526593868,23.500087950481962,0.923835880588638,2.4505638925374296,6.663583071235678,3.461603463151982,3.5602128155320485,6.3440396039120115,16,5,7,18.545337048395854
22.802912375563864,87.93833851600803,4,2.458383376805177,19.399595411502258,3.3394980250759714,5.607527727794364,5.551560608102699,3.815757843715896,5.197169828572905,10.29713253756895,15,1,11,17.489047107805504
19.51726656217328,53.613320166378934,4,8.667885981502419,22.68484588649884,1.6764648690753559,5.433059265666545,6.341728812040764,7.354346215702385,5.002305600395983,11.625257887856673,19,2,2,23.372069022585592
20.577594438212984,37.843039415385434,5,4.362756556395665,21.73620237739764,1.6858617937972364,9.894521101400835,3.8427059337212994,1.6837991269233454,2.5588790130978936,2.457502049238008,14,3,12,15.115365568342506
20.56091677915545,70.30253155464365,1,0.4421074393570057,18.92533643471784,1.774361865520607,2.045063133991235,7.895668691925496,6.276185873324245,3.8860549145852943,6.999985975987579,18,1,4,12.5363818847205
21.038053870245886,73.75858802863237,4,2.4461267006952516,20.140626282519364,1.6661380244824584,1.4099339836597746,10.76609882004816,6.781577756478349,1.7868286779942444,9.853859103992123,19,3,10,16.50492109569767
20.776543452988204,64.50363440752888,3,7.655483540993158,19.064837647844897,1.3062618198353935,6.116720776304204,9.388241357853483,8.020870461767448,3.7980198566985854,13.025875214860232,16,0,4,22.399808385886864
30.817494896064293,42.40907358800378,6,0.6913333581748937,19.77093623293103,1.1453577702191593,2.2369214333206333,5.544000128847424,8.47327175309659,5.476754670175651,11.33100588134532,3,0,7,15.34004275895781
21.637601687982897,60.26735650016133,5,1.473644021549112,21.69180705464011,3.5278387059417646,6.391553456502899,11.44702902992377,1.5866554346711481,3.747256617981688,13.649835134716309,3,5,8,18.377229240559142
24.913345666477262,48.731384194147765,6,6.942268160417044,20.251592826260637,0.6468293845414248,9.724890885195508,11.825077129417316,1.3826076111800223,1.822631024501132,3.0753947250095024,2,1,11,18.9410265316157
35.935768198120236,55.64799169000135,3,8.926007897275404,20.364357119015143,0.724249411691757,9.465059953974576,5.917207316762404,6.14771013146609,3.8639005402229314,2.9336860286755506,7,4,1,20.811060351380686
27.479232805257446,68.71311455067983,3,6.337320050576368,21.237883755703137,2.2868764017001695,2.31103024643998,10.375678095753376,7.569165505829645,5.416528024997512,11.275824230087643,22,5,7,20.39512358060277
31.351154770420543,74.71288456145007,4,2.222910538295546,18.523344833050338,1.3746343186509402,1.7089634821214894,0.05724307413749852,2.7232643023968253,0.8222815846329834,7.180867132971608,8,2,11,11.75362970788639
21.446397424032597,43.933481454080585,3,0.5341376324954861,22.43278373909649,1.6861174593881088,5.607392871625457,0.7998671009600815,5.258472055731129,2.894681507372487,8.261206396262214,1,5,6,12.544260690038122
21.845780376173416,54.3195216388172,1,6.151265825503117,20.41025720048004,3.226186431562732,5.867772882231501,0.2686729071453353,7.72239430611771,1.92630569961465,9.856108462917291,18,1,10,17.7739734507879
18.81737232532958,46.14969425949775,3,0.47398577931163977,20.88238252921392,3.6145242415084216,6.622500713806502,9.277955968171455,7.675031082404543,1.4488047233603498,14.817239002715041,21,2,1,18.107131198543573
21.37870126144329,41.91789683171215,4,6.12722051941757,23.845798373127792,3.1622147182261884,7.414909259868084,0.9573493373188189,6.538201661137455,2.377253857794856,2.8731600219801443,17,1,8,17.96951181558276
23.57180678063917,77.0032331997503,6,2.2557994416109506,20.066201329909525,0.9397130531630062,6.009573106720042,0.2046065527701426,0.7878769593336499,2.3638082758868606,3.4156335625404046,15,2,5,10.601620825010036
21.540209685534936,84.55516166621955,3,9.046560624088297,21.88931361584355,3.919885158436201,1.117530037196628,1.7690252802631146,0.5064386027572398,1.2625979813593602,12.781072062988207,17,6,7,18.662414298558375
19.774050675141112,52.2139311410746,5,4.750926684873619,20.355025903774866,1.4527060032643835,7.901579705694478,3.6755374955825237,3.88445310049414,2.421750771066728,2.26681539503106,17,4,8,15.406322985632539
20.412717422012015,75.07673546242602,5,2.2393843330969565,23.365696312102067,0.676268244658452,0.7951718452462597,5.576408182769484,0.26687426479218956,3.802390921694524,7.855912929469253,11,4,7,12.029624954828357
27.215575360654515,83.81971736186466,5,8.531453165585916,23.080537601970235,1.9979868218721601,0.1999268621719208,0.7848394165934054,9.041443318547524,0.15439179122249858,12.063537765213868,1,5,11,19.50039575569906
22.12667436811585,80.7674526318139,6,2.5403539844750833,19.449745630574306,2.9011430785397887,7.6965819661187655,5.987786802611082,0.20144664754724206,5.935351275887904,4.53849467344321,20,0,12,15.837659153474446
25.28539722096151,40.96880331235356,2,3.0659907652487552,22.150474275665403,0.3330835252322961,5.483574244356758,2.9767375325352043,0.29612862141981555,1.7756659494834492,4.4311314698524695,0,5,12,12.100535143239304
28.068345417097138,87.37751289080168,5,8.342778990554557,18.391031975383243,2.537147658484191,6.985914185865233,3.292457941171467,1.6532737837146028,3.7418721870307645,6.033280476324839,22,1,10,19.571557038856202
31.807896572587307,52.600586425767744,5,3.0879202980059595,23.779112337179342,3.432311693706385,3.827473242075987,9.862827019774356,6.270151315855603,1.7012936709985462,3.950134405894282,15,4,12,17.452465655448716
18.78624279682198,50.35443967043018,2,4.101637692306373,20.093940648084946,1.0471259307683507,0.11092493524492486,11.84308291262806,5.415541405863561,2.361215265717102,10.821187098384575,16,4,1,15.630956446749792
33.98820797818085,33.74587963666682,6,3.4766567075886656,22.991056635508603,2.77249284870683,3.3101534913102535,5.5663683511394115,6.5948713655535105,3.295424854813203,4.601788169467071,0,5,6,16.692348428306936
30.558007789818156,59.17041924629298,5,1.1640031783037585,19.91058819646386,1.5996345198417625,6.081352329231427,3.861248341853957,8.935551411080013,3.6711150158186854,4.9491480075955785,20,1,11,15.555172723995236
19.635180638977438,36.54081693845572,4,0.38895812246826145,21.79662444718123,1.6565405725583267,2.2570307047010973,11.177378113914825,4.549456508116988,4.622747697120529,9.474156925193316,22,5,11,14.10815043633384
35.47157248213554,44.91238925564556,6,7.2454067406098135,23.90154475190599,1.1232561248356512,6.878043336329314,6.005381357595798,0.4387597588049841,4.750102889335494,14.575434019148572,2,6,11,21.37741408652287
36.417448010636264,49.01655730603689,5,6.451371239357206,23.260499178789782,2.4975751857595814,7.944010098919449,8.764242854168655,7.634966252114578,3.1122190747357252,13.880473440791036,22,5,12,24.424911978523916
19.221559197097275,78.52957940950104,5,2.8236606755205718,18.962195459429445,1.4439970121206183,4.542669983655592,4.964880371518605,8.119644627737703,0.4543545255825363,13.238457485149986,19,5,1,17.361571554919333
23.537552962944076,82.5293190237538,2,2.9559912498487853,21.28493059889683,3.323612013846313,8.757212980691676,2.4305829318979137,0.49888359886565814,3.346701353307224,8.902009833261669,15,1,4,15.928300806514013
34.12402559586123,48.14797904768818,4,9.450057830086813,20.09119069268814,3.8516216921981234,8.54816564569118,7.858621350811509,2.428492936374739,2.865481704416033,5.870773604174369,20,0,4,22.703398564984603
32.96519380767317,81.52188727467444,6,9.876711272334921,20.60603310988975,3.740350720163698,8.780579527918338,7.978111794440638,7.70596799331734,1.2923196435916688,11.17497331755245,13,4,8,25.84039034589935
21.690420387127546,81.43385624218746,3,4.734349032336935,20.01109877531261,0.6525134919719542,6.61037032656835,5.522206200947409,3.7615523854631183,0.060977231938734944,7.064504637129577,15,2,6,15.715475383841182
22.186986466734204,75.87905702309241,1,8.024517454814937,20.015755489173078,0.056761199979002086,3.0478899967357984,3.2393956209700363,4.726513984644189,1.8957958450843129,12.11281678460572,23,1,7,17.363855794376285
25.40944205582764,38.801706840910896,4,7.366858758693654,21.255319462659667,1.7538733644886308,4.8125128237157195,9.981761904752986,8.231757424782154,1.5569299324081585,2.2104893125050786,8,1,12,19.515328960683327
27.690459703820427,71.41937081404373,3,2.9731770951204695,19.151784054738915,2.9155348306887467,7.105106495310913,3.303817492626928,0.946195384091425,2.897461310101778,8.884020532568424,20,1,10,15.070077788150337
30.36509543060592,86.70144387483413,4,0.5856271052047834,21.224372551400187,3.909821073339844,2.1056365326257276,7.908287835201506,6.772843244653044,4.569609415506008,6.385556434965839,20,5,7,14.936111532262288
25.378272791395446,70.95242872602942,3,1.4255625713494002,19.673792623189804,3.1336892062884223,7.388435092545263,4.607827486712361,2.1498438675099916,2.634240066503177,5.237638375865124,1,5,7,14.815869243319565
27.25069432266296,49.89701094647003,3,8.382941170007634,19.7338974254508,2.3221972874681596,5.480886170930402,5.6697681352527525,0.626514310765165,5.709410520211482,10.603878889116897,12,1,10,19.6493597279453
32.94941876267513,60.03475904584988,4,7.312138199962811,22.432488174213738,0.10541164891818955,0.9601744028356329,2.5368319380056645,6.624978455910614,1.327879908664172,10.55885333694443,21,4,2,17.278099415890683
18.733664057811957,68.74350260106323,2,6.643348444622779,18.177561621359615,3.302162766029418,5.5728632700016725,7.793759345752383,1.214122529731223,1.325712249408915,2.481873313266734,4,2,6,16.56159633405376
23.048738886880415,60.634224523710216,4,1.3064883169664832,20.285674576042844,0.7085801357168444,0.6677613821248329,2.709910003430218,7.470072588025166,3.626697377032584,14.320085518206538,20,0,8,15.178377310735533
32.26699171769105,37.19717650385819,4,6.399306874505247,20.44520628092187,0.22242605674716165,0.14307285046622042,5.828568559291364,2.0270539125521725,5.377575562714641,6.704089469956757,19,3,8,15.80215984231185
35.904136753743984,48.72384267912124,3,7.721523314931154,20.910660838309035,3.4014353894170575,8.896276699072844,3.9415127177568805,0.4851202035785207,4.031145403654505,13.926301587186794,16,4,4,21.956579855171398
28.233548842313322,78.14376183321795,1,8.606017498602906,22.014066148377232,2.265003471488028,4.899161116044946,11.563268793415459,0.992974649924856,4.042069377332379,9.588359846211038,5,4,7,20.609558672006305
28.642269705306312,81.68508276573104,3,0.13231279193618217,20.21812069642252,0.5142063914417974,5.432896550403248,11.78665315072257,8.412702487459068,4.83771584665086,10.483676147354002,16,6,9,16.9208105634587
20.14344022679552,38.23800196293421,5,6.844751018784777,19.278822625838732,1.5461706526963246,2.799377716302669,9.041895688056524,3.709682163402742,4.012077256407464,14.48670251815973,1,3,8,20.492641273329248
26.948247336469095,87.14320514392347,4,0.19097655603204422,23.309237043277854,0.34216666890225333,5.427447194574935,11.807009938257268,3.0226664136741785,4.556086213338802,12.688564635657666,6,3,2,15.843604282066579
28.652345329100463,49.72935707091656,6,7.068728455434385,23.88623176008727,2.552043227711208,1.6886869214973277,1.362607713692857,4.9119881971252655,5.196764769658099,3.8204551303932295,16,1,11,17.9993345435025
22.849410072694592,69.7388243238432,4,6.356213647320049,18.120088159037596,1.1297090653706992,7.456457973845251,11.907895848161392,6.329325688500843,0.0474642453298042,2.0678725137133442,23,2,8,18.093693094412735
23.38486461898762,75.10950875740087,2,1.483478629189725,21.278801106004188,3.464376525461499,8.233491604038857,1.24267099645013,0.37102245313097026,5.313737462364964,6.011635944442817,7,4,3,12.825716075987584
25.545683262092453,78.716774078273,6,7.6612175134513025,20.05021427465519,1.4311841152787679,8.558757799192604,4.9854212841490515,8.981885134505315,1.2915862664302815,8.350988727039105,22,4,4,21.878124497415445
18.401423955554527,86.74498213355581,3,0.6834761818969115,19.661937452323254,1.978535452079671,1.0665271742793003,2.867370841853444,9.584813648203971,5.472632860699332,11.517948585124127,22,0,3,14.129813768782666
24.441583311663564,48.77517288172936,2,8.263987737446335,20.014238345219614,0.25409359002390053,5.577544003447929,11.446151560862294,4.1730681615486915,1.597099771685967,10.59362894484512,0,3,8,20.03829516032737
22.22896013993089,81.51038727309327,4,2.61929244848229,21.833266538557204,1.1023704665758793,8.087509698440329,7.629479217589697,4.126289025154567,2.731433636024012,6.067130228330999,18,3,4,16.084205419612054
24.54994704355829,37.901214206172426,3,6.88851862300665,19.144296061378768,2.7070690867623894,1.282164882123883,7.1655304058813005,8.785599212644716,5.603300218831569,9.045947859123636,4,4,11,20.158823157743605
20.395242636385024,72.30245438121557,3,9.236893410218702,23.4771642699477,2.9450510711105604,0.9952240817407665,11.96926205864792,4.2931179813744755,0.6584808762596168,10.462133108322059,4,3,1,20.384493098657693
35.8105456147979,74.51866377083915,5,3.3982702467344894,20.796687149636856,0.9712874200449346,8.169419986700209,7.349113246689047,8.561899348114633,4.471698770372611,8.678752626569437,22,1,9,19.956860366876437
29.871849071080973,70.66339447207923,5,5.028940779404191,19.95346099889597,2.0152803948828315,7.967360388912227,7.753918571232406,0.2833694448938806,2.354691832206476,10.956665848549,23,0,9,19.242362944583693
31.582046382889793,45.13888416810918,1,4.631180339504503,22.593187989285596,3.2701244208180205,4.486931369634679,0.5372915915611083,4.89650608767965,0.14460448247937974,8.307837301328362,21,4,1,15.563687266267424
33.783424772146766,82.3825888209122,5,1.5761134906286811,18.098079991417155,1.5196406435582213,1.0971116886006482,10.308607224402447,9.524290447723615,5.634798402088429,8.885905090786972,20,5,8,16.214987888240437
27.968843978581145,40.1315078022237,6,5.903120104907616,20.59111719442822,0.535085069427157,5.161231573169517,11.641073180905487,2.5280465873067257,0.7069731740103071,14.23007880636569,0,0,2,20.573896160861302
19.738405761748474,33.21808749124985,3,7.4300191852094795,20.131821606007378,1.727481558449877,3.9480320000466618,11.523733806284238,2.6615482045243146,4.644850625183258,7.059055659180662,9,5,7,19.27886614614152
28.742130836370954,73.04789943671473,5,9.168748289238192,20.029259459938405,2.402514661728125,5.185474310440127,2.6532673144568255,6.301229887126274,2.3056208808616034,11.824195304659632,9,6,1,21.763915847683315
29.736822360417584,58.52854291396402,1,8.508026016495128,20.0224281725435,0.029594112769518066,4.398952020255827,2.7109841276419093,9.26190883320967,4.863497569865238,6.350795100155738,21,1,6,18.585538127874145
32.908789483686604,80.94588119752056,4,5.100193797280317,18.187628266483603,1.3942700267229156,5.685144133908891,4.3925655025581385,1.9874224128964313,4.5017235887091855,6.314108960082484,2,0,10,16.06020081818657
26.63319092459359,53.00382846349554,6,7.190171545119348,18.91269841805304,2.4297432835806587,7.271297185132939,3.722520851010803,9.216510258507803,3.7993112526903987,14.046730759375976,11,5,12,23.98119423274825
20.551606055911275,40.09671531046277,5,8.007834133738928,18.851310955874485,3.8076478001786813,7.748599036508585,3.6673757687699466,6.630037441148806,5.635335102289054,11.08272957049445,11,3,11,22.416320436567183
23.67551811597449,80.18653154819219,3,4.9348871373834875,23.931663028917132,1.6341949299026588,6.489821982378441,7.262600605621095,9.930473142610541,0.593540884478033,14.07645774370843,6,4,11,21.378162038882614
25.2616459279727,62.9345778984043,4,1.1542756070426774,18.13299453534367,0.6518890619173052,1.989406150463927,9.667296082043396,7.364588464526308,4.791474771075958,14.929559006123831,15,0,10,16.043115560863434
30.918344826632023,41.3517475434213,3,4.379307638473708,19.00244193811199,2.136876391867413,3.971230256051191,11.241217928095201,6.678005407173057,4.024711689588502,2.0026411475272043,19,2,8,16.868220107031043
29.41556609337824,73.22303991518675,4,8.424780382015648,23.84504705195218,1.1430094443987215,0.7122402873572165,0.8143257429279882,8.149031719599662,1.8883244552304146,14.780953237371916,2,4,11,20.768078923828533
25.121934517956923,60.66681830937003,6,5.96641405393735,21.769539562860025,0.8591175972591358,4.516737280751714,3.3357417166093812,1.751403192902925,3.275833148310154,3.3113193558217415,6,0,6,14.69340346629122
37.730304975859596,66.25877893441918,3,7.24458377009339,20.704002723640386,2.361613036112248,9.703394127248512,3.0601652813154594,9.459856130333497,3.867766079662712,2.9153492391926408,21,4,9,20.89745126939526
30.115496387137743,57.65390029239491,5,1.8526802215258753,18.47256559827822,3.6635341373456236,6.417307075910107,4.289275962886046,1.6559550877606255,4.417628609881929,11.981527461822505,13,5,11,16.660636643060773
22.74453583471989,79.72253902908038,5,9.643377682110057,22.01796696979726,3.3408968173571436,1.546125146634969,5.092011157374852,0.25670369896454215,1.1223583233768297,6.552399808066576,3,0,1,19.353548348851934
20.035649452408073,79.77376294098299,1,4.040805294933094,18.826817926087607,0.7291701554763699,2.6857765977543258,4.67005766043626,6.978568411977422,0.6126811259414777,13.931555174500676,9,0,9,15.786449507282098
21.057182783686642,72.56332930946317,4,6.53635522717729,22.02711673295509,3.0635178333994255,0.645736463025468,11.425766512574398,1.8459542612883362,0.6123353473991542,9.078585396111027,23,3,3,18.321749664882766
22.919154567690164,36.32408264378773,1,0.18872254590605264,23.87505898320035,0.919474537493477,1.8241389015196596,5.24554867301263,7.5875317963188476,1.7632119715422092,7.0194513687674664,1,0,2,12.027902569551419
21.213627465191113,80.33123171424413,2,1.2731926225529133,21.191835951701716,1.1628050427728769,4.878416434777778,6.619110853018295,7.950389779823775,0.9250389243144637,2.9546858567122642,21,2,12,13.443340957735154
21.731340481026116,70.26077883197459,5,7.82034269884919,19.284507927015966,3.680206027533955,3.4485638142863273,8.98359936583088,2.3669924065539316,3.2138494378513744,8.04026607309715,15,3,8,19.200297568521655
23.70190337387694,71.82144996025798,4,9.679694455202547,21.75170250527759,3.6442006028550846,2.0396231730876666,8.701017563838258,0.8672033057521134,2.6222399520315323,5.612670542650157,2,2,10,19.119582852420887
21.467471905895096,51.7789704242323,6,3.2005535505547824,21.077578126747696,0.6745230581806494,1.4659841356285608,6.9955748003348255,5.008209662787998,5.358399381501691,2.99597031431658,14,5,5,13.886954701478418
35.935308492528506,82.7567733694204,1,0.37180734941264837,21.198841581663878,0.2567674236939257,6.56071116977206,10.32998428199028,8.902185105682909,4.30441490571947,10.715050887063917,7,2,1,16.740160102242257
19.604674913232845,73.52229601409144,6,3.608666019801375,20.86864167671998,1.172472412947795,5.581023768728511,7.490175707289934,8.47291101029379,1.2348732466569803,14.705379485470328,15,6,1,18.89006777576989
28.490227791405093,36.75542799175167,6,0.17468130279002625,22.042443445461334,2.327100239111074,8.42640312214868,10.497106168663194,1.1708245650026883,0.27436206221753956,6.925888310155089,10,1,2,14.990350131940302
26.20793653979323,54.46668206436976,6,1.9237309226246913,21.431672174442014,3.5075667112653046,1.8325288572775345,3.633189006990045,9.647832645185286,4.254935182813597,5.864443967737174,23,2,7,15.471271195219574
37.647572338172125,83.1828217176085,1,7.524720150537384,23.921970464726236,0.47534955560196446,8.479854599282461,1.5842841229600273,2.6394919538736805,5.074965320341753,3.169482474036612,10,0,2,16.7002152875961
20.240778043361047,32.83180210184274,2,9.370883981064962,22.955180526253912,1.6598340088100785,5.779111725598561,9.83424547859123,3.4939117702304054,4.205961723930166,4.900887874366025,10,4,9,20.631306502733118
25.95711198091483,87.68499717852296,1,0.8744908436888665,19.58819026626604,1.0869991468821025,2.662231939797156,4.590214895698912,1.4905024307213133,3.862766197972965,5.704639247379275,0,3,6,10.57642724977879
37.389408665507375,70.74975409917377,3,5.579007788105093,22.354539131429842,0.05971586894407066,2.735531405685112,7.813014859694883,3.7780296554264603,1.495890410840917,6.474282966868841,1,3,4,16.928580214735742
35.310142517879605,67.88255865860259,5,2.5388084612403192,19.28580209630841,3.1537850431719936,3.9038039014385237,8.847734357635119,6.356411063196799,2.967621007352236,10.241571627178303,19,3,12,19.018541710971856
34.341441418985596,46.23355538927949,1,1.3905912579392954,22.694078448488348,3.2531368526707087,4.601272166667942,3.9205257051269875,5.060782601178351,4.349770183575783,3.4933448148303623,0,4,4,14.072534900606106
23.158056540898798,44.92750732435063,1,2.189802298915575,18.88534583986405,0.8849162471012657,0.8250508473688267,6.061960662840469,8.275394850627851,1.160248636463197,2.7595108745013848,18,2,3,11.480322268406317
21.417751747801315,86.52349316931573,2,5.7776306749770745,20.841323001283428,0.604961000161472,8.41999165666328,10.739118181674048,6.413008112568218,2.8592612626637637,14.097563624798699,19,5,9,21.49598678719548
31.37286439848862,47.89634725404736,3,0.6513450144396105,22.74363718983645,0.5782434144887887,1.2154106932419406,10.557518822861663,2.6354447144930426,0.7021696249393279,12.389452993562507,9,6,2,13.700169554494218
36.587519782551716,76.53031780313997,1,4.342185961684175,19.68067621383939,1.8557887590571496,4.834598430298817,8.992284930153174,5.574380316168327,3.1843139105978286,5.616887129899633,18,1,9,16.709853108069606
29.135257860278596,53.58730789242475,5,1.3522785095516388,23.02271475078998,0.9859823497430793,3.8296823319092175,9.152874383322029,0.6419112588820963,3.4412237949756292,10.304298467668897,20,0,3,15.312542483792862
29.432253789397997,38.35524424708224,5,2.726770523944815,21.864904254203832,2.045422569954004,5.122870843119428,10.772213388975985,5.807905607444611,3.2123137828237374,9.702399637398774,10,5,4,19.198327540823367
23.599581873205683,30.642917861721536,1,1.907543297432639,20.385133974643296,1.539406948607359,8.87482517068172,8.835988647478993,3.896638295404685,2.8167877129389245,11.659137585933802,11,3,9,16.274453983227627
33.38985866383874,62.65544022091505,6,8.829754998308971,20.54050025583763,0.843561219603965,9.890883398561062,4.075024311641945,0.9839849205582762,3.5247237450376097,13.17082822332005,9,0,3,22.351694251999028
21.74087497115047,88.54672911293596,6,7.080113308712895,23.555949203519134,3.004767158229257,0.2027137268275836,1.4493921556802238,3.0746395299078166,5.980797126715068,6.650776654255625,6,2,6,17.8779396300053
24.473584728084873,52.14817162855227,3,8.684625789474705,19.306746000074277,0.601455561343291,3.9323943172519416,5.062609199696848,8.980869926009849,3.735218586799353,10.590815775429206,23,6,12,20.82576762172137
26.508728772328336,51.431540039582686,5,3.8346283454769248,22.16017569104826,3.1956092592817487,8.176105309172435,1.048120990244116,5.860379474301891,4.515406333839534,12.426531796082879,7,5,5,19.341253504241013
28.1522075736891,50.64549707096653,6,3.134133648536701,22.243765234449214,2.245785534761169,3.26602880261977,1.389249323889461,9.032648489430512,1.1527254072879578,11.090825963384223,10,6,6,17.648892872425606
22.848194648301604,61.232630238291506,5,3.8058719489776704,23.534698159101822,3.3281485707057765,6.490361759185217,11.402065114038834,4.108039869745675,3.180140431195656,13.987762650949236,17,1,5,21.10703438301347
20.29673649478407,56.43989300545761,3,0.18548195724407468,22.278985612544044,0.019036160279620074,9.922592037664606,8.110643527229877,9.78908599390088,0.04503232664643342,8.430936885341783,15,6,11,16.16306253915147
30.21240084883265,82.79487760362088,3,7.247042751485582,21.50680450835025,2.9967540761419316,6.467712888159438,10.219304405643589,3.600190534981904,0.18874651084632155,12.434327712837836,0,3,3,21.686141863333425
23.772611064805115,60.331247503409415,6,3.497724568950783,23.415135234097757,0.20606237300446129,1.1119137762326892,7.714790319281888,7.568046151455094,1.9348824363602781,13.826638171934693,5,6,2,18.85829585336488
29.624764428452245,60.465470291314126,1,3.133238035767917,22.97479217789039,3.800394876151283,8.429319569539857,5.022480340800853,3.0540308348005683,2.7996028662720462,9.241687373451086,16,2,10,18.072048684527925
21.087254305484045,38.302295683233396,4,5.981410653705329,22.300658729005356,2.81095795356214,9.666574372925297,0.30190538953899315,1.059905484499587,3.453821025744877,2.2248159256638456,21,5,9,16.13814078967364
27.62280203709635,88.96437245462316,2,4.362499117098164,18.195470294353047,1.280689162485432,7.125084212988676,11.470044443700449,8.330565967356204,5.328026203183845,12.634108792591082,12,1,4,21.043388235172333
28.651788651031715,44.99837345212978,4,9.808433682238984,20.241122509442167,1.2794019713829985,4.190680998430702,0.8511896646309749,7.625815268701597,4.630538185361992,12.99844162936723,22,5,10,22.468511774599207
19.03647073644854,34.40184404757616,4,3.5625304289880133,21.791338033211126,3.4459695188745005,9.484001753454244,7.321956792237991,8.206290338183035,1.799861756396686,7.1980585902108825,9,3,12,19.33460788537523
24.732085563878414,69.78877493851252,5,6.138958422079134,21.13350314614059,3.611360513810635,9.685720150491983,1.2264385407661846,2.99694531685612,4.460905056379913,4.97801495525314,9,2,6,18.70244406331844
20.688293538779483,65.72198220941236,3,3.116511006096517,19.915909958987065,3.566293124154975,9.351167434991574,3.4097721430748202,7.036616256009704,3.2963464978398,14.715940470246823,0,0,9,20.364258190292432
19.267499409455354,54.90873923956474,5,9.905949802106568,18.86654349305866,3.23496117026531,4.118190023100806,2.2298094875855368,2.19922847748565,4.675087721591822,9.17110657110794,6,5,5,20.542448523450815
37.7992046477989,55.33153403284068,6,4.451110347201281,21.31797949613353,3.2761280833454918,7.897076739688469,6.644602981906521,0.11311536261484623,2.4662975689071773,8.710335911627823,19,4,7,17.893403717835387
24.44707689949446,77.10383526278588,2,6.34128810866803,19.71550545517328,2.291071611510238,6.5417935903406,10.6449041414652,8.66488775635668,0.551359901988117,14.298965825103986,8,3,12,22.641845867049994
34.1974889170927,41.74275840597895,6,1.2672167095267706,19.398002938853978,0.11292421179627254,1.7970666588558681,7.627467693572593,5.23525487055993,3.710926615635425,7.305262459848068,10,1,5,14.028160419945571
23.092813095275275,79.21519913669339,1,7.3302421486365805,20.3937493623296,0.3470931282359797,5.35514901677154,7.970256234075127,9.836533374820885,3.3422253638648343,13.025767976920326,19,1,12,21.2702263902349
31.630054444478585,68.92482683370109,2,2.69210057875622,22.71294859928561,2.5982129976248003,7.47691009128637,10.907177954559632,3.850356949037468,5.721621189287141,11.108464100966696,1,4,9,18.89779576123226
33.20455719779373,55.13818642677146,5,4.486132528296719,20.927121014197873,1.604660641308108,8.959122759653095,8.993102735653263,9.568730069894704,0.9727808348804741,14.580299837609521,0,4,2,23.26391421590539
29.912774812156886,57.481716995032116,5,8.83133062327458,19.29895326299202,2.2692385233663446,8.625983704065534,10.391470036608393,6.150572634725594,3.9367976654664463,7.572462253167578,22,2,3,23.840282138608334
27.431523771003167,45.398832431165744,6,9.705525148851015,18.70141885368029,0.9243104904885149,1.546585001854821,4.996705102318384,5.122050718368634,2.844440764286257,13.799136548119016,11,4,5,21.350553112091287
26.23681828294537,75.1268599618185,5,4.24572101840357,20.9939235826488,2.597668694572768,4.880332464852108,10.384276053265442,3.0280960317974737,2.2735347361937643,9.395449323068148,6,3,2,18.326541743671758
24.977365330859904,60.772484538316064,5,8.348026679544999,22.766198390533408,0.9713181767733627,4.782686294607849,7.750336662790135,8.252763412727408,4.767405383731895,8.186394141513015,18,5,12,22.802675316201803
36.59058288495652,49.251272564990614,4,0.5334899454986075,21.916908141923642,1.843251191901416,8.987370618979222,1.6272933928960573,8.287947463711232,4.863901621580945,5.973626078893393,4,4,6,15.668315478706816
34.61238815575459,65.76300694565701,1,8.475740297902625,19.392893280859496,1.914879598364728,0.019373091368668494,0.46455010040479294,4.169295322035113,4.287603530090597,9.185074212135842,11,3,10,17.14349917093025
37.300538213330256,89.74406712307939,4,6.295103221526497,20.620239514136955,0.7106729193566368,7.387135376269276,2.9284129642294126,7.272931419439783,0.5016090044158237,9.443175297444293,13,0,3,18.958168054572592
20.485944469710894,56.11573677939323,5,4.88706168391602,23.131382180064413,3.5048309055505587,6.186415165462654,4.540195785920295,4.47237935778272,2.070664283932441,13.67908476809914,6,4,5,20.163796678483422
32.617349504072884,85.24148404671718,3,8.899637051372478,19.065935447117035,2.10328422509248,9.215714731765662,10.050814392970281,7.3965929446667635,0.28050111192713345,11.152807680696169,7,0,5,23.960438691942247
36.76680913642076,50.701010395473965,4,8.453372225064138,21.192483424097382,3.4671351117533837,4.56917350331738,8.89493468430356,9.94190156718625,2.062087131603481,12.744157552029284,13,6,10,25.064052102060014
21.6246613233132,33.283962415499154,5,2.96945095953572,20.137389052565048,1.0501427819836961,6.576722498755006,11.464508733683012,2.6249631376411164,3.8875066715289073,11.998690473248349,11,5,8,17.597130568284737
19.32992534733555,42.25452638210573,5,7.914883823447575,18.745078528977118,0.6893437818725623,9.727470304215423,6.710097584958072,6.34052457179731,3.112240631284398,5.59640519553875,8,1,9,20.720768071124446
32.82241298580118,55.12170859966105,1,0.994909336623726,18.29942352546539,0.07206659048051867,7.439037629159087,8.972899819295934,3.7987796510656335,4.217620944305108,4.675368345782298,9,5,4,12.861112912530132
29.489462263598238,43.17809571567414,6,8.227639354673702,21.33522830787477,0.37545863890602904,0.6738397412976738,3.303400622911497,5.483715636485033,3.3087707430702924,5.360257624386508,9,6,10,17.074596599637687
34.83657553516544,30.01362229309533,2,6.754556180232505,18.124493242442274,0.5898824195464476,1.6753355097267453,8.154934714743685,8.741472802966623,3.3348826586903346,3.9055325168793433,0,4,1,17.271653123646526
20.79544753252579,84.90009226485164,4,0.8786633093194274,18.62067670015761,0.31542224951187814,8.21451102959748,8.473814430435434,3.475758694446548,3.0657913133878667,7.017505005402016,21,1,5,14.032590767462278
33.905346237197804,80.63276467385575,4,6.830801734741354,20.085385686970447,3.58751718056875,3.3479554097365893,10.180983941034736,0.7238830214123637,2.1859521164801823,10.500709289500069,5,5,4,19.313335508135424
22.032546400954892,74.53753388921683,4,5.805192766763701,18.261121112134575,3.6457532317670553,7.059181105982749,6.436842130501005,7.989371852429591,2.6793892783129225,8.980707399967647,13,0,5,20.13158404754114
21.27311885731409,40.06887573876172,5,5.945501011450448,20.40267135871131,3.7494506891001755,6.998237333438279,7.788061771142124,5.550248552032347,0.6746264676838356,10.829786273429146,22,1,11,21.12547911414545
21.285315958619858,37.221814572599165,1,2.9086393512969853,18.782190145061346,3.839443346302675,9.937005233882049,2.436585721258786,4.494009471420669,5.007050702281218,6.629279894013917,8,0,9,15.986726581610961
34.29149440462764,34.05628496834299,5,2.6649720001284525,20.099238544200922,1.967340020079753,4.698727236363408,8.841109081517416,1.8333304689592755,5.335269830793649,4.668611225596679,22,2,8,14.453160114739179
31.303944413924,73.44175132637528,5,7.6253511205402,22.74695812254041,2.120098547299801,7.378323605059231,10.060940671681623,0.9285273170458452,4.5976248807653235,4.635855930229482,22,5,11,20.859858575108763
28.461308495382386,85.72847764127312,6,2.568134810172391,21.75818606685995,0.5233217142942097,0.48752877286102336,7.124852954236997,2.7873555962455363,3.5015160730058943,9.811213107187303,11,5,11,13.746558051972393
25.17660968247005,55.83214925478222,3,4.4626225180989865,20.672406466725054,0.5482081510082324,4.625910206930886,1.3880935484903785,7.189042633475521,3.4150754882876653,4.13583186688859,18,0,11,14.318772090414623
35.544010816262166,37.14844031976289,1,6.947889985987848,18.550999847130964,3.0910257546242703,1.8668154481713095,3.754288275743316,4.117709286401636,2.8219417740223203,7.163173239980589,19,2,8,16.28524364348918
25.84890214845271,60.743569243926395,4,0.7961625132743777,21.714897955888397,3.422916336566963,8.40571551713177,5.70617581213548,5.702275873856214,1.3880803895262288,4.766825656088575,21,1,8,14.696612794496051
34.33198878943154,50.92991444751781,2,5.945483826116572,18.9822579150543,3.1388577225243686,8.39908332016071,8.12594869683401,0.8204555366298083,2.3028229496703543,10.615885001476292,22,0,1,19.735818437005637
26.78269817140437,52.48949546099986,4,5.893763726481173,18.45951806316969,3.3383034599798123,2.3636442070569528,3.8439252943827054,1.2324304352941995,5.939434881744052,10.000470904136165,11,2,12,16.974816616515067
25.538888588498153,67.27983744934244,5,6.842287108880255,21.983976104757648,1.1062812617131992,3.1828515311646823,10.083492616069371,0.11305830893589386,0.8748180748996885,6.954624568108015,12,0,7,17.159181953192025
27.25359571339213,73.12308679573215,1,3.6992809530565864,23.472359386926044,1.8642631372749423,7.024777844603522,4.461477496384843,6.732844505490652,3.2560995593083275,3.673327753948567,2,3,4,14.921245579327604
24.02755748328284,36.63621593238965,1,4.489797740638397,20.763560620623135,1.836797533581548,7.38265923412267,0.5140361753635294,2.6445452248842005,5.1991547938890585,4.753618587806778,10,5,6,15.442190968337389
32.95218760352502,32.13541384838858,1,3.299693139446936,18.245975463648684,3.9811336125669206,6.576316021143738,9.52793300003802,9.66926585833162,2.7180100861236554,8.138717764430332,1,3,4,19.35454464429861
28.054407801849585,89.6598181611429,3,8.081682471887758,23.281786304511247,3.796712080463063,9.966946375261612,7.730678034132494,3.084558103271955,3.6336615934381133,14.637071517644205,17,1,12,25.610095942323806
22.644253902936345,43.96370093493311,4,1.3061076003613248,18.401842596741446,2.3939444257040243,8.68683211985112,9.62347793676837,3.6361803886601116,4.966758914466322,5.520071899554645,17,3,5,16.50671943393692
35.991491465491364,33.22983149450754,3,9.629539535753299,23.205079456209525,0.5518925325627735,4.170588807525225,4.186677759202722,4.694898314477096,3.2853681486261275,4.4854746397766005,23,5,5,19.801440731143153
25.67782442746423,41.392519745755195,6,6.348361559792174,20.350916239337586,1.0343841545227086,3.2697672154188364,0.21156230583174995,3.191407487921929,4.388814969085982,4.8688844371638265,8,4,1,15.288199311495323
28.871057222279774,32.33747078090785,2,8.869067243921759,20.192367231738537,1.4550462199269432,5.968497479960805,0.8850350838939351,8.174432218771624,2.0836342911928405,11.205808770183465,0,2,6,20.781723220543956
36.12944221929094,53.508653677030296,6,4.262314582647643,21.25678427673871,3.4928466387737185,8.176363358335038,1.3416093684099266,8.762068099979826,4.398139294713033,13.890894150141778,15,5,10,21.303130778567205
30.484759918279842,78.14410706707946,5,3.3227907039199667,23.742508904665314,0.6825298282535104,4.753434737365528,9.66177093786842,0.11036079208309513,0.24612789984815864,2.9772311109502434,0,5,8,13.824047021115973
20.337960814167282,50.47466698546324,3,9.007258101239835,23.39244327051587,0.8789876665124203,7.376926068316395,3.617217052321888,6.546616285613826,0.9173957683004454,11.740751040425838,20,4,5,21.048065719877762
36.796642472269504,56.651004412701994,3,0.9887302887630278,20.821980529828604,1.397538766679308,0.19160039506042392,11.974782113069553,6.860882798989821,3.8237770577970505,8.429886835573488,19,3,10,15.586002571675374
30.554161061428356,70.53520641404633,6,1.171072315052778,22.17493938614291,3.707640754613534,9.258401082981042,9.100660757962624,9.614248765980811,2.6937273080319653,12.727476067116994,23,1,12,21.7388056413479
24.698112293141723,60.53364420419281,5,2.9934677648467733,21.482575514060475,2.0152483631055484,7.738347275154524,7.213859437082782,3.7039919726798676,4.9700936817608605,7.479569196019884,4,4,6,17.78812880367304
20.785441453267744,81.68674116127946,1,9.597749817663185,22.160769474379006,2.587344146390138,3.941900867641329,11.803432943957098,1.9527996834769212,2.0518468567918138,2.067811271798303,16,5,5,18.83592429649363
33.88050378540592,81.9621405027454,5,6.3306860986510705,22.975964760372584,1.5488932202807137,3.840123255192921,3.7957102597982146,5.205810695421839,4.603249880552823,10.876352897484427,7,6,1,20.174128830186145
30.40145511857027,30.594641729469217,4,5.5419369661539815,18.206962973211564,0.7540884444338669,1.0288680774850534,1.9873868294540538,4.4755568457839,0.8346772035234176,12.503628609334982,5,1,5,14.780879226558703
28.66922183952643,76.68277838899195,6,7.053563363554206,19.954559123567385,0.8912021496339206,8.161537238825284,8.847275635815784,7.917314656040576,5.58087947335542,13.726274223991012,0,0,2,24.06653463386512
35.87785166101915,57.64401601450044,5,4.174745560781662,23.755974649403203,3.210684881263517,7.686295092571845,3.3370005454756995,9.039754412355403,2.5106360283805733,9.397666758235445,12,5,4,20.469249765034156
33.77194422449061,89.33043247821979,1,7.580735014207992,23.696017851149545,3.573928153279353,6.302497075356163,11.532443136801087,0.8670802763642993,1.3854111838402325,3.5866305161608927,17,4,2,20.185841026094398
21.033497594655024,58.99392455252611,5,3.932306979728776,18.067325339864777,1.9723026235725798,1.0145647214403453,11.856831747002051,8.465794786489088,4.734912322041855,6.807850374932225,3,0,8,16.9235117056919
24.234441355910967,89.21375672329785,3,8.263631848564646,19.208640779534196,1.427978109837026,2.623413656370708,11.116852740304246,9.089708782214917,5.68731697834791,12.195253186574455,14,4,7,23.581507841372684
22.969782796289316,75.27416167234419,2,2.6729508207650454,23.962620254066177,3.2313405461090494,4.589144732646183,11.337141154914537,9.241358782643573,5.508490371071816,8.427368552124191,13,6,9,19.95908489161771
32.87892585145354,44.91629307679838,3,2.7754665929802425,20.956950455396914,2.6923791003237114,2.6597194376422593,7.387857808996319,7.643098588512048,1.427633580003657,11.09017834634652,15,2,4,17.73558386560591
18.670648694715588,62.30369875721746,2,5.2238330542673515,21.437196023801114,0.1634959099425326,4.339739231529036,8.30542379482356,7.420825609040779,4.032046196416761,2.0609658836643874,4,1,5,15.496010175274508
29.39779369742633,89.52813836871496,5,4.307611583617351,18.998521113134714,1.4029635955312427,2.2595754063765225,1.1309538932723329,0.14896775002422924,3.2811479556257095,2.9490304165866648,0,0,9,12.013304059769828
33.24917371481381,81.45183646511542,4,6.4811584428469535,23.366013652551178,2.7286919129441674,3.496005038060167,9.156601916744266,9.201916224898284,4.350625015285617,10.855127039832256,22,6,9,22.902985345012063
35.53531273523499,35.842013627473264,5,3.6429075467357896,19.387585797894676,2.2947192811639088,6.522968835966276,2.424760356922733,3.5150521380877664,2.9215970914117944,5.772624452211081,3,3,2,15.69282436142694
24.841634974318147,72.38231980859976,1,2.305506490703668,19.13788578011722,3.9122692353848905,8.923610807796951,10.083912716452593,0.41121896617392295,2.8185789400145254,7.046426940202589,16,4,12,16.29015302298538
34.42514609344026,50.73477515224879,5,4.698085628829011,19.36873441992197,3.464461512901162,3.8503068123282524,11.538381847332017,4.129793101065179,5.296241075009652,10.347727853068395,5,5,11,20.556508137885082
20.212634739104146,30.418935712820886,2,5.609564994971462,23.51773021584605,0.23895362292504396,6.919082311607575,2.5485315499856798,7.3285263327054935,5.227538479681029,3.456188416758066,3,0,1,16.262173276394517
34.92904583469036,54.20885814161998,3,1.4260005382969043,22.217080243061094,2.9030760626894425,1.347930863825203,0.9363734112674558,4.419552016250963,4.725577951099476,12.825208618778023,6,6,3,14.220584498230913
20.54977324663965,44.085265303498275,4,5.567186257331653,22.61157836694165,1.3453064493219116,5.4081797785576144,5.806681671214678,7.580110894721658,4.229369289720804,3.877645382121404,0,6,10,18.150520495591834
25.945745811207345,79.1321562312283,5,3.192567052478968,20.262218149105514,2.7283308123437857,9.217042255545136,9.498592463379708,5.094094269112358,4.070199473566699,11.53267307266648,9,4,1,20.087673334141346
33.94590731559107,50.23983653074593,5,3.924518848685079,23.455062089583368,2.468898344365585,0.2793580445738342,9.247682039322275,2.9942714812695206,0.3370914353533663,5.8057677975714785,12,4,6,15.44370469463147
20.998348546975475,79.65142163722902,3,2.7931812906328126,22.736447714036338,2.0122010365873644,2.6755736172680855,8.361822067879011,2.0291234415353268,4.497217112112331,5.3796225597119225,8,4,8,13.539203128024278
22.58502790465283,30.035876330087717,4,9.314103277930599,22.503584175043926,3.41179821735822,1.3249353368014427,9.848351882816894,4.211032953536923,3.8286268788121447,12.676441086803377,13,0,4,22.861205684029077
32.445051367861325,48.469149001567146,6,6.833362812802139,23.82564170203771,2.8347594405726713,5.331214794964147,2.099860231141832,0.35803451713935175,1.8144683775062977,9.178622701293815,0,0,11,19.299244758093803
32.40073073092149,44.46991285846572,5,2.6246031140068338,20.19718098476009,3.558220458008026,6.796424640713253,7.823253094631352,4.2254390499840735,4.920608917072027,4.671471204673622,8,4,4,17.22679033933593
30.822952657705947,44.01404166411666,5,6.450313345519501,21.665841880775286,1.1264149964121972,0.5777919206310933,7.268151790771798,0.6862009676462433,4.9946824336519455,2.0331012618471327,5,3,11,15.578109934551621
31.878968889342,34.09119718592776,6,8.485724095820462,23.459578193863297,1.3925100983784082,0.7028442064055129,1.841180685116318,8.770047077407988,5.59314400352168,14.649453432197417,9,5,10,23.152127352495278
28.854488866951925,41.2274562246301,2,4.016302083327687,22.745333659115715,2.4878053992418754,8.696291927489053,4.973124847662572,5.754810318475125,2.5101482008001295,7.608020458593764,10,1,1,18.484892419179886
23.035981178139053,63.33297419313719,2,8.299575091561822,21.38027374935369,3.8658577494469433,4.562331485675083,10.230356631714569,6.460429629302596,3.307499814438315,7.166496333594219,6,6,9,22.093969758002125
24.913919870078388,47.48166437026467,1,1.5441494433999237,18.45728210868119,1.486328397348725,4.629515996386479,11.661621648577919,2.8886399044361033,5.435725500070327,2.6540896208322073,19,4,10,12.979306746798871
21.631954336028514,55.04368693974888,3,8.22781364866168,21.916340637334038,0.12917460026996475,9.445803949581169,7.985162130928222,2.2582107649954564,1.9008084016913331,13.627245101562515,21,3,8,21.674779583478905
36.169011226672566,52.61201282083131,4,5.402942426723664,21.159333341207113,1.7835518216878268,3.2020961026493175,11.063292503834933,7.079052491734066,4.779855824034068,3.827640047183378,11,1,3,18.427152580275095
29.66783589532241,82.55429549999369,5,2.2297448800998207,19.10508276890776,2.1757182501160925,8.970236470327904,1.584590767001008,6.715654830218243,5.951799642679832,6.360924250927506,21,4,3,17.077183515977772
26.017028335272798,84.31793994063094,5,4.071413845559114,23.293518740055585,3.203949634798173,9.742547445762636,11.700726307715367,1.2267845635396502,3.911613967911351,7.4743506348154005,11,6,10,20.22052221107314
27.240116072882653,59.577418299351606,1,9.879929924466168,20.05949156939246,2.9144019199865556,2.416941976504303,0.4020779901685616,2.386413831016708,5.902223867000703,12.531374734140869,13,1,4,20.468415424064705
36.94566679223631,49.80935701893627,5,7.835560166424261,20.324879361103783,3.8586507228733447,5.14038849212543,6.327111281653218,9.465757864702102,3.09487459023158,6.673066217829254,9,4,4,23.270813924271284
21.067028062321604,36.40804224014182,3,5.750863613851153,22.034409292778463,3.130731042225865,5.343561529002584,3.4920999536498294,3.0417742553154783,0.9183203331071534,8.909013050586571,15,0,2,18.33201768129743
29.724596640335946,87.20417276292571,1,1.1516391190452557,20.932792452247448,1.1945137482715307,8.661681117920638,9.766909281417712,0.2583151031938169,1.0535752837472527,7.57350910534045,21,4,4,14.183684562586166
28.11777357768932,33.61361669401785,3,4.1781158290150024,18.535686457674895,2.5655212439206787,3.039081363818216,2.6105235851701285,0.6378205082608179,4.3882468911573635,6.0539810366855935,3,4,2,13.94830332263477
30.22908470869296,47.85901665409683,1,2.630515140119373,20.32464970413141,2.6889647735862092,7.980424433534148,0.13836044079766552,7.754947969499334,0.005452599853083884,14.301940103816387,22,4,11,17.000397281389482
18.36220367641681,47.88397207020025,5,0.7100107950539025,18.5667967076294,3.9920820592820916,9.710073912780118,4.975313510834319,7.571556845655051,3.971327517307943,12.359398540744646,13,4,11,19.03670125955051
35.44247817888303,49.22407716841289,1,5.42204388719315,19.144502418740288,0.5549516449071104,8.403366527442993,0.7692959719973378,3.818272694338647,0.9076306644602017,4.266588479672367,1,3,7,14.11674613981033
36.64236564967224,39.85721059634456,2,8.89185699840876,18.043046630102722,0.7653020107618271,9.091402834567175,3.4811108302529887,1.5320077644443952,5.906211504517884,9.2111823535378,1,2,5,20.308436249421373
29.30266367178418,76.98968585542184,4,6.755998681741251,19.087878488907972,0.6220545760347558,7.083544391429696,7.7249723000003785,4.981052169182471,0.978765164726086,12.355281548072352,10,3,7,19.756937053363238
31.933016477537844,37.34987171795935,5,2.4968038798051118,19.982684123990165,2.3562404566638553,9.039557602771737,3.5364381193987917,3.3188865522046527,3.3147839698612316,9.537269644173197,10,3,6,16.303296515574072
36.449987623545915,68.09439954918977,6,5.735846069537891,21.229310602393767,0.5412042889360804,1.6485063535232736,2.949518727854792,3.7396834789717603,4.016674651375334,8.419130795947103,5,0,2,16.563613151822697
32.14477268626797,37.43076160234905,4,9.43234283346969,23.515663267096393,2.624030835618142,7.12361415041626,1.8659479568440749,2.609853540879632,4.916977113548436,2.9367721667183373,2,4,12,19.467971135904918
21.050780858285226,34.2321382555774,5,7.229150529229353,21.24196120345233,3.2150962034568753,7.318773549714761,1.6220672890142205,0.628579127094584,2.755582312708108,3.378866950584496,22,3,2,16.911063873651685
29.525767203336265,84.56577022115259,4,6.894738994067639,22.233621248186047,1.7311716968274418,4.391809464994206,6.31028847817703,7.911592768422003,5.602792547819096,5.1881139576088655,8,1,1,19.98544689666237
30.13430092765712,41.40772597912234,2,9.681581662275162,20.146062547834646,2.242740327557857,0.7973846735791212,8.178084275321657,6.182208248298526,2.8814782383927886,8.674156985532981,2,4,1,21.128059943954486
26.48261342604772,79.27500927358226,4,7.988733111840248,22.509784761403605,3.650888333165163,6.224437462608272,5.432798468827627,8.346351237695881,1.5123596407640048,14.834856899391102,0,0,5,25.1675596336906
32.728884712494455,62.67785226642815,1,1.3662354309875213,21.722812476308864,2.2782636703100048,0.5188080657048066,1.483237188574206,5.032019773835925,3.558211305095822,12.429460496998555,1,5,5,12.280841670666097
36.687340295380295,34.67139117652618,4,3.4763508697620136,20.75876407964917,0.8344222081394697,3.8240249615654953,7.773075594258315,9.849866391051034,3.9480334788027234,3.4306630060358847,14,5,7,16.03823427766109
36.51137025813553,87.32689148628404,5,9.65140700737686,19.162612769347355,1.3727751937734474,3.9367022897575166,6.685462779859658,9.625249094046053,3.044346858014371,11.324372118084977,10,0,1,22.629272694868547
27.016787428082644,44.81767001951355,6,4.897053941979978,19.821245447983795,2.119383213357874,9.989225084633329,4.575305463185364,2.7178348709654223,4.399092768733066,12.536127409245468,7,6,5,19.723039138588835
20.264760916815106,81.57872072115639,6,1.1163744532118536,21.72567652425453,0.6195907419583397,2.998020337291105,3.9605625255121626,3.8697692353459114,2.5240846624590647,7.385422618435737,15,1,2,12.752840389448613
37.69682397924669,40.12860034707385,3,4.586048796723419,20.556337946187437,2.450079341427477,8.204539379236886,2.197834693801704,7.527094129707596,0.026020942889417142,6.291919103894359,22,5,10,17.41565408500727
34.77796172891868,81.23657292851118,4,6.969932340708008,23.336319340494313,3.9969843675361028,0.531716852183538,1.7555935059774828,7.766034619777757,1.5872336273296312,9.599996352489544,16,0,1,18.46952759008826
20.493253624065336,30.79372877431764,6,9.975482216812411,19.40904162921351,2.6101398597638577,5.297659853858404,4.065260333624392,9.106991362402235,5.675431970247622,8.748996214589905,2,5,7,23.83983709752526
36.416837652347446,60.70682739416884,4,3.2390531656320185,18.438435913519633,1.4896445760577648,5.366916785560121,0.49957348924146316,6.526338336022535,4.579339519005373,5.4477768753597395,7,4,3,15.479121704688355
35.39792724124257,76.1665547652934,6,5.140868748792737,21.536091459032907,1.32698596672425,6.287498531944623,5.239528953615688,4.751209769132069,1.1372029454840553,7.1659117975782225,6,2,11,17.355427361934705
28.376761142521442,86.087731049567,4,8.796807046497939,23.316305041140456,3.7264132904291007,8.100052033899383,7.218887151419231,3.7765154965465264,0.39991795157133736,9.077687711763826,20,2,9,23.036251309794007
29.825508714898586,84.55212817238922,5,3.5526721805733352,20.188434176638733,3.4860571623146233,7.61923381723148,11.29985130351469,4.191785513970223,2.104781390703784,9.53901676149364,2,3,5,20.58911975455044
25.980054077402606,79.17749217285869,4,1.0926155659085723,21.88626800920899,1.8894344807950691,7.610081283323745,7.509937719332845,8.504051510573424,5.017811573520995,8.912743781293386,6,0,5,17.20944443236018
19.095232776440625,83.29148097967825,5,9.48935875001504,19.38847573306289,1.4136582580011368,4.322939343242869,7.488912562270798,9.800088436073946,0.6358764796291656,12.999397644133937,4,6,5,23.34006098797463
24.70394483291802,41.953181150224594,5,4.884408067135001,21.35083153003613,2.84185713438581,7.2747148246652635,4.4929776672432675,0.5190918491996499,3.260123227777778,2.412685517234977,0,4,9,14.98786010179671
34.05706897196023,47.051057742703726,3,5.0278371077197175,22.720752605175917,1.2580099022171312,4.9131571774912155,1.5998058753726108,5.802446630404407,1.650001470305345,6.328787845735864,4,1,10,16.59678650687292
18.092640460092056,47.33811149526351,6,6.212001446041821,23.202189592660105,0.47761292901016184,0.6695117834500219,5.363251839070107,5.2005397206100845,4.357530134035318,11.747836980006623,2,1,1,18.471434763836857
24.669983433822885,52.62323586010193,1,0.03536623703224606,18.63071477911438,1.2406088492061054,8.90181782611727,7.184115828810167,3.761422748480503,0.002461895024320926,10.473173841190917,17,4,5,13.311603534757845
25.963373871818867,53.59924022311132,5,9.311311755688491,20.13824709775947,1.7371839284688075,8.901633061387603,8.688403159869647,8.515764430261742,1.6630447620889475,13.937466179364193,18,4,10,25.63058749177965
28.74791205875846,62.67331947928053,6,3.614510847745417,21.837866651615222,1.0216455039308325,3.2287876465513934,9.91304128674517,5.75743016894921,4.07550218684107,9.64427337365063,9,1,6,18.55297014639886
36.39711232825521,39.59278580198648,2,3.9693186238434865,18.208337208561915,0.8672549033508918,9.139026192809402,3.071137104817458,3.1311606223352797,3.280503072097919,10.295961780691737,3,0,9,15.783255082189454
24.926919887319226,71.47479982715936,4,1.7410924753323498,22.14369120090496,0.024560650658790983,7.579840385050814,2.8946409027346496,4.441040383371002,4.6731937595087745,11.164313081596005,12,5,3,15.058002132200784
24.939064037924553,40.05399235827039,2,3.7815161329246108,21.168203296822963,2.5233711256161864,4.0080123086202315,6.783598357254217,3.5680355738388823,0.9460556006432306,4.42060778864115,0,3,1,14.505170102775667
32.75002496219497,48.61850892627285,4,8.03943530776052,19.73139767532016,2.4577957692644756,3.315055984252535,6.792182197613152,4.300856077161117,3.1858532094395278,11.792172152925046,3,3,12,21.372129218765476
27.044358817796144,60.20070783636925,3,7.999916725555348,22.887926703564304,0.7521009510829129,9.75142699386101,2.6153735604332917,0.7126579034395464,1.1746187427184818,5.8985653010330275,8,3,11,18.283762537176123
22.49209645879964,77.78643369140863,5,9.357968408954529,19.74030427377465,3.774600287244737,7.126269631113109,7.049703724215277,1.119158162169217,3.8353208358880275,7.518515340853325,16,4,11,21.151073719822506
27.04879032265387,74.36815399432363,1,4.032294726807958,23.94849027722282,1.6382836072190323,3.788099547712002,4.150546199692739,6.236916833036098,0.7880551550102388,2.182084520444016,10,1,8,14.244797230043941
20.817140407595996,68.73206138463134,5,7.087215037485843,22.898221134680043,0.10191773430522622,6.419838879808051,7.671779026543595,6.840683773964384,0.8921628639947128,12.96635710408588,6,6,9,21.90557561827285
21.527739730124466,39.34639563481021,4,5.072375552075571,22.247883008298526,0.8790876690593743,5.715261990373689,3.4925365640664197,6.366204152669645,1.9692314497675911,14.395407623632346,23,6,12,19.478800603127993
27.967355454789594,62.82272073693466,1,8.04022789519131,18.368085347775875,2.7682699370847788,5.245400227039607,7.107501504858917,7.630753973972057,2.411438544436984,2.782482365402286,6,1,11,18.889737038970374
26.378508990090957,35.24679010799313,5,7.1254200913299695,23.42586223192364,0.8064795952423811,6.4470189881184385,9.219720494843077,9.435340214777405,2.9913579031043236,10.257602337011479,12,1,6,22.441684481832777
36.296918021362,52.641790607799045,1,3.6790292528627564,22.740331834425305,0.21564983550422445,5.376263221803619,11.761905308423255,8.606183068926551,3.4842412200422492,14.490122790055336,18,5,5,20.971077503178797
25.24787798233266,54.81099181739755,4,3.366738342536925,19.374150475750813,2.4708248855786916,6.5479035368638066,10.932816677661087,4.185095793712435,2.8128829188832913,9.889710247377657,16,1,12,18.168510626668702
29.61176700556087,32.38868636674523,3,2.524424630279676,20.353489087961336,2.073419162376732,9.07568562223639,6.042464967929428,2.1754313692127534,0.2738323327076517,12.373362833444975,17,1,8,16.921687509290216
30.645285758390607,46.439285968198305,3,5.765157904886378,19.611789309714858,3.0450633443938138,9.93264968145272,5.860188999811417,3.118522116012513,2.0607622615127776,3.5356742028398123,12,2,12,18.55858508358382
18.261889131766672,87.33896803598935,5,9.638428515938596,23.9064962050864,3.090525554176567,7.092868733480133,5.252400071228985,5.877414879452921,0.36829167280118624,5.183047047211576,16,5,6,22.461968871045883
31.270747440334212,87.21795646978137,2,2.00066737617566,23.125178668833357,3.8397410151509153,9.278208017504326,0.33300717586366124,8.562083344575669,0.7085026462119621,6.49455312697642,17,4,6,16.056338936333027
21.560719337395028,51.13962325515236,4,0.9525245490432521,23.581351816170617,0.22807017607415503,8.58410253882954,1.9914539698351401,7.0172412350754705,0.556941406568346,14.755166445519926,20,6,9,16.8566271687932
37.2214063493891,32.58600653689945,5,1.1940064207631362,22.73264541825258,0.15595767927291337,2.9503739798127917,0.7102690596486694,5.430131047690676,0.9485732227113284,12.163113614742683,19,5,9,13.21626525855006
20.973254555062258,40.745696359690896,5,7.8309867625014995,20.738089446421483,3.948788192110643,9.329079830430356,8.35626101730385,6.018783595600344,4.877523200139356,13.51361730343032,1,4,1,25.81967400046951
26.292482474540474,53.53306760601241,3,3.501048042845637,19.23260549888811,2.5793915107878154,0.7080900005262147,4.958815802617986,5.282612137283044,3.7654343798236196,8.331993455905803,18,2,12,15.170046149216294
19.706993361572877,86.86678187815379,1,2.2436682769237972,19.248480941458403,2.8614821586702854,3.2992182104354484,0.7652385367849148,9.716275113296298,3.0406854605191103,11.318469631033894,14,3,2,15.253780777833661
37.93748503691894,38.471943812231096,4,3.5284411837350005,18.91009709020006,0.3859280789406738,6.399449351048,8.286900931846441,8.160914522555604,4.393545076470407,11.510344257278446,8,0,1,18.398794568026204
28.04390020662485,75.81095062009274,1,6.453308128295218,21.279897301820384,0.27925076339334787,5.26915445895142,7.733230353935326,7.812772154011487,5.767342656224852,9.395999790986565,13,5,2,19.17512748768355
29.907700346400876,36.52095236248152,6,5.4678712482828375,23.519799137181856,0.641014375743084,5.424123928293626,8.639553968285966,5.17328986863732,2.506050871671608,13.413598959156745,18,4,3,21.25235324372627
19.34152954776855,88.87545464347662,6,7.43589406521226,23.9507884202746,1.7087824111898784,7.94888329801248,7.19800941313883,3.3180945756954126,2.2044716555118935,4.057265937453854,7,4,2,19.941862966578622
32.99920940798356,52.8969899465481,4,3.390741484817763,19.72379880022059,0.44070473093190277,1.9470368228619228,1.938474719367409,0.19514094337760524,5.866641384027839,2.747755968246501,11,2,6,11.383061095893432
22.198111861911716,76.51407233394336,2,4.520285734646854,22.183887241780376,1.7853349617633119,9.820755099674587,0.7367075729060257,0.43430024359719877,4.627982192160822,5.952734443961306,16,4,4,15.326152766614216
35.96108578881427,50.555464968667906,6,1.019683689629235,21.582588093662267,2.246143612405347,4.374582272971706,9.805691642724447,0.30237925162444834,4.6626673580881,3.147533537743902,11,4,5,13.517219222839973
22.102792809640142,67.66013262952852,3,0.7305864603278145,20.93361670125787,0.001331871540431795,9.498432648055953,2.5897079875903923,9.804767667777254,3.5996537701319276,2.7841101145207827,14,3,10,13.841890683788451
21.81375441327333,41.52096508440221,2,4.622552428441004,21.994611862872247,0.4569825231679099,3.8311586449683266,6.510350885690196,1.1448233846789047,3.0420505737677352,7.448167359619026,4,2,9,14.37176184307454
18.730993356961896,38.761261157817756,5,3.0159660744592354,20.228178113880414,1.500780767071515,6.0178666885163565,5.822604176786246,1.4211885297580806,3.3035502614906087,4.606573900988892,1,5,2,14.269018685561218
27.441338902199984,86.28384837408788,6,6.128005721361308,23.666908650560696,0.21331917078720064,4.503114713231361,11.05263048523817,4.841499874581,3.9125103041502687,12.271917462654093,19,4,3,20.55117701985943
29.29682266525233,85.058836674266,3,0.43002165444571916,22.23269320623802,0.5341158932485603,6.7593516385197026,6.62927713025158,4.814011668931589,2.261036103071354,9.53719701755167,17,1,10,14.399046759045264
19.31417278856705,83.24813641277294,5,1.2176637759956543,22.525206551954668,0.9271855618238178,1.836247293841865,6.960202624645808,9.199737672850691,4.693768587454771,6.6877070556732825,2,2,1,14.373184316869262
33.51055233390021,67.52600700999561,2,8.651908111063952,19.454532570036445,1.7184056566705879,4.006285328404849,3.834060404589753,0.7353273167292307,5.455325661557753,5.725073843502406,4,3,2,17.708843599318016
27.065776694960554,78.49609267297669,4,5.663116215191045,19.011492020985717,2.8593487917468368,0.6838112210743141,11.504336421223934,9.572391651566987,3.4277021169942437,9.320796039183458,1,5,1,19.547654077410108
28.4878053865516,34.14221621468249,5,7.120545336912272,20.366044758565938,0.5307544473033836,5.981014169900135,7.348485788870816,2.163902383410089,2.288853737545759,7.642027283878798,8,0,9,19.10124385675406
26.81525493876456,50.087342513440746,1,8.419721187072957,22.600034912016923,2.951834287637329,9.626816985891228,0.0597646030950969,9.701538093048331,4.173538709256597,2.7245573430851477,23,4,3,19.7900709234622
26.01526121750652,48.822187485429374,4,4.638343429500522,23.632775458517145,3.420242918868883,0.4590651515738575,6.67298716481956,5.413240988026158,1.0929873250833426,10.647477945374233,4,1,3,18.13853173180003
29.19280662616436,68.1387193171568,4,7.610603839674761,20.563978955844046,2.6059150675409333,6.596300245015665,4.3663846596624145,6.5201274593103005,5.811435889368878,8.49684864040275,16,1,7,21.262602050898963
21.10480491861425,51.35746640823843,2,5.245855790735243,22.644940754982997,0.17490278171119122,7.750979636376597,0.38534645158598657,3.1572877266064725,3.9479241278879753,5.599694735296033,20,0,1,15.351357538234751
21.63856260990542,38.91040689862085,2,2.2274877027370388,20.822445716800857,1.7626147477097653,2.1310842417762887,5.178597426085013,6.118239510995952,0.405412338518766,5.7753963459700275,19,2,9,12.85773161120364
35.235712420270346,65.78802452481261,3,3.376561688009395,19.77136949733278,2.6402640065339993,2.7307429336854705,9.282797860543557,7.108297798993978,3.1785004291106853,7.886199712638051,14,3,7,16.944470995447947
36.922309242672654,78.86303524014488,3,4.903504410556608,22.435590904355088,3.9140525384292495,2.0158108624003535,6.045473495476349,0.10370167292305554,4.502044495553104,12.75870200672325,12,4,9,17.872935407455305
25.46618632559506,52.92740966759839,1,3.1688555217227075,22.789212803887963,3.8072335522769696,2.9741263667630746,7.673509033679936,0.3422842518170399,1.6670755504694328,7.4996575440907085,8,4,8,15.041059437964805
23.414893462871078,37.9361229059089,4,3.3552769134989835,19.217044764484083,1.582812617759675,1.1008255919337417,7.676897588643804,9.864770119382992,0.30593724178374115,12.914550810554974,1,5,5,17.340812968854923
30.879990864780314,41.80129183876939,1,3.373928312487664,19.831017012271985,2.4637242889003703,3.7034787128542233,8.052231629801122,4.575571048928154,2.9349746273996384,7.523221776013866,22,4,12,15.471578785014195
26.17468342196193,44.24899831016304,1,1.2283997885710418,20.968661060841974,3.5632605894463403,3.6892919531439485,4.651154334822905,9.358175254365547,5.0017466607918735,12.788871156225355,1,1,3,16.84383242733194
18.507727113206897,47.99385557967217,2,0.8464260721225136,19.11913097860126,3.324184989504786,8.072674566054088,4.44005806868214,7.2989761681666865,1.5092062343482693,14.109889534396586,10,2,11,16.80567151178117
21.12305194732381,68.56770423037855,1,0.46496039691304336,23.573005792522757,1.917687336450999,8.009583156007183,0.05501437614330307,3.7296830796738534,4.3020786826266475,2.267460421641318,2,0,9,12.05529240412301
32.31944457694795,66.05672907226314,1,1.1095626103433676,21.54800347536449,1.0449653235664935,7.967233633093648,1.850669526347053,1.5084200465852982,2.4467440964894056,2.809255358891037,2,2,5,11.649979266223413
31.178478838203027,71.76479169402235,5,3.43707092135618,18.727219664230155,0.5483997871953319,5.670359132189303,11.40972255337862,9.781517330502119,0.3577923488292576,3.742250844694864,9,3,9,17.83224184593623
18.541919850069668,51.75011907189079,3,5.938718057830571,19.104179188094772,1.9519206203330368,3.2588068686633456,10.109000589458518,5.8449625709838715,1.8237782988595783,3.587566231759139,23,3,3,17.586464166049385
22.43944323865899,79.4398591127987,3,1.8814692720940895,23.726132071949067,2.8913835013731566,4.109645164004338,3.301301248678836,1.923566233684999,1.8834144316094805,7.908212483766415,1,6,6,13.171247297043903
22.62149593176143,42.245259669345614,4,8.88008846002638,22.42901151417971,3.8790788528650637,3.177435047620818,4.814303387109399,6.8165298029474695,5.427985752682878,11.932442930083745,0,0,2,23.1478778387295
31.43785487197457,58.14244485108924,3,8.083824312394494,22.406430507029917,3.4472596192923555,5.819279049807213,11.279055880615596,0.9204850983033785,5.8904889726266125,14.49726939716609,5,1,3,23.606000744360884
18.394210755087283,78.05632329248581,6,5.205271128091637,18.434991564030327,0.8169638209926466,9.379791213136663,3.005333754642926,8.680372797401596,1.2586067778467118,7.431150581581241,5,5,2,18.956683055067092
20.082171639691477,40.80951886395715,4,7.242098308133599,23.371793026253684,2.8791125072898796,2.844967840557142,6.390395631467159,0.9013734725533895,2.583077076022736,10.950254775332642,10,0,12,18.927885693121706
33.99832170746379,36.59178682444698,5,3.6632852469875843,20.662412175351626,1.1564050154337218,4.588518176461297,0.26495740866485473,2.3619435829116897,5.860220724005011,10.261589853589332,15,5,2,15.297296893329053
21.570893241086672,83.02103806127938,3,0.367777927330899,21.958303935839556,2.7338903777343857,6.551169301393402,7.436818036233679,0.9143080542737536,2.4436089603432576,7.111385950213951,0,3,5,13.204319984300726
31.054922157037495,50.57577976555176,5,9.0433284753254,23.758135314684083,2.6632218418430904,8.446949117955828,11.160883178092739,1.037872168494658,2.0950265881881522,11.37460574574345,4,1,10,23.832726085770652
22.76365562093453,71.03220749454192,3,1.27793488257822,18.600074282139342,1.0897224117021658,2.5333392064096483,10.616920618080266,5.238341536591826,0.6592890748961397,9.695364083665588,9,2,4,14.29649540457907
19.988827855186905,31.52091625583631,3,9.479373463796515,20.89365875691947,0.9375544808691458,2.802899509803906,6.023630647530399,6.869898025593923,4.519707007471798,11.879213774788713,20,3,11,21.818236901210312
22.86344381998908,71.40281330456698,5,5.7188258826611005,18.29767641997159,0.41575105035570337,8.851655322559361,7.795703667325991,7.884817833459535,2.6820333520582036,4.517433146399514,22,1,4,18.41491526128994
32.44533863711318,48.96607869281823,1,3.0556306102142994,20.997272539942294,0.2021585472185068,0.8025811998580301,6.837578328159426,6.950552896020934,3.831977712404413,6.683528008508039,5,1,8,14.220140137884425
35.11392936212572,33.34445121524651,1,4.955246233118446,19.513556462925425,3.433804235425884,6.054476059672126,0.8036909298501063,3.6348981203607087,3.0591406358701123,10.725884879183281,10,4,6,17.316301104166705
34.604397291339836,66.58876569288702,1,5.016298089230942,23.466393175643223,0.1993975785401667,8.604554160959871,1.9046818425209504,5.572877870470531,1.0472228315701304,3.622445012667925,15,2,10,14.898034034737172
25.943670592369095,44.448228964390395,6,0.23287079442581904,20.39095496563852,0.3549646661004564,9.217427503515333,11.565807777237117,9.276640744282306,1.0582187738987483,12.015168383858501,19,1,2,17.895497390685122
31.361702731412922,53.2084345231128,1,3.5545985188413862,21.803234676312474,0.9554081414727995,0.1268725423286876,3.0716243624600787,3.8757661575405566,5.638537951950781,3.734717039590797,12,0,1,11.546166574719532
22.09968590831642,34.83484873719082,3,7.398657995429174,23.161723588887295,3.5506333138491044,3.6966597749418426,4.613390593156792,2.524043690281237,5.337114877015481,6.2179039634446625,11,5,5,19.17742369062729
23.862954605220267,38.82979506569672,2,5.10069188950708,23.90215115050306,1.3317614416887653,2.5726478612104664,6.107331695454086,5.193193555609204,3.663804029935137,5.087872753354153,17,6,7,16.53241624680881
35.9267163704224,47.87863412975062,5,2.442301170095842,21.022916221971276,0.7671982298263686,5.680325887747232,11.749585552720099,2.97335211842098,0.007465516220909629,2.7928123010227646,12,2,5,13.092509276808768
18.26003847021472,35.385570033609426,2,3.35109860036944,20.734546217168734,2.8622219831803806,6.3286227681362925,8.279922074757318,2.618170519618759,2.5997738447533916,5.518538879575887,4,2,12,14.919161698945572
19.71017061708936,84.64957588117892,6,8.63054393115949,18.45443787177875,1.2762790194747429,9.997744776055287,7.555181972764383,7.788033012532631,3.182568031350855,13.84964572068855,12,6,4,25.566678539681625
22.157725102920544,30.362822591038704,2,5.255496701502295,18.07643366002329,1.333466552304785,5.127624968989256,6.2927996692903125,8.908358573975358,2.6966268444301846,2.3500724103340973,12,3,5,15.888662997984522
18.530644077476396,59.031613131858684,4,5.283521225512359,21.652812554990977,2.955906383754144,5.514668787372697,8.408092975134686,5.023166827489517,5.5526966795642485,2.218776099249329,18,2,11,18.34995444798821
21.628708701795947,37.394847487953086,1,9.6146745905101,18.392786112885876,1.0066112624332235,4.143135078056419,7.96819068634016,7.797828819673583,0.24519504875129328,11.155469022887019,18,2,10,21.07048903284901
29.66083121939384,48.46074536867691,6,3.2088139903664334,20.28227362223084,3.5870401908225023,1.4767723783857567,10.834090707131786,1.8708942619724123,3.9295710396168992,6.769308894699223,12,4,8,16.55256358650581
26.428491011849957,85.56357358909594,3,4.7954112510622835,18.021638616638768,2.245686711993381,3.0332464028059847,6.502023664375471,5.476430130358478,1.8830183919154857,4.986634025372718,10,2,5,15.957015428464528
35.8534342215395,39.70167319643921,1,8.11713597720834,21.691364993794025,2.151326844689656,2.4698491771103184,5.058031058285877,6.361999427056659,3.356862334791953,8.61533796578445,15,5,9,19.428734281539622
34.34887123476882,87.94993918309996,1,7.589122488870297,20.552490962642977,1.0590089402648384,8.01219691348342,9.685944336766456,4.90664167816772,3.935504060946136,5.46678198035778,22,5,10,19.66729739792997
24.83634703395752,42.3476626193653,2,2.6579942192867256,18.762124618717728,3.3403773605197027,5.458164215523124,9.59740001624182,1.1688021634819623,2.6449278903696123,7.09623299292665,13,5,7,15.461277855688223
23.188468668625852,74.49396650800978,4,1.5109104760538583,19.778205641044934,2.2909982034860055,2.9619363021534206,2.0380372561450497,7.341002318190774,0.8902463036294126,11.29937305301023,9,1,11,14.130917909541855
25.59384816334534,62.8006358938387,1,7.007045761873682,21.417964193831548,0.6220661916209038,4.890929028935033,2.841503974277468,8.390781771894993,3.1142287781304123,3.519791838279513,1,6,11,17.90417187381198
29.805898850296153,83.06872365580554,5,2.5765617680719477,21.94028020805986,0.8251929489790504,2.188648830954155,11.503659135596468,6.352262549814589,5.597736995793534,14.475530703496334,7,6,2,18.841191921773014
23.361272816457525,63.23959533018785,5,9.226758285242411,20.77401527798068,1.8730236352825744,1.8512715057321794,5.329314460588617,1.6916100161682734,3.215281073347871,2.5528728954976976,22,0,9,17.545691902397003
30.482978156982682,62.07355314937852,1,1.2924769398922609,22.823754696545677,3.1185672896655543,8.599422372418859,6.2359283583742755,0.7455243984854298,0.7376390257943801,12.48498561926697,7,6,2,16.329026797826792
26.18823304382481,41.72748002210399,2,3.183152001347765,18.674642470217915,3.7571810944678408,9.44810854466139,3.7219214949577175,3.016039081744789,4.944978148001292,11.419685521368335,21,5,6,18.67372492276508
29.040943617039606,39.97376172309952,2,0.5478724692491377,18.507274335674445,2.653994521507787,0.8001460782698788,5.772852274768242,0.3699011185041945,1.3304693229776563,5.667164502658453,20,4,8,10.301260698172257
26.722530582706334,84.98934906693086,3,7.033053068633781,18.26546561410685,2.0245729982331926,7.648827071864205,8.92027928634787,8.392190104529337,2.2213018553652697,3.538197070179341,19,4,2,20.448559393892257
23.889315190838353,49.67029193100204,6,8.912626489153983,21.214967036696653,1.0029279100480988,4.533115364272902,5.788141169564103,7.030604400702092,2.572542755548863,13.08087419652523,13,4,6,22.564472057042245
36.96906613924313,52.324935297773756,6,6.3587452733100704,22.23739022540675,2.6914718418229984,3.8897164130825335,3.7774161595039826,5.636886610006293,2.0381954836425233,10.834951143420136,23,4,5,20.429799489891362
33.27211588319521,75.5894195057033,6,9.377530155114837,18.78312839653518,3.9289590234140293,6.89411309547821,1.1520120527325184,8.896325034837318,2.4267104237655626,5.7814559059546005,13,3,7,21.430262051634752
20.802263515329052,50.32940894536844,4,1.2850397850120965,21.833673731132354,1.90488990215694,2.6625368533436564,11.139138246451093,1.100934997700711,4.7728837654839795,2.2200792317135543,17,6,10,12.872020983851943
35.36935951795826,87.12374679834016,2,0.8773392726269891,20.861686597137208,0.6485675155595816,0.20581226283587384,10.459893873622747,7.144597498760332,1.3401540594270658,14.2003744507846,14,4,5,15.424733113579771
27.748623964990273,74.27566613992802,3,8.384127311673709,23.92406700090669,0.4133623258167143,2.1400284782001497,9.496379320196667,1.4663220693317502,2.822511357856688,7.255291163979504,21,3,3,18.810500189949973
35.891044537881825,65.8457545544052,5,8.555111753865077,22.30484165559847,1.0770247303959257,1.8492507670916891,8.328851566110782,0.6092542676868484,0.12005139102378992,4.29146901086086,15,3,6,17.723202324357523
33.99710511894631,82.85370963268514,6,8.31039527107128,21.944840011149754,2.277768076084974,0.3404938155356252,6.186118613407001,1.329045073713655,3.045995515829107,13.853841289463967,13,2,7,20.879841717115713
26.50427008938467,32.97635450096897,5,7.989649025337457,21.422698409234066,3.7872212043653155,3.2131541602632128,10.768761433469404,9.509400907086178,0.6701318666753306,6.667268376583458,9,0,1,22.179729611822268
18.44938616640235,45.423761531352525,5,3.622283639386602,23.984197089298224,1.1966603322565867,4.745185335141398,9.500418153564599,4.404333846580391,1.6934156534088585,8.022271332968765,21,2,8,16.877853314593807
23.37354718769892,57.9021800532546,1,2.1746208359138777,23.882755025127466,1.2215646854864177,7.358286970505784,9.792130101893552,0.48995696222835283,1.9492403658907478,11.082042623990896,20,3,8,16.11962694510322
28.83268429321734,43.61871236829126,4,9.2880401999779,21.22869075296713,1.9247186364487696,3.2566132549259685,3.7146056759935977,5.836346482548337,0.4941157538514602,12.652444751447097,1,2,4,20.27567355500651
30.669564396522944,74.63431123812911,3,3.0700018284833397,20.73110008400557,3.6741693403967552,1.945402656577434,5.08149928082878,1.9971406613256448,2.1633969804788142,3.302310733705123,4,1,8,12.318259646163312
23.157753708664046,85.15248186322351,4,3.984076821640322,20.772689536210514,1.6762202023563568,2.306197692536054,8.481627169479102,0.0683641025976689,2.988344411793231,13.682760752569433,2,6,3,16.19473811084363
20.78712148145648,55.426207195855405,1,6.995589594516332,20.570054341940192,0.8929175674437326,8.911770791617146,4.452747638493046,7.583857944440096,2.586572527964649,14.123016335605985,22,4,5,21.06063842363065
34.69860473598598,50.527956006713694,3,2.933560799939876,21.188389841977934,0.6525236599270854,2.0472040641736875,5.9276958393057715,1.5486307891986417,1.6825518876572334,5.370506446633554,6,4,3,12.40313370404657
37.68804361407104,87.69304392825399,3,8.191302215610012,19.641505606886223,1.8280614770899266,8.792406675165104,7.758155612461481,9.42486472359876,1.7691297642590291,8.466043219245401,23,6,2,24.082058393309772
28.513803646053717,56.69114596965245,2,0.7003462363178126,23.560732698686557,3.2027097429205984,4.470989954877954,5.253100819011372,5.927998687865728,3.8014982123028105,13.152379344761583,11,6,5,16.1908006693631
21.43358571696607,59.342904026956994,4,7.911826673889345,20.94138048877161,1.1654096188975585,9.344004323485265,9.516475285954678,0.869958225406402,4.310375288261486,8.335528314293331,9,3,8,21.20390714674205
23.44614653038738,51.09899234051432,4,6.018513226178042,23.052046871031656,2.0500905569225716,4.080921363046986,1.3953460666141795,2.178244286721628,3.4591839113327003,8.265669428433405,10,2,9,15.793340046303591
18.367813530949334,84.57290838072831,2,5.729936441135929,20.85182204800572,2.4120330896901963,1.7768293380581734,8.616678117384208,6.108446372598441,5.857128244151544,10.040801468040604,16,6,5,18.541662031207565
36.28597613120998,64.13732899691104,5,4.583770391386607,22.309741643461457,1.8018816466315895,5.490299292113376,1.7425207273353354,3.381127280484769,5.669244379566122,11.976711065058883,3,1,3,18.707176766629132
20.355021657802823,75.73047523089868,1,2.770455962834224,20.02129178685948,0.7667609654131575,5.8770660284906775,11.254075859142311,5.32143051049093,0.5908137289336215,10.65302601534415,5,1,12,16.05719559798807
29.53032951028507,78.70840310105318,4,4.640702854312366,21.748841146399563,3.6869827117394216,6.354893032732697,3.768452168339505,7.995120465963701,1.5682464297001684,10.145366344783273,6,5,3,19.32660686708579
23.48110441374412,50.510942515035495,2,4.500285120186874,20.990228672705516,2.261796940937936,4.114967184695272,9.545188332473654,7.926015082375532,5.21036467722465,6.831727346456873,4,1,8,17.346045391639592
29.083560050315867,56.0216598792228,3,5.8375418878306995,20.20268553920166,2.916537535655542,0.48601340794495185,6.257003737304112,6.9798680398306265,0.177981085074302,10.190958173181652,5,3,3,17.326369865221775
31.028407767037287,80.90830646437587,6,2.8157428585553026,23.28933756640801,2.5441720217517316,6.2671992294951195,1.0930447990544896,8.860543061299861,3.5531829997517352,3.3425473496929174,16,5,9,16.856356074628426
34.594836074144034,51.79532110054862,2,0.7759558197614902,18.676270096493454,3.9921920869102947,9.330301542669718,6.991042252693195,1.9936069157789627,5.7269972383843974,7.32425551904834,13,2,10,15.69639618029507
22.128425435212066,77.63610800711108,6,1.4508944663913825,20.92153888991466,1.825240537754624,9.575586285057302,10.946132842590838,1.7724148855101418,4.072306048740955,4.448566676289245,10,1,1,16.190371402623917
18.21991657316961,86.45953935446622,5,6.9917743146157285,19.16621443959682,1.6998894931963737,5.968853678610147,1.8868128532548472,7.993495162534305,0.5515998716025465,8.988381942741942,4,1,1,18.50939973486004
20.737712601376145,67.39262238408043,1,0.22492329635540487,23.16633054730555,1.440559464360025,0.19887017954431818,3.8556833923299805,3.208893462278156,4.486906385761488,5.406587440848546,1,2,5,9.615753488795992
36.0003728369621,74.49763724711333,6,8.564430446454299,19.520816068293982,1.4465138373610507,1.0603848084881229,5.269904051492882,5.121824131124479,2.2589079806625465,8.577152683786771,13,2,4,19.932608492839886
35.47780155125031,78.3058387224681,5,6.943973274799133,21.800582040670932,1.103080842868947,8.339905257694427,3.3006367600878446,7.4395214871954565,5.529201686629123,12.1052254132687,15,4,3,22.183617510921913
29.948262043406167,80.70237893379854,6,7.6808654130771625,18.993381090512123,3.922520500586188,8.297444376533422,11.325353696836332,3.959323592943478,1.7178977133382207,7.641905029244807,1,0,1,22.5479706315773
30.010337208673068,53.70320027140776,3,8.359844490934748,20.42948201682502,3.4831281372076477,9.46015605268362,4.530003177701587,1.3016230019421338,2.8393922071594275,4.843472619010391,16,0,7,20.611460664539763
31.30073349092511,33.07580755055989,3,1.2271044393018116,23.396143173896185,1.2666920198288647,5.637744228668131,7.896744701828144,6.794572017872916,4.479643093276637,4.898761768212657,15,1,1,15.150372817872915
21.507425572468993,54.11257627420437,3,8.224510909700664,18.99638666641164,1.2209161785993423,8.63816294468439,2.687001172440791,8.171593868479574,1.5452398261926434,13.781307826574928,8,2,6,21.874840848872218
36.2882389184992,70.42537378704539,3,5.046424376590563,21.979174952090037,0.4141359487402192,8.248869256818773,2.636471249779779,0.1279728358086918,1.0906940846228244,12.15176194012428,19,4,10,16.917518982516118
26.375410497841465,57.02102314684757,2,8.855238387531971,19.22706222333573,3.5081234420379714,5.894208062071002,2.1101920272472694,5.6255211619774474,0.01624885021934852,2.4754446791884295,19,3,2,18.56942496764748
25.66277056498995,74.93778905162392,3,8.865866010603435,20.494494315192995,1.4870642033064243,7.8363755336705365,5.21774716232068,4.694050923975636,2.9277709573096953,14.255396507358828,8,0,4,22.813760635325337
28.37835410565675,51.41894576811983,3,0.2417804375417021,21.243701306247594,2.290461568580511,1.2571054451247143,6.394298427480647,2.5959600652729087,5.571704831936651,3.4633474337927987,4,5,8,10.75100843366725
18.9393193355011,68.08464846624177,2,3.828652154835389,21.463838509138487,3.6015109155237246,6.392027568801203,0.12897798901898128,1.610285671199282,1.6889230630857344,10.488251007886713,3,0,3,15.44960098073602
21.32566737512159,41.185188291238475,3,5.263987958652734,21.615068025318934,1.6324025938968227,9.534509563371941,9.995081131357374,1.8803731129111023,0.2602711744503601,9.169540060506861,6,2,9,18.079390255834603
32.760672328527406,74.96216619869742,5,6.78360089782902,21.84078849234553,3.227472173691367,1.6195749843940777,6.153046710373186,7.24973184224711,3.7225876926885837,2.606747021862328,4,6,5,17.899195421443743
19.65597335850253,62.74175812878155,5,2.8618624668413393,19.630612186042786,1.7211425049950284,7.440426818000011,1.8865190809971843,5.361951341436198,0.3370194865163567,5.837252578530695,23,3,6,14.604972644644278
30.063042189327764,42.24386331279604,4,2.5214226066465226,20.408204914302956,2.8037637560710107,3.207857973433846,0.8075197500358651,9.811543813349457,3.0414734068402174,12.086096846622425,2,0,2,16.899376454201484
22.90698219362642,47.51467040986844,5,3.812657190890473,18.223911981450385,1.7247376287687244,8.1710392371783,0.7583915655519364,2.432307982521534,2.289178246264488,5.98943792601004,7,6,1,14.815474585923674
25.785912280839533,74.91652251490994,1,5.0093869174989445,22.61254185918825,1.5710365382187703,6.972109337056676,3.091721842302348,9.569041767877467,2.8525431224621283,8.244321119517544,15,4,5,18.55137626338081
23.773874735413997,58.95607413969124,1,9.511462314054134,23.022597010733413,3.962836958247632,9.261742576066235,5.9915057756517465,5.151095593383736,0.9758417182325663,11.073357052594284,5,0,1,24.221288223862416
25.113454329298982,42.96188642358433,1,7.621084666974375,19.19542058091327,2.4493993680143,7.119354196938953,10.32287443203598,1.4602637764899762,0.5412112835091354,2.9304469703484934,8,2,4,17.757537108040832
32.380918103684905,88.03627142221785,2,4.293211669377053,19.20866378777809,1.469564726491917,4.103105949628616,10.835585122690842,1.4817904269929316,4.493945266491025,12.823874275367343,21,2,8,18.363925181899926
23.9424343124635,72.90750118901327,5,0.5436617844018377,18.252218413142526,1.0312779083472714,0.10892534490325789,9.987935039752847,6.0856799049015775,1.474000560357496,2.5405553376807917,19,5,12,11.304344698988963
29.328092805937942,87.42808995238777,1,1.6852059214375936,23.822302936754923,0.1590654809184655,7.929168967708282,3.942761617448684,8.314227466318924,4.802544572593497,5.411036830025024,17,5,2,15.227549701675962
27.521008043981993,55.62630272162059,4,4.55924424319417,22.843119408703373,2.826265360994908,4.084649666554055,3.678693020473192,7.477115252535143,4.550683692241179,11.919874453172968,10,3,6,18.97383788859864
31.273423307252962,58.506020441503225,2,8.138259000987043,20.16421921743619,1.488629712781048,6.706340948348597,11.849500141859972,6.5562734263559985,1.190273224285749,13.854376972061235,18,0,12,23.030554367087593
36.73659478649516,83.87731297110115,4,3.8069553567734395,20.89144962881895,3.2850166551150592,1.0506648124841877,8.175367559849507,1.7210806248823884,5.449743026490792,11.884468297607846,6,3,10,17.244569508726755
32.651441944205004,61.50296041472308,5,5.3849665074505975,19.751801763905213,1.4554738424892748,8.90968635897655,3.6594232950905012,1.0834000577093894,0.9676775485385827,4.950991664378988,9,6,5,17.216182888378086
22.298807571815136,72.43673471434002,3,8.918048860851021,21.583463809932507,1.493316769700121,4.356577974065051,3.9489618278976417,0.002480237084775405,4.78287449120818,14.814409670148287,4,0,1,21.13610999377881
18.623662701225694,45.1303726497318,4,9.13796259426629,22.30385047400105,3.1167240256270246,9.196917338086818,5.2157332717283635,1.017938612339362,2.523202324369712,7.373344957236278,6,1,8,20.875461209333995
23.2452808859965,56.80358812215843,3,2.157749964426894,20.684210867951233,1.957866627010615,7.07017433794491,7.46168037389805,7.6636660748338405,1.0980978941349726,6.893865743447258,22,0,5,16.171882718889545
29.901558614005097,37.406991948621304,2,0.4359492179259439,23.24156515974974,3.5395790824055715,1.2146226209805322,10.775749919660147,8.952484159890377,5.628667899888983,13.248061494125869,5,2,9,17.50767301881584
19.028516269685007,42.3588021526177,4,3.0541053097151494,21.10215517331286,2.360543026818208,5.791966134076993,2.379685436356911,2.403504588554185,5.779544918402991,2.860716693496485,17,2,2,13.331936862458944
27.927324944024726,30.056604916057864,4,6.958023148257801,18.865519614466866,0.962579254057506,9.099344479417873,1.012840772213551,7.948942404500859,3.068237470825145,9.22905857478753,20,1,6,20.42508548585733
29.936856978337786,32.35590309891961,6,9.511122009762666,21.73374825502585,2.273087417200134,7.999705598834313,4.869025487450791,1.9884876560798104,2.8150471057607978,14.553136077729837,14,0,7,23.212065724907454
24.684877816339217,88.63702939061577,2,0.7703199998411392,20.773385795446814,0.01600670373880808,4.1798040757625,2.945465791326919,2.4927168335820147,5.405050396709026,3.3016943666714327,9,0,1,10.235354075211836
33.41824407491644,44.54122170820574,2,0.28483810549271515,23.614031178490354,1.2495894988748768,9.55064397253907,6.912392081269241,2.2415809439220267,3.5768200656521065,9.031037664444263,5,2,10,15.034056595517429
20.131965062675437,69.79864257024012,1,8.841472129857218,20.351363525615483,0.8318093619912426,2.685761808015268,8.390578045769058,0.517299090491713,1.59623173970802,3.7219360211079797,23,1,4,16.52291110131885
19.502755634716173,80.3459819279767,5,7.481452691031412,20.417194434900622,2.6167514224117387,3.751077033183158,3.728831444609159,1.9406126810016477,2.551183541127685,13.569713525054812,0,2,2,19.696083201409316
32.563775124072066,63.039627554193856,4,9.922485791555752,21.90464033868966,0.5441543339992201,7.497141732867983,8.225415466343863,3.735433446073093,5.015934470852482,9.640729025704001,9,6,7,23.917219660546046
27.90982632412397,39.18867000503737,4,3.9679288146565317,21.161917309958568,1.1603897870458924,2.3290455721551604,4.11776705829368,4.054697153882901,5.157379844128566,5.049843989573271,22,1,3,14.392627650143343
31.768047928554722,73.68698624016999,2,4.1605090513676934,20.24669926523061,1.3252342172935814,5.15374469959548,7.619617675995145,3.0946641389316243,5.63551682088908,5.991559171817053,14,2,9,16.51952635706202
26.696546772074925,66.01508460597498,2,1.7231183729744959,23.938646494080537,0.013172915455539336,7.287891901041544,7.596729680968798,5.147252856438669,1.7295653230653816,8.716202652754525,13,4,8,15.340911005201539
22.928040664782138,73.8750353608425,5,1.1584715259733847,19.8131130599965,0.1870662730113346,6.439677661423481,3.337916441059725,3.7799823249982345,4.079716541806263,11.429525377469323,15,0,12,14.434284140254766
34.38204635348399,76.18479737142523,2,5.7871801059023795,19.66517275191017,1.2445045119100908,1.5536991412096823,7.6286730205224424,9.703646461740853,0.4103328740072898,8.337424735098768,4,3,10,18.28649479384161
33.98831757937958,88.5246220610847,3,3.6428500129483252,23.18656577113262,0.8894258127676489,6.2966031612783455,4.57146114868387,8.073504543312648,4.3554159331605105,4.4604572697886775,13,4,7,16.624701871647147
31.893929417088536,64.4137968016026,3,0.8031644794524506,18.020237661303334,0.4676269544606222,5.727105288051072,4.037459332327983,9.309773459429218,3.3791981402744793,11.20570581889408,15,2,8,15.21706281396897
23.44290274459925,50.498466761436106,6,8.869870695233198,19.207518965429447,0.6166466254158318,5.578448250391125,3.4714529647979115,5.574269462127032,1.4985965585375032,3.538728504018242,13,1,1,17.994391169336126
29.804613337381742,68.90787341401423,3,1.9835646824933306,21.542680129571856,3.342147845520345,8.260471865372462,4.147743121611468,6.783396287213074,3.927791491522999,12.522294887288464,6,3,10,18.65782433745703
25.219477938800537,34.10644255455757,3,7.485843470035328,18.97470316706799,2.7332783020508105,1.8389602252501391,9.440938704733775,1.6667637510119437,0.8110926125203566,7.142801519766491,18,1,12,16.176862501552055
19.831641466532684,83.84383909929518,5,2.8222859611811115,23.91482353634153,1.9364701240065991,7.515659870434474,2.9421457700702063,7.527857572371326,2.002837780408596,10.485237608414161,3,5,6,17.610916209934786
36.34627150924486,37.16286068029181,4,8.129048307527992,20.785173734529785,3.6354991049477303,7.609260177350818,8.183848861755717,2.3597111116527336,2.405481592763712,6.481101999935673,17,1,7,21.537738178970578
20.736372618379228,49.670570273149096,3,1.1839684142765405,21.584184449763306,0.11821116376647423,7.226454395808684,10.807447019770802,1.4583292773417622,4.66282298264242,10.697955910156203,21,5,7,15.353558473954935
37.00474707641605,78.94472283756726,6,7.560716102217615,18.96224079063116,1.379739743775278,5.0596831347876,4.205147292414745,0.41859348739161417,1.852705839166636,13.559429848006888,20,6,9,19.470344724053383
26.920115459159113,65.83874269984271,2,0.9811887390051244,19.736268605231565,3.2935348700162352,3.9553874773773745,0.35414477393880484,4.722302496019654,0.2942079125534234,11.1182555081164,14,5,7,13.268077886293403
21.702658576772393,53.618131216646525,3,4.469157878569433,21.687748696076493,2.5131559783412856,3.9467716007287956,0.29527234949988124,2.867892596293503,1.0844441662612747,10.728316800171662,16,0,12,16.02091960418355
28.838018947567164,58.40613956250128,6,7.340043505996046,21.297320239718385,3.9267497379679477,7.338087139422406,1.674034660203652,9.867271726361885,3.6485587850298122,11.84634055551288,0,2,7,23.425832909027772
35.45891671752817,81.27284359213081,5,1.7321838118690058,22.706183672646997,3.778059693152837,4.978967025828713,1.320538117183987,2.4983430201581305,0.09150228303375596,8.502756137512224,23,0,6,14.818524299410711
32.644497728191226,50.40026316359353,2,2.8566498884672296,19.615399071445896,0.6797699642999349,3.384337242309269,8.977022998457198,8.66543280318654,4.753393633622346,4.863804716427557,14,5,3,15.4754653758621
34.131222957229,82.17898108873028,6,8.647669920921977,21.921252880239205,3.8879479887826864,6.254696844053216,3.5382086028884716,3.1643876913132774,5.406720470151246,12.601786651548348,15,1,6,23.82140615302531
31.175667334214346,35.28806585860149,3,8.85119320907646,19.745853034493194,3.78213914389629,8.370112605030167,7.830117283208212,7.491268523124123,2.9723856488811693,10.430265958773248,23,0,9,25.481871554624533
31.84553129035705,76.60790623251785,4,0.4493545245272623,21.520515718476723,1.4944437802947297,0.6150874116828176,0.5094652287043644,6.598413100697052,4.2457825102040925,6.079671447045713,21,4,11,11.750638078032152
34.983913031306386,80.85285798328418,2,1.6809058535297527,21.63018580611125,3.931521166755811,9.721369577714377,3.548883312937711,5.617835546616822,2.7760607430769175,5.5863121817564085,10,6,10,16.93911091741347
22.993360177183717,40.909059170240326,2,1.17471940272859,18.73103466812693,0.14337660929824292,0.9665193958190432,2.8097548161273656,4.168249434541014,1.8525797670890751,8.499076087629973,8,5,3,10.020060316403654
27.788499272862808,55.82079194233202,4,1.79693094651303,21.291798664117596,2.6430022196531926,5.117381207029182,3.322566124228354,6.71105012844593,0.9891982720591825,4.6949734927425215,16,1,3,13.983654002509804
22.424188836392045,39.929986479819334,2,9.701877243062725,18.071629799725095,1.064591217057635,5.602095440377961,2.2886132296055934,4.072783502168585,3.108973725808365,13.417104818066184,14,1,11,20.03984245566314
37.75336015993294,72.39624773965306,3,5.516552487904565,21.00726450824815,0.5178523863812785,1.3821070536134816,7.414992253227838,5.4810023432731985,5.579337409395366,12.251452520363596,7,4,7,18.17535856397124
36.88118679373227,62.120866083699404,2,4.681123904549268,22.18513133164845,2.3101396997753865,9.155937530176795,7.952074435880002,5.898017368359689,5.339833001309039,6.008094549045038,17,1,7,19.767844127965013
18.788536227370116,68.11940080249926,3,9.84467373092616,18.436996373939934,1.2254012327407775,4.714670772924939,1.7815858857991236,2.6735522003712395,5.517754802373087,2.6422461188587665,7,3,5,17.014154004361078
32.11150345031377,41.78921801737267,4,5.569561298607354,23.632264898502164,2.667301375244604,1.431205144603933,8.893751815377094,3.397364773053898,5.798478360588031,2.67428516395726,2,3,8,17.119544920225287
36.50496634831332,42.70475172314517,1,6.611179273455246,20.752533191936728,2.159924208457681,7.116124028477708,3.0005457151035473,0.18050063557803142,0.9921478644557196,5.862556854713563,21,2,8,15.851435868984733
21.611506902546672,32.48983953059438,4,3.327705460491802,23.63049765374437,1.5703576036346378,6.6340434524260985,3.395070029994785,8.521589933947842,0.8791520477364185,3.9175965158710673,22,2,11,15.791657636951593
29.358904611052587,49.32405211174378,3,3.821148645095186,18.644390542146795,0.7272886452595917,9.628655697814475,9.94570006612347,7.559831443006347,2.566568447097155,13.353319223006391,18,0,11,20.827306072574267
36.30976595176084,63.5846796800205,5,5.944093838090731,23.69941556651721,2.4050007898887067,4.415163246877483,10.813990983254305,1.835304533029224,4.135869216789045,7.470176582992051,13,0,2,20.016108861565506
18.678919571715976,81.47609483983973,4,0.6978578400046476,18.65518259655208,3.316922517902207,2.6779597316475936,9.897075761621078,3.6204845000855865,2.638163519792533,6.5243444096954475,1,6,11,13.767211869928305
31.9484053449368,70.01564684752084,5,2.5588288604477514,20.768974790708015,2.400017874037125,0.5999400629526208,1.7731538442111496,4.210694830090285,5.354126225640808,4.832688237568037,0,4,6,13.670804261374512
23.946980147451015,56.12377940398508,5,1.968117494603071,23.627952400361195,2.442090223094743,7.331215250802694,11.991211621158236,3.3437869200008805,4.304378902737762,12.935613284607898,4,4,5,18.688721917398485
36.48792390753061,87.18720686364827,3,0.15893393140003598,19.39624920233323,2.047349456591073,6.172776892304224,8.065864977388419,7.982428066060897,3.803824832677212,12.302071007060446,16,5,4,16.912934607110625
37.42116490330736,73.1547120345499,3,5.369012705204219,18.208709885152405,1.5529604693131667,9.726108349007594,6.128023458488448,7.254207061154853,0.4262269648756414,6.99624488470917,0,6,7,19.361052520103712
36.88532978226868,85.809912171753,1,5.6105283952387905,22.758664050169326,1.8298321665341848,7.121649798036325,11.458096893041228,7.6715873014119556,1.0520125649056467,4.20165205443182,20,1,4,18.277587372731436
27.484284333149276,61.65527839632994,6,3.839392230372589,21.57530182601406,3.9581670284803283,9.33161479938216,9.80856474511912,9.041300509343532,2.5689225254723214,14.375847214393026,15,2,5,24.73264426897624
35.24085301978627,45.53425648758838,2,2.6872746946479085,21.083527157408643,2.9986740084211605,9.915787947795804,8.300916475544842,5.951512559003794,5.858248616147925,6.106179980252598,2,5,8,18.553208988383926
34.8909879707014,33.16960118188332,4,6.520598759946248,18.206060306119312,1.7222378559199778,4.2843114423268585,10.0607669817856,6.145343290280544,2.006452191502288,12.024192384488199,9,2,5,20.383761725079736
24.382009464865114,73.56509108903103,3,1.3465916138445688,21.91938761284107,1.8291855998180817,1.5029501336927709,4.625598999335114,7.219341196472327,3.779852775094646,8.019644405218784,18,2,11,14.155131074188308
34.57830948301355,37.27817988033205,4,5.1861503163533405,19.02974011130739,1.998528030998969,1.958507769032637,8.213261345282561,6.812325946506772,5.933436199197564,12.161397545057,10,2,11,19.270679663693496
18.740152694309852,48.166507696318035,6,7.680739858106199,23.587180081228173,2.6372567775152516,3.183752231123167,2.2869602247572165,8.698130183989617,1.584150353397581,8.260920199432755,22,0,9,20.82901201735859
29.92539756964106,61.94825447303384,6,1.642979839524723,22.11436170645409,1.863832936862059,5.088957670662728,11.856007623205226,7.701982058445448,1.0000021394494754,14.032277450028324,2,3,10,19.436845124479643
22.600176745754062,63.86499526678486,5,7.532595385958187,22.24220332820302,2.7447164737569736,1.2241999939635617,7.067780401120841,1.2045861647880851,3.2779996928039985,12.405503862549084,1,5,2,20.30592757052634
20.411337715545578,66.03499181922817,2,7.6079450915339795,19.395481635667682,1.3167512265913914,3.0171787185523566,9.77084696922369,9.283586154477867,3.311342343068519,5.383757490400118,2,4,2,19.94352509139142
19.539064032584182,39.97531982098204,1,0.599266482304549,23.28452302834031,1.6425585280844959,3.0779384738291538,4.888078566372408,6.830992903012024,5.5313197950485655,7.594911077666635,14,4,9,13.423924731206938
31.925775517562794,52.784244289298925,4,0.18784326087181835,21.226395424699206,3.456212498815389,0.04085654964712804,9.10306583130217,1.2714592582635376,0.15858057114964264,3.3076674831250896,19,2,2,10.375359339859454
24.797499275361325,67.031653627018,2,9.739354059881949,23.142505066885384,1.3156226188061706,3.541687396663927,4.648618793632326,7.719737357159326,2.4442663983194786,13.745127071206372,8,2,3,23.363801755835798
32.49533543057523,88.18913187802708,1,1.9338265949882494,19.625684848993657,3.8577469327000067,1.1615220008467142,7.080061043526994,3.5841252973920454,1.8740889507478302,2.900852185451674,14,0,6,11.383380683890104
19.307126815978847,73.65786826198132,4,8.221392091001029,22.532770278589474,0.6900197879395717,4.297113796623892,9.337617788235747,8.059779120365032,3.426316889306267,2.237140907189308,1,0,4,19.324448562745047
24.305806756612206,85.35622542563746,2,5.6185065304529855,21.447401421960286,0.9667192628286907,1.965367374037491,1.3976869595548629,9.55405942990217,0.05598212916401479,8.453629847775012,5,4,8,16.30903735847156
28.789825847506744,75.73272349885062,3,2.644721575369968,18.29051583486349,1.8547190030196314,8.221142396931961,4.281430216435779,2.552420361089297,4.266382850406764,9.840678384408234,4,2,8,15.186270530788601
33.81446329677927,65.50301813354403,4,1.2997043661881258,20.432053942639723,3.1896349042214784,0.8052535277382356,6.539243387713163,8.574110460849093,2.9099384549581453,4.901787099990056,5,2,2,13.644601419699345
24.3750500586414,41.52140214818067,2,4.966772735777275,19.10346279074079,2.9263019105133345,8.656604314182001,4.007972473058031,7.7356137014393855,4.204135235317331,9.417138101703525,4,6,2,19.460688268744967
30.51782752874018,70.00113911355078,6,4.073548116294498,20.155041527272537,0.6978640704575589,5.805266155245983,3.7100068170679052,6.711849002004672,2.68683728187799,13.642304454439666,21,5,3,18.788170124440153
35.71955496472374,67.40277395759443,1,6.988860851170679,20.300109805591333,0.9467401038713477,4.586406631983575,3.379969074992546,3.8492054456091362,2.845156999155516,10.139496935643209,11,4,11,16.703389076363635
30.31726376364609,66.14815022743599,2,9.041685495477267,20.84957011817031,2.30105195620335,5.497423168939102,2.7335018617123383,1.098620954444599,5.373298368434431,7.924630871318978,3,0,2,19.87618317124118
22.659189495072674,59.387152079294445,3,8.052480869634383,21.601742656370778,1.1806589811948118,3.7610912917766925,10.186854750667568,4.838968279199269,1.2653888917469205,3.8775767970853763,23,5,5,18.357527996411967
18.48801563113076,61.71939623935654,4,2.744520502048119,21.425865914989195,1.6893012979184139,1.2761190499194508,11.08426955280711,1.0566662977749053,1.304932407094576,4.196242481189734,22,4,1,13.217129630236627
35.401977478018594,50.06655162708624,4,8.789332184523058,18.233948428229972,1.9463767019481155,7.6587981578378,8.402033377875938,5.001472268783251,3.356859570661827,8.296611120912054,13,0,7,21.870396231847064
18.425388217007743,61.15876155853819,4,8.333913141046041,22.50413531093233,2.3769840214016185,9.279115900964156,0.35999415318092076,8.202932707755696,3.9613456473265107,8.020577661751458,13,0,8,21.589500449583614
35.49403345368399,41.85335434070869,3,9.291362337217683,23.695103306836607,1.0042052977570615,9.500676231198646,9.434798341548023,9.976381344009631,2.12812940089289,8.791052654379198,10,5,12,25.195362410681817
28.578742680544238,78.3104638416226,1,4.586608210379877,20.0920877339098,0.6525605742198382,6.7071150622274445,6.383278093384384,1.9800871149310895,3.1170670038894466,8.602575564338833,0,5,4,15.936879092655134
36.781353970257925,41.14661728192247,4,7.6857517240939845,19.07848140802955,1.5942535511761058,4.103474265166672,9.097321054603274,2.0785804234702243,1.3671384127051933,6.436625648408987,20,0,7,18.786416102742344
33.97566471547331,35.097977393367984,1,5.916580655236704,21.240009378692314,0.3281048994224003,4.783599622764965,5.248060483953957,8.10883331919069,0.8154637338589699,11.046227190704698,22,2,9,18.61007835968554
37.95868221066675,56.17476158142944,2,3.105027525494833,22.229477569464866,2.107060684363649,6.569656969893156,0.4953829786622381,4.6905863229720985,1.4295759003975155,4.758744519944265,4,4,7,13.475359923220422
25.014236309034203,69.49844637036371,6,9.944310025427633,22.07342936716598,3.358420636939897,8.230725165083479,8.180939830521575,9.15804596031882,5.498238355170944,13.08027486013229,4,0,2,27.98821687847195
33.34376577862254,56.26300949601249,6,0.3830746683966135,21.67265746500515,0.4759026377308744,3.7456713754304047,5.329541910344719,7.689962375812144,4.810907983956449,4.527149509184348,11,3,2,13.483305230893551
26.03861827218484,46.605247917078515,1,1.6227257255907468,18.877393512769252,0.45092212851811597,9.167812247811112,10.488521946542958,7.364277647301922,0.8414740689732614,7.406536194464755,4,6,10,16.014789616403856
27.597512406078177,63.490271033426446,1,8.925423625318949,23.02094936641799,0.32087119546940857,3.242721549306129,8.857655241857127,1.019537086546568,0.27936183669121206,4.739664793997729,20,0,10,16.80498568963062
30.5501092643674,50.82014012473199,6,0.6056284341263352,20.55372937451289,3.391445159047608,5.308597753272042,4.314740973333713,0.35875565174090074,0.5591098310747713,10.039886465236428,12,0,10,13.874132632597012
35.47354228372677,85.97206140759798,4,8.868206673435218,19.32881149819122,0.32281957971265207,9.613618000356137,8.688983517405823,3.1676281965986144,1.7605968250475923,8.209290627446874,10,5,6,22.495576922138277
37.681669383985906,85.35870837621432,5,7.152214760582009,18.51759684637858,3.9338481415376108,9.381989154256102,5.942503193394369,2.172983608489536,4.868154094516434,6.866081802076661,20,0,8,20.71115116131824
33.36546827729036,60.14230919832573,5,0.3668400539454231,20.500314689838294,1.4333251761844719,6.957450895277493,2.3933274271145417,7.123088859285131,1.9282469196426872,8.176735273732188,0,6,12,14.120370734044293
26.355335643346677,49.673039641095514,3,4.293200428541766,21.707838281083845,1.3150486365699074,3.2456019447500872,5.038635833282662,4.507337241660504,1.1139315796105844,7.476125899971679,11,1,10,13.933414009842926
26.427140045541403,74.22794483739835,6,7.544714750022371,21.992266254909048,0.36652700838819685,2.190350331840035,2.670748734103751,5.23146374628919,2.3750466327477557,13.117151800225221,5,5,11,18.955544216698613
32.75164603177783,32.202776608983996,6,5.831002846307997,23.77642146838354,2.3425648505536674,0.8014335533354422,0.05971823926052533,8.13741482871899,0.74432173404792,3.615464485222692,10,3,10,15.30203667892242
22.775542915366046,58.486140362619075,3,9.35871291964458,18.918888501982543,2.343528849411167,7.086544047393853,2.9615492830697514,4.7850468176570935,2.821301068440379,12.31135847675851,11,2,11,22.817370804825583
20.209482262627894,50.17940365622001,5,8.676440329119998,23.914641991185313,1.975223309160571,5.034506940020357,2.514255910899004,5.449263208053992,4.0533249278778385,10.519284590582433,5,6,12,21.200760470021983
25.09244315281553,85.23215310615328,2,3.3264763533414596,21.928055283433366,1.2440805888635351,5.722876939442573,0.0520429042428181,8.42320266408022,2.2130917183364867,6.5281649054762765,23,5,3,14.567001545469749
23.744779833081637,30.72018163636095,4,0.8462719552009035,20.725374346243207,1.474323560261685,4.723921739257379,9.407104417202614,4.313358093075128,1.0416689756442647,13.948326795020758,4,4,1,16.251219926652436
23.9261624091198,63.168892543100945,4,9.442570396456514,23.329165355088957,1.2820135746949521,4.829464335734429,0.923819258050226,0.83126707913599,2.719184892626859,4.300293068392713,17,4,1,16.881017375789284
22.672155020998197,74.43981486399755,2,5.172867677679266,22.166878451720358,1.7045856331220075,5.712736192049652,5.388708887266585,5.217052095929825,4.574935394860892,6.033747740834827,15,5,11,17.517028611868334
18.84186379272724,59.10107925144247,2,0.7439762437194852,20.09230328914209,1.3671524219249038,9.142620061760377,5.014598108364779,5.7936168423284755,0.4595655098468905,6.872933864999832,12,4,2,14.070759641765434
18.357478694668277,35.1241818097633,5,8.165756133592796,23.30451417945877,2.702069279461,0.29366299468047696,2.176897407666522,5.11796804312993,0.4256227321406689,10.421351654179471,6,5,10,19.35812672757496
37.75444779472063,88.34768340167413,3,8.685064706853911,21.999692740917208,1.183145889389079,8.016367795731624,11.602422078448571,2.580495172181174,1.9086644365970324,14.303347485286695,13,2,6,24.149154733448846
26.555462674717248,61.080625882565876,2,6.3942464017657095,22.193024134765317,1.4033529259778166,3.905162605582657,7.2448032591223,2.23690068252128,2.4903167244232556,9.71482221546336,0,0,2,16.784434803844736
25.686532943193633,66.85117465914068,3,4.475089656863399,23.378339328516155,1.7418395391565924,7.449242672829998,9.76215654869803,3.697563719318415,1.2988310143703574,13.131979113148022,20,3,6,20.404244910447893
31.5929456538614,44.19658696245044,1,6.621730123235727,20.69049724781433,0.015847337083600976,9.485263292443564,5.9536866868194025,1.662287385036798,0.1614637872123197,13.764652766442328,20,4,11,20.664062856341147
22.365077757301282,59.00988510640823,4,7.066836957051236,21.94142463575854,1.9683302968835679,3.0628699352633513,8.673743008474958,6.660236792738349,1.3173578514827657,8.064028264279195,11,1,1,19.50660523856705
36.99922367900451,55.74896951749931,5,8.93029958085968,22.46813412982668,1.0232792127717385,0.8955463674379893,11.637350499741096,6.146749012796443,2.6122192312425776,8.141643648061232,2,1,9,21.41831670322118
33.72690028831104,34.49375052011902,4,9.55861680374738,20.723640348784688,0.22460181609807162,2.3229843631492564,4.180864965637218,6.323956156787837,0.4765640666173321,5.2499707145937125,17,3,12,18.061049626395747
19.78822004624519,36.36962121284803,5,5.1432093239091135,18.50071269442676,3.6440851950591795,2.2209283111256264,6.051166232519345,2.2479749313994124,4.295350971863823,9.820624686567765,10,4,7,16.507703024346334
26.35161551569857,80.24835117712647,1,7.984945335265625,22.628638614566164,1.289674935547728,7.41849417460254,6.174442784304079,2.4652901420388407,3.3126050664613813,3.56036169463606,19,0,1,18.261430497775702
35.58236615124329,44.38919713239542,4,9.645095559916548,18.286898116460172,1.704341054690817,0.6185818172511737,11.903937795889664,7.873902591187502,2.606641318814704,10.246273509079874,6,4,9,22.254119871321112
36.8946404458282,41.69749628991784,1,1.51243338146966,22.30748641033643,3.309372633352967,0.5093357985573377,2.797189756706557,6.901117725585153,3.1122710592772846,13.607662425209936,9,6,9,15.387010790640074
27.348030224997395,60.294687075008355,5,0.18267981609676687,23.46525125114732,0.6671558830148792,6.936085944838359,8.103690103044945,8.751798491675412,3.9348358921021855,11.890213946742753,18,0,11,17.68511532694322
30.268227784214154,76.12482788175078,2,8.68963772848294,20.081813990220112,3.401235238325364,5.567196848760237,1.658756141468308,4.035057177767953,5.968791034459279,10.439448905399919,12,4,10,21.921488153880404
21.340678921841505,33.71679111473927,4,1.9527333324716079,18.612370710826962,0.9665517923095108,4.177675448432034,11.124882384650977,5.473278320977527,4.650720375248705,12.899251915462377,13,1,11,16.9618760398669
37.82337252273953,64.60847517829535,1,0.42478766631800946,19.397183938745048,2.3561515664612687,5.753684069770451,7.084583028020381,7.387777059304135,3.2421786663231087,11.487597146371861,14,2,6,15.287037069622848
22.63343402766887,37.1526265704344,6,1.6009613765744457,21.373689384752353,2.7427135206647133,7.35247905968639,10.312938324473642,9.741549690325565,4.623202790048039,8.885606117622263,5,5,2,19.843700826926106
36.85463548270251,32.18766304953711,4,3.8411491124376926,23.65595845863652,3.6200557834711016,1.034713727067793,10.74289853207409,9.896318128456956,2.8513453659575827,8.773836807611099,6,3,2,19.707159532159423
30.992932979847367,33.164637129733045,4,2.1926570159258008,21.0736963793167,2.4305519787365277,5.532864159809425,6.685318945249771,9.991754124782805,1.865452216368303,3.3910408052396037,12,0,12,16.991679116824077
30.154735897577183,80.04984649250648,4,3.0525362910044307,18.67642372918018,1.8129272050000012,8.244168329143054,8.18408725485838,8.905264830648065,1.5717676668916514,7.6473917105579545,15,2,8,18.68240265559283
28.25377022033017,37.07834901768369,3,9.752940514300462,21.76669904229803,2.28907740936711,3.624291705783124,8.384647680346925,6.3965081913707795,2.3968756626019534,8.791842976101421,14,0,9,22.143878711047297
22.61339623435517,32.70908186473752,1,7.04405544162575,22.39706962072765,0.8083298509608157,7.630179876226391,5.525769882105105,0.06970950789452757,0.013699652414812524,8.108921310641772,17,6,4,17.34629268990327
21.530560640110167,56.27399322857474,1,7.12191728253204,20.359702019956746,2.7562973365994026,8.454208391465091,5.218058967631978,6.995437632777561,1.061735464277062,12.088180416336067,2,3,2,21.784053415347234
22.409724181403508,80.63960831652149,4,0.9468537472792282,22.329084386072488,0.7475228482022209,8.20929191820134,2.2342586277377143,2.385995161369412,0.7592000694353391,4.092506418644126,15,6,5,11.209484536975761
21.72876524288509,45.74450258935812,2,7.320983698226917,19.94893689083514,2.2289904483130276,6.5035640198586115,4.60697472601451,0.5716714731024375,5.762052158081426,12.333685837988224,0,6,7,19.79277451052826
33.591689471335066,55.302757051554984,4,7.393443329553049,22.73454090957848,2.590414645441956,7.173445183964587,11.889083286546658,6.9718442894513615,0.3890869435921822,11.641615968696797,23,2,4,24.882415395751305
25.002505183334602,32.39535195382507,3,6.597450184066322,20.046432957420414,3.5943327216310186,7.8767518071478095,3.238338925421831,7.560109271761934,3.0058366448418616,13.710690253391588,0,6,12,21.387893349452078
19.156853531267927,56.944710848092555,5,2.2843629599787505,19.536642549603755,1.800759303910458,7.3370930949763205,9.149290904113245,6.5943312016774955,5.518307587420548,6.8549149047656766,18,2,9,17.10091751734685
37.38205260281623,64.65678483822802,3,4.230361790821849,23.27508843534945,3.10133290635685,4.516801622865787,0.7121696406796652,3.651697838162563,3.645121313141238,4.295064057410995,5,5,12,15.068254429937017
35.67571769926852,64.25442322512869,2,8.462764546696253,21.290840527052378,0.6701219532171061,1.5912094287195555,5.609625568891898,5.110041240791233,2.9716144680397356,11.862171630574505,10,5,4,19.772604804044253
36.55504566390426,49.945601530461914,4,6.702016293406263,19.71093773245011,0.6247859149353001,3.097305998855272,0.7009215830057474,9.349476269957474,4.457960321713323,9.64960107315363,23,3,8,18.741038558539984
37.8981564529287,48.93199083978813,1,7.327688349999023,23.610521337882403,2.0991920548797207,2.072465622420582,5.709599205694779,7.296109659769422,2.1202517497027937,11.262400527366399,6,3,3,20.088735441875645
21.477904984389745,36.39741713619587,6,5.873744001258089,22.145107052796295,2.385363060440412,3.614441543250022,0.3306295297125228,5.046842334993359,1.1622866419528142,14.957626121299146,2,0,12,18.83983111142917
25.924840378053176,52.007899238776105,4,4.4958659911177845,19.324202397933405,2.529364162931633,4.893310801824282,7.359537257806858,5.934491519510722,5.083694755137818,4.529016745082157,5,6,12,17.402630421915244
33.164769514081826,35.96968013237788,2,7.590520100671082,21.687854127556683,2.982696168095113,9.59046671734246,7.0381091997465655,9.276835983463563,0.33949295385150724,7.3436708711637895,0,2,6,23.189828576720803
31.920412361075844,75.9957566827231,1,0.6792581436630496,23.222152987734148,1.1797259510448397,9.594627949892626,9.574118671564266,3.937825222696775,4.846763934521703,4.505058305414196,7,3,6,15.932954430713012
21.0779181267971,87.97645786489116,3,6.731607327802641,22.176918855240345,2.490430887409822,7.695885209168566,6.999434426416165,1.0184371548609028,0.6201965397261049,13.188101434172909,13,5,3,20.710826098820462
34.31666249981235,88.20446740000241,5,9.972045078506792,19.468554904560783,0.7525564832252907,9.801402883633404,11.11198994821288,3.258262417030714,3.7534072674418537,2.2207533300725664,3,0,2,22.76360288180541
22.488811436733215,81.90426596252362,5,7.801919294680316,21.89308997216709,0.8759908362182491,9.98015815824459,9.397255368892274,4.1520021473628645,2.8622839719283935,3.757900535740851,3,4,6,20.719606684297947
22.47635229645246,66.04752896037715,4,2.905635115774553,21.714956236321207,0.2692355534955251,8.852567477986433,1.5918782438674723,2.729638698604883,5.991247019532484,5.222313522620083,22,5,7,15.779362238915734
28.73948845786827,72.0519418346328,3,2.778194947053806,22.925061981472133,2.9880023445549213,0.7950358320613804,3.185678259673091,5.289724052500503,2.3275246523496786,12.02720165112107,22,3,7,14.782469468374579
29.858798696834064,47.112348160824844,6,6.672186105934589,19.068795581980197,2.027971881542336,4.26044103464262,0.3147671732255226,3.048578751460773,5.743720187483317,10.169904637284631,15,5,10,18.419278905981145
29.601724156756223,67.84622521035723,6,8.958542570085303,22.19780800200816,0.9527428223982479,5.341199810253421,4.633608018873687,1.0317958538238259,2.4226830237108903,7.051960315267464,10,6,11,19.67690258582078
19.829736747955096,57.338972966392646,2,5.779497408478429,18.164224152802213,2.2249509028011616,1.2408258561564744,6.114435045233404,1.880685136060507,4.090202945496803,4.063103941398392,21,5,1,14.156859116305139
35.549217252607605,58.92104038661595,5,5.274022871700583,22.177051803814607,1.4169607945351501,8.086306272431251,11.351354985384798,9.18156083423139,3.86196761307137,6.180913048341097,6,2,12,22.176986287301865
23.312000851774123,75.46659362250948,3,1.6038413384367134,23.762623823631344,3.3488396411570736,1.486834149487809,6.2672091873818205,6.295956291008603,0.5187117114189548,11.664463365451262,0,4,6,15.472005902612407
20.590298425656083,46.915101335835104,4,7.154569553598166,19.046329597497703,2.112591523181456,3.8332877539298393,9.372336503315363,3.143087127630504,4.460194910386734,6.9653720893852835,8,3,9,19.509232064423152
35.774961597379544,49.082376701671194,1,7.022986196378907,19.867798636914053,0.11924289141530453,0.6891217992788135,3.2162881511148145,3.6691791250043995,1.2520056640424484,8.013739319703369,5,6,9,14.84515291028068
37.11302996459507,85.4785074677182,4,9.669513923338476,21.49722943217131,3.940381145358956,5.245930879586429,1.8379012471059806,4.9338317140902515,2.330645675117246,9.912138197189144,23,1,12,22.06896921955461
35.24255234530901,33.373457691058334,4,3.0019218430566443,22.394370275143533,0.29719415294373697,5.970414468346839,9.730035045915034,6.731300335627051,4.693204482636539,13.867538061213262,12,2,2,19.354222980691922
34.19032149449756,59.13805790480042,3,7.564454763675318,20.066228342427205,2.783832755600279,7.351768501606796,2.9691017444950965,5.8217988984377005,5.665882120083644,5.251368475471608,20,6,4,20.14458298283184
31.104839612780435,84.76804802447171,5,4.3406526119762905,21.985553862840824,1.7490233568104414,3.39461488682953,10.456021412053277,9.326981245629414,3.358821937241933,7.823955372424812,11,5,6,19.151805149724527
29.017147412182787,66.62178046908943,3,5.5847279161613494,23.395672755217998,0.9972712260803851,5.90531499603181,2.038198508303557,6.257488265723095,3.1163070061112332,6.034177483969156,22,2,4,15.555398505234765
19.739735198228203,62.784424452727926,1,8.164538556005581,22.359352723345573,2.705832937851612,7.3414733966047185,10.219038492181284,9.107919796049416,3.029540500881901,8.060430022932033,18,0,12,22.022760031628867
26.169064261413972,44.984650753761315,3,2.219950450189756,22.266136305613465,0.503589414819948,7.62035148910024,9.2741709608934,0.05430159164565351,4.899388176187955,11.054000249747677,16,6,9,15.955346560981589
25.45377034024628,50.5965293438669,2,3.4286873952741495,20.291823950499698,3.432986793825967,3.0164184645003713,7.334648077687246,8.905594719219463,5.958696479468583,8.266833240690271,22,1,2,17.828540239605548
23.195075675206525,81.12290494828157,4,7.73308670197597,23.468575853029204,1.0024479436525287,0.6770393017812504,10.202648133871394,7.214585879660444,3.801546262668334,12.848972489113407,20,3,10,22.098526572329575
32.4684022737717,63.553087906107486,5,5.704579152878609,19.663937651766467,1.445814633535869,0.3761947755155426,3.968521414589538,1.7219345411208598,2.271734558900341,9.192355291426555,0,1,6,15.48958651729324
27.917514701575417,60.884531625406794,6,0.9242291690507021,19.231682139718203,2.530574545216785,7.6806028469258365,1.9924097479846532,2.6303801924505112,1.3119858862985185,7.014947234780203,8,5,1,13.637457211767009
19.62092431815296,35.974782812401735,1,4.30185866778513,20.185343602359023,0.004117262261466692,3.854389171812458,1.8844881012534676,5.428099991638815,1.1929272234972257,12.170173859015847,21,3,9,14.280699727019567
22.403664038996226,30.961689387307388,6,5.8663331297301635,21.900937324430963,1.8909944575554682,1.3394266280335154,3.244306965788449,1.2493815535054287,5.136906009626038,7.607210739303906,22,6,1,17.48937439587877
31.66517527319192,87.82111132122294,4,9.095173164450527,23.17006791716704,3.5769956860066854,1.8448893552127221,5.354725586160634,7.853682691120457,5.954112346515114,8.702184269804528,7,0,12,22.640846127654157
19.522617189806002,52.619170037210495,3,1.8848804993863866,18.7924726940839,2.721662565094545,7.661504748031235,10.51227438097472,7.911738662224267,4.1879426425252975,14.930714698774343,1,5,8,20.49488996742895
35.02413828097538,66.19278372597026,6,8.059529683774828,22.882813063560977,1.5516014597545382,5.98902000690765,1.0744278258928381,3.009489886550817,5.734973695727714,12.22361247829988,17,5,9,21.30133225661775
27.902930540279485,34.782904391237096,2,1.3062448307659136,22.87694036801397,2.6416977125774084,5.014031661635708,10.982904533216994,0.6981700497279597,2.099973198985911,13.116848414633965,3,4,1,16.493950078656784
27.61173154653296,70.98685714338279,3,2.4223566007580724,21.521516139540516,3.7462776996133584,6.2300758562453264,11.105936524081034,9.888474592335745,3.765571400625623,9.707063364763277,0,1,1,19.49564958085532
29.84815569319035,85.95400252235765,4,2.4334388349012306,22.563887637468156,0.7512212673439334,1.374995541574241,8.726836688031522,2.5072887924432488,3.0701073214397527,6.526814065252764,23,2,10,13.785717022444977
34.49361931850298,64.53991517984518,6,8.774791959088326,19.091284188909523,2.127232035354669,3.19042242910157,10.80340336351136,0.6755865131734506,2.8921089471731163,14.886504970849389,20,3,7,22.59678781352569
24.95618415804386,37.566919342524635,1,1.990176920149871,19.017516004924282,0.9389503248523812,3.7406351738507215,9.239839562135547,3.2996495938355572,3.7942418169625203,5.172261248513636,11,1,10,12.89072533322209
31.56032305118127,64.90329164840861,6,7.869607269854091,23.176800204772363,3.416898556682818,3.144977693797888,6.339611581869043,9.690032621742931,1.8620328869172735,13.346620298141001,15,3,5,24.444311427408564
29.314639279915824,75.98083278627914,6,4.618065340196199,20.9888906234074,2.884201006406253,8.644163121349361,7.209002714711332,7.92927612751995,3.843734032346809,13.846917350743983,22,1,11,22.00110384447716
23.340565403388425,54.38499219444112,5,9.990907677973107,19.475623285517095,3.2043036809979752,5.814211446526173,7.538693717730993,4.803330798101434,4.037169190094357,12.62821215491125,17,2,3,24.188119613345787
35.57259972710316,82.79026487648807,6,8.390914986521054,22.13238214563794,3.7720474099726644,7.293214074838936,1.522719371797331,3.0533042172568026,5.016679999023183,3.483092215190672,4,3,9,19.34983571331298
33.948520432138565,68.92097720144187,4,7.3970313444781794,23.351251001605327,0.9292351055287265,2.3670608987569652,2.3166496502101253,4.233060985474687,4.382888510713887,13.103469091277312,15,3,2,19.257200733967792
31.169036693168508,83.95493509735215,1,8.707263066521955,21.793935875665497,0.19487668606299158,2.640740372957504,6.280424686441931,0.1736560823064215,1.9186467787505623,10.629113214940505,8,4,6,18.185425997294445
35.011634581884834,67.41031867484023,4,6.3403039260503355,20.084070257640104,1.1636148806757056,2.253359830781463,1.3827397532513017,7.183704814413359,2.7048001933305628,10.850711671950595,8,0,4,18.29758907117072
35.34588401919605,37.877278320289456,2,8.436522565284976,20.899426591758086,1.5965572345130807,6.879795776455575,11.579751552553333,0.9964427155184319,0.7222674672568103,12.224910501917906,1,1,5,21.546842630212527
32.1672595343007,48.58150266631135,3,2.6112684736145586,22.513616765672037,2.5006392266914657,3.490409956905184,6.08552734217306,5.190375768743072,1.5437648257326284,8.376985383111354,13,2,2,15.657537926490832
34.74026656727344,42.10769689514741,6,0.9770321110107494,18.405007373234326,3.1908182499028417,4.050841324041631,4.5610337377567145,5.658450528625697,3.1256703596498614,5.473043607476855,10,6,1,14.020099714428039
31.949429233385672,84.52958986301174,5,6.159320070866688,19.302987095738654,1.3992131521875315,7.0912160783886105,1.8904804510987105,0.016897743022938894,0.6045646851871487,9.474118305750888,1,4,9,16.67627939353855
31.602815435206008,75.62400403724897,1,4.34690392663586,20.775499119896683,1.8939879469477163,9.717987018832055,4.998406769702235,9.798786259774314,3.423637774798416,3.4127809142471377,15,4,3,18.593957671129143
30.372227564303685,70.58390213460036,5,4.264407952924319,21.625445784582592,3.141869063944768,1.6187531373331798,3.6291142439105863,3.021390376888866,2.341674910177583,10.77246636839254,20,0,6,17.324929430153198
33.054332791152824,48.0579791778973,5,5.267478524300461,20.034993546253947,0.9013149053151013,0.6267626823480343,1.0551260544244156,0.7722425099211583,0.20859765267143082,8.278232151497926,18,6,9,13.511020704586283
21.172102105861473,41.04268632301281,5,3.613826115655425,19.790345531219284,0.8685277117537273,1.9484593196746092,11.604063542856256,8.543885582594902,2.6066872896645323,8.530302362083894,12,2,1,17.372319679501388
35.617415183978565,75.3870652793347,6,6.260595314428291,18.24830517419833,2.3569319593201348,7.349606849632782,3.179737152587361,1.5195260405134525,1.6868410586948874,4.415687222253807,16,6,12,17.854394134186208
35.436870554904644,58.44947675274478,1,0.3056836734762991,18.195610632308686,1.7442273220714681,1.9462729104901633,8.285642905602291,0.24955136224488528,0.40186424514657104,2.5366767640715113,0,5,5,9.121281472887143
18.584945660691183,43.54737312903775,1,9.698913418817632,19.672169125816954,3.7955872121417404,5.843524026248863,1.095870021869073,4.946906795928973,1.7602191683691906,9.946507199609362,20,1,4,20.42114627481668
34.516335011295254,66.99731868991651,5,9.247089920455704,21.183036600537257,1.4281221719383121,5.903165364989821,10.95802811192127,1.2991698579757338,1.7645707423563217,10.564802252292262,18,3,3,22.224906944940283
20.577397349468903,32.420031128307116,3,9.352701625819336,21.33822897867247,3.0382224140273317,2.9442310029708105,7.0890174187269235,9.824230663538808,2.1304420236265065,8.477795381321965,15,0,2,22.076114004367923
24.70237708518284,49.57021524769521,6,3.6500349558371834,20.964164957201213,2.332370973856143,0.6872627987662872,7.8824640045193455,0.10410986612515827,2.1988498150519744,11.95450671730301,12,3,3,16.11122468003168
32.87016512583216,58.11341967546808,6,5.318909576590998,20.459284104017005,0.2183043677987051,3.9920051745160468,9.381412328026421,0.5119734418863198,2.5786290287294653,9.328310915350372,18,4,1,17.28751920686375
21.215197920966165,38.87750004656435,4,9.541306030575752,19.513749535567925,0.3375421920377937,1.867854222565356,7.270983943981003,8.33283966398969,0.5517487663473375,13.026548218883784,2,3,1,21.463053785107277
34.35934048238124,89.07926865545038,6,9.023460564275865,20.404166589556695,0.8126259527599609,1.8447321026652408,0.8508895009590676,2.3975169603802593,0.031666693649203825,5.745541733873578,2,1,8,16.23467045955945
34.64268355915484,42.54584187537685,5,7.902444759011473,18.83255979231308,0.5726104913961039,5.22588871028741,5.154989083585831,9.115967533839441,4.416043723198012,5.160408301740501,0,5,5,20.995870044566566
28.149354675216724,37.82118780259593,2,4.073315898475924,18.69155537415622,1.3174859585777705,6.731211380977536,3.1443611199737362,3.111370534749598,2.024078696562828,5.394889334158888,2,1,2,14.095748146955643
18.12771743433667,42.21209243321378,5,5.643392231821735,19.79965954088275,2.3159556639947607,0.75415052266528,5.8406042481742055,0.6978265136040573,3.6816706527447276,2.396740178423317,15,5,3,14.402319740162817
23.740762663498256,76.14366798958346,1,7.929124742166477,23.97209277856332,2.409450172029545,5.783213986425009,4.8519019401808565,0.10591799041535621,1.842208919599115,13.708112942563009,20,3,2,19.35519253367717
30.338538367514843,55.530339556310565,6,2.7301199554003173,19.95898168509839,2.3510711406509595,2.4620164344846076,9.918397407586172,2.825672770571759,5.905124042675792,14.989425348211041,7,3,10,18.89927529138772
37.62372356054847,63.92495638515228,6,6.264493682281113,23.61873834213063,0.4704345385326163,6.732980610196827,2.964570626517251,4.737305754958992,1.892548225900226,12.614793142247471,22,0,2,19.788105701028176
30.636270540333367,31.260549419181643,4,8.279343248518568,20.353572874606165,2.4009016434419843,8.102158362023667,2.4156127113353807,0.01016110926069902,3.6302664151250656,7.3637492153687525,15,5,4,19.446691161959492
23.196071621283195,32.065878514398875,2,7.074547917329014,20.634059947197656,1.6389875474295401,8.070136356658837,11.497035545406899,5.811072025438943,1.319827491692481,6.601136229445133,12,1,12,20.055067004826764
30.680114061992228,56.749532989620974,6,4.794806311910007,22.782377299213376,3.612210661010908,3.6986135824073427,11.394199366670154,3.336615586747318,3.106814270261725,12.070873382282281,12,3,4,20.277623244734713
28.79970759431711,78.99931459209742,4,5.846083595551583,18.56182996468474,3.6479367844307777,5.672696738775444,11.921579579011212,3.9015352936241143,3.475984840021888,8.629286416378875,10,2,7,20.090721474111408
33.596907903022874,83.11433272245392,4,9.88675543145794,19.093879941561838,3.0726953067353575,7.936951838373803,6.820566954556046,2.614109481981066,1.0969442378441803,14.212952047244524,3,0,2,23.281172494466745
20.139612776539167,35.20239405573841,2,6.019877946472101,23.84304158985129,2.8124286043968967,0.6081026148047719,1.3577275270679827,5.290452054410628,0.7419324401879954,5.63453539061649,3,0,9,14.520298820498734
33.22055805004056,62.301786126061366,5,7.8561775401864375,21.035504039764167,0.4598108692698921,6.056243361723621,10.562012888846366,2.301226219681438,5.841607740878562,6.209633823597693,14,6,7,20.802285367805876
28.825331573522206,84.79378117675623,5,7.266047643776626,18.265858093251783,0.33877684634678884,8.365219838244457,1.741379811091687,1.348220861564705,5.359605691813293,14.984723839298493,3,0,4,19.793053217473414
37.25984007717989,53.278365263873184,5,7.014906155293632,18.284284398336304,3.3633347636563435,3.7235699790152643,1.8671319123498735,8.906470820480449,3.960402792431159,14.716271931163416,7,0,12,21.730708980165144
24.837443320773723,79.77394988570211,3,7.163690551140435,23.44344410266436,1.7080632658298205,4.554081139812868,2.3207708098330553,3.9055498303055245,5.166325627531527,13.50749281704555,23,5,7,20.192502065362824
30.652437862678962,38.02173926396617,5,4.544097512814639,23.240190537352305,1.8054491008037843,6.987280685593499,7.841026024717115,0.7693035022099182,0.5733622379725971,7.260172939061503,1,5,10,16.169158229120633
36.64056211020035,86.12366938006792,2,4.741601745181253,20.7503946416706,3.3911723600521215,0.6788471186569878,1.2863886387278698,2.3032275456633142,4.376257489917263,12.888965555347653,14,3,11,16.53239115424889
20.050194559813583,75.08539905187816,3,4.678627373607823,18.979332515667593,2.485723836243153,3.856359604206255,9.339379548141192,3.0994294820081683,1.7136260721580383,5.684111641914995,22,4,1,15.81239483342609
36.74456974472902,86.4800635672141,5,0.3325460721260809,22.98170763817488,0.7176289636084228,2.9571077022384893,0.6990191514966502,7.6964630934854075,3.2369591481712394,5.3118107197973945,13,6,7,12.398554330755447
31.757714446016266,70.59703401315039,3,2.410653303323235,19.9476006436779,0.8440529159494421,0.16994249587130805,1.3253587280618415,0.22255494529349162,4.588883510311472,9.103689556144285,20,2,6,11.101248358702524
19.356741182103438,51.80423591996562,2,1.545640066498828,20.51435039197857,0.025508676139339048,1.9597266123326007,5.213845699998343,4.782494884781143,0.20087598086464586,13.183417611308245,1,4,9,12.688180124431664
24.019271338936324,86.29087035148335,5,8.864450113972573,22.09485827429591,2.842680375766259,3.958835655888493,4.550058023398808,4.076924853567179,4.1690290865941355,3.2671517175219646,2,4,8,19.814039715182446
32.16344177290563,46.53400657855071,1,2.74969366452949,20.120390120445926,1.9424466339779403,1.9742870840057092,11.876499220769208,9.684004016349244,2.609200742838925,9.348976538588522,10,3,2,17.282064450309882
19.347012029375435,49.93035132370395,6,1.384426344655404,21.772019560189758,3.799855651348127,6.023983181945565,11.602367480624439,1.800750122966115,2.6380372312686973,9.926598639350006,6,0,11,17.7144797208393
29.643409203525465,72.04850508010442,2,1.1976693191088494,23.311696262655506,2.8560512049930717,4.486526073363089,2.2761816882675068,6.278707461637189,5.443668600396582,9.537370889423881,15,0,3,15.746084566030873
24.917661139059135,75.91897797152318,4,6.999898345521586,22.784239612646864,0.4126106430662668,0.394812947733848,11.35998654094155,2.021968850927296,5.158418315578029,4.840464562749196,21,3,3,16.443604383665818
30.41831035534954,85.76420903094923,4,0.060833109149592834,20.28966644320296,0.646165839757078,2.7504026431251694,8.307142848143593,5.484220541718409,0.34520246853677294,2.8336788817907843,21,3,12,10.583450615287699
18.914840676250257,42.28814454337257,2,4.713044017565082,19.72761932822241,2.006898587133304,0.19476770379214026,4.906117986398808,5.550632325137892,3.709892585407286,13.634894405185799,6,5,6,16.17788695645962
35.430736123047524,77.87988211315343,4,1.1887110559819625,19.713062692437354,3.69949667465093,3.58135179894476,8.875571185931296,0.7534672985845225,2.6150769879013493,9.468661267422457,21,1,2,14.709377459784342
37.46977938354794,74.31276320381781,2,8.496633776359051,20.0915469022595,0.9890043595351261,2.591100177458335,10.801691588478562,4.564512941972318,0.7068867858804855,11.982757631671815,10,0,11,20.725304886486033
37.377557105713834,33.82767337521587,1,9.584503564524582,20.961101920348632,3.3023208076497568,6.881867821684616,2.1616986455877,4.611561079599631,5.106308317730487,6.737681016876336,1,2,2,20.76441094931283
32.9930366348585,53.23338847261242,2,9.587546162149037,20.49958488416366,1.2490896805427005,3.0740692559653224,2.3518111365319334,3.191366741421465,0.4290664382862166,2.5525295101755106,7,1,4,15.928168896060962
20.60172480261264,46.96592742360592,5,4.419641089467693,18.79802412592595,1.0795887582231125,3.7515866458436395,4.904649146731925,2.771585536876544,0.1925843716014548,5.374349019405955,6,4,1,13.608275730583507
33.16526391858045,48.26942546124182,5,6.445148244347965,18.98073515000345,3.605570997321983,7.2533393186320865,2.0305412560208485,2.242979741162049,1.1850932397198077,2.9537535719470225,5,6,1,17.345990809633495
18.49173832917603,88.97681277328205,3,5.997041365107446,20.0575776563891,0.1889663682906111,4.809176759086529,4.324769828469789,0.059410718746697455,1.820275539600554,3.0171362562564905,15,5,1,12.997163802485344
18.442471030579945,68.56664480879567,4,3.5003890138595297,21.372384600353143,2.6429641549353757,5.564543785958399,7.748298324750169,0.018162844889733076,0.36528466456466346,4.787971482765531,20,5,5,14.327727976370303
24.472204382990824,73.06056946760998,6,4.440644914205311,21.55598370080097,0.17267005712489247,8.413466637474485,9.753817504006257,5.897872107905942,3.8478687546196912,10.236515745574655,10,0,9,19.950205190968887
27.772863808093316,88.59705823890056,4,0.6432369723328568,20.91724238937978,3.203055146286233,2.068883054573684,3.6232192522247937,2.914639111406875,2.6229001450893064,12.631021946609875,21,3,4,13.849571634586393
33.40814835615586,52.632106947458325,2,7.956990326714872,22.432655287245087,3.3176174198220263,9.891855285275904,3.380768205658056,1.6788865578320045,2.473133169655366,12.677641402054935,2,3,8,21.6678340895217
31.665907532130106,78.11041010716835,6,2.4080351215461904,22.42349273254042,3.5734262986386036,9.00105091840394,9.35691557267013,6.847352055122997,0.8720444037685433,14.190834876150486,17,6,7,20.282334756245486
26.918054127534965,56.07185779826972,6,4.605273311363762,20.56576483012433,0.7443602463762415,2.86552828601061,4.57231471203011,5.2890456947944555,2.6267345018235995,10.532960761185777,8,3,6,16.545419301698196
23.472533325633318,82.1720203088988,4,4.806207336166439,18.746644864565667,0.4979926237056018,8.9293841762056,9.821704414426097,9.149582768812511,2.3409956668524448,2.2581922406126576,16,0,9,18.193885603101922
37.94249000315422,40.83945247867819,6,5.6071173915131824,21.181048618602738,2.0141401862325345,7.539561582968135,11.92056384395056,8.31016937072003,2.3018563195273747,6.906231656486061,1,5,10,21.985108033745593
26.523626044719457,86.86117062385678,6,8.1787663788809,20.288814383962997,1.0865304862402239,9.307564719621517,11.756024111804603,7.2672919109996705,1.311402071230446,3.4489858093657775,9,2,1,22.446879289328606
27.02774048659351,43.126302504652784,5,6.918810461837497,18.82753793858222,2.425189888988261,6.911351881257458,7.952243458167468,1.2658195718501442,0.5666240087538372,12.107041713857605,9,3,7,19.42762008234978
21.272476423833382,49.57323041885589,1,6.63063049129192,23.890903259789035,2.0549891622830296,6.744773829841586,4.502558536529406,6.660887389587625,1.5642475881373676,3.555958356458904,16,5,9,17.854008241406376
33.89619097499859,75.37153404640682,2,5.267454958049398,20.218532335680614,0.5794084409017071,0.03464409097531318,0.785878313721152,6.939264429376296,4.003620989343151,3.3769919094807275,7,0,10,12.881994175496954
31.87364451562977,53.6253084939244,4,0.9595575494658992,21.754787037727386,2.9570819754070845,4.746115286750564,8.85648759260473,7.633325899747106,0.43754062060483023,2.3667122112414907,19,4,2,14.044416275507272
22.41539225577521,66.4926826059868,5,4.020084716508614,20.94077316801958,3.2151375141037217,2.00268606178423,11.735606892638927,2.6313272375740926,2.293946647468509,14.421536165885533,5,1,4,19.357819986452462
19.647620912316853,56.67441006416571,3,9.573168512905522,18.856969675300597,3.852172089576858,3.2408145916900732,0.8158135585875375,6.402975036637512,3.0862573837941154,12.214230744940123,10,0,5,21.689166018875287
31.60998604149426,74.5421962253869,6,9.955480752882526,18.33326174023542,1.5821555054445575,9.788156339963415,0.07401252744768172,6.1827845828253984,5.778910875633801,6.333040629931558,4,0,11,22.882161268650457
31.090224285622703,43.69987514211665,6,7.3049814610091826,21.754616490491753,1.3509397419262172,0.8550195782617664,9.98131435898061,3.8531004981149253,5.062950012602087,6.893711378370132,23,5,5,19.52333789261422
23.465190539964187,33.50747923421262,4,2.2751496307464505,19.482131222087315,0.7690506240797537,7.224864704537925,1.2271075444588457,6.635069803688078,5.499679996379655,2.7725695732589,9,3,11,13.536562860950605
37.0172712450082,47.99576384838397,1,1.0189064600339592,19.46192399768229,0.7234602208367944,1.7294484187087322,0.9794757653469537,0.8669556131636491,4.920009248968965,4.052920038347981,22,6,7,8.031758389453337
21.021157835618006,58.45851989210581,1,4.147643590461993,23.741857138261864,1.2842131415199414,0.07401339496148296,10.924032818678143,6.435050211219884,3.5346874707349643,6.04886785966351,0,1,10,16.231960378402196
26.64669602085204,40.08120313156071,4,8.565719023593356,20.770639825867747,3.9272668094170724,5.014187088479004,0.954729740062576,6.060155842126664,5.164720827192074,7.042283853525064,7,1,8,20.8022352740897
36.872318403351976,51.28783737938332,4,7.218642398950005,18.176556399004134,0.3690346988966251,1.612152987596931,1.3682118573051136,2.1062440725408784,3.391484705780991,10.059693377713254,3,3,9,15.564590427571327
26.394546338522446,53.99898109761411,5,8.838922375411048,20.03905629089884,1.037464808309934,9.65466255981577,6.83488410323632,8.18213619519869,2.1464879582511367,6.554320555043609,6,2,5,22.68262347431086
30.77051895328171,33.44351062129641,4,6.157763146976523,21.506949253513362,0.34391358750016643,2.0369673710929614,9.081770076399495,8.744140002627033,2.2340520037149787,14.409806679844788,18,0,2,19.89180743226398
25.951887959255885,64.99843489105227,3,1.3032836458969232,19.971404511102726,1.0945255709429502,1.9203527403486786,4.794867104570726,2.104839472536595,3.3927702799001898,6.456324729796865,14,3,2,11.907867817415188
23.4843040469734,83.06060567827726,5,1.1479596699816408,18.161111724204854,0.36960573012281994,0.3216692466083815,5.047069928284685,0.7596108423720349,4.85663773635728,14.240739679582614,1,6,5,12.429055684935358
37.67955295919656,39.104574777183146,6,0.4800230263012928,20.665867592800414,2.0332354670241126,3.2981963867891126,7.591511845813663,6.035754635415494,0.8019161292683965,11.48817599459934,16,5,5,15.049365751352731
26.18668012630086,65.86848080409084,6,5.67079970573531,18.635438017048667,1.7534226140812654,0.24111674928999127,6.0651035379693745,4.799175269832978,0.23559131778858222,13.69866803069044,20,2,5,18.336235118933725
35.881984073582686,69.88435229465077,6,2.4288623662478903,21.714960147976228,0.6962013215462526,4.988866352431271,0.2235395133326099,4.275942292620577,4.737411756932265,11.141043404050995,15,3,6,14.83924443080445
22.599092117821723,55.1600808251573,6,7.343836413549505,21.717522601336128,0.6992315751007445,5.056106428274088,1.3629982352663985,7.610083300436972,3.8855524153432004,9.391592481278394,13,4,12,19.635054975198987
22.262094080501665,72.0658552418562,2,6.862499358575072,18.226554837590406,2.5044362948775714,0.5324328706398596,6.979200186304833,9.696626395089151,4.927861835122571,8.618076190807272,2,2,8,19.121905880466965
18.622681657690226,54.64389260946072,3,3.1811074240831694,19.743997569596264,1.548485355962173,2.400622769874162,9.523950116374394,4.7766371937619665,5.860059161957705,5.787396232273848,18,6,11,14.498509679962577
31.033336507517703,60.278237278646095,5,1.7680166646406437,20.48211758243402,0.2247797469330277,8.321064851443516,9.15723774515947,0.06155078774774947,1.508364068520604,5.8762618236470825,7,5,5,13.863239987435076
25.370526874475225,30.44118267326562,5,1.024003497960012,21.30158458715507,3.680770399068272,4.625447729253665,8.880678711523739,5.9626713453837805,1.1657518520848886,4.901675972044561,16,2,3,14.252386232167586
35.28716499679274,71.50320684808133,6,7.373152738130971,19.77638057824917,1.6198099432392015,4.346100415857716,9.255271394497608,6.539658721298394,2.045871284395802,7.012030775979139,17,1,9,20.327197050537837
27.464198133831143,69.68056073668347,1,4.504409954259332,19.72647907530839,2.3641902194267526,6.987769473617982,0.5333217158942767,8.280183059953265,5.267773793241247,3.6506491050968166,0,0,4,15.0963869996929
37.363868558294435,32.304052639580675,5,3.235299141781389,23.898090937501557,3.5416477996734943,7.148819434892722,10.741218779551062,1.9940698109611743,0.0837832077287819,7.038865851104784,6,3,12,18.674232434413188
21.71051031406242,52.09500644370799,3,8.566530158063122,18.2511767743254,1.6086359890945912,7.619626007956865,10.671397262540095,5.24327633518931,0.0631935523081879,12.838668710382034,3,6,8,22.25427776231468
35.37246335911222,88.74191044750005,4,5.936132165693841,23.93427248454691,3.282640157644997,8.304823250861944,6.3830878691713675,4.471315003893654,1.3007183214632052,13.3137997209623,2,6,9,21.535638522384406
33.53193705583483,55.244193754117006,3,5.180023363965844,18.28651164647038,3.6590088984117997,2.3225064640236948,2.9831319872251845,6.644404611626308,2.255497774400646,10.35679484800684,18,5,11,17.68574935925225
33.41843689288104,60.1167243079105,6,7.433791649756158,19.730048566768115,0.6962695346534806,0.6638060727935102,7.106141673377201,0.6394306370316472,1.8140765298905868,5.3385274071903,9,5,7,15.044248062965522
34.89566456233776,84.5958094895831,6,8.155831402352883,20.9621451298161,3.569969840013236,3.8026487861332092,6.694631116503439,8.840129316995247,4.949507056649166,5.124543220806501,2,3,3,21.81481609550574
33.22047981885998,73.03571255194538,2,6.860731554227195,18.859790058085952,0.47932978682551264,8.550979106231523,2.675486492282524,5.111574042382784,4.1383343138799535,5.613075756280917,1,0,10,18.123381563321917
30.524406432628307,64.92420786745342,5,4.400063185993527,18.809078175112344,1.100509637517332,0.7802866428556798,7.23756214714403,8.770454449699901,5.0270020915252704,8.500509938267987,4,5,11,16.624533899135024
20.624897553647752,77.86828088046435,5,3.7929879267218745,19.537876279565676,3.2328457906009462,5.759537988029502,9.567529393207316,3.4023713186313795,2.302561767322598,14.693778226888611,16,5,6,19.606564702215508
18.65052358982504,81.86197598735839,5,7.716649382727022,23.841043101441418,3.6027381931504467,7.010829491413934,9.673282376943074,6.535222146406275,3.574861708380565,3.419398330588389,4,0,7,21.51557177054376
36.41695695631374,57.413284304236015,6,5.179071606402861,20.280701153247385,2.7365551534922283,4.814072132822972,0.7163738673589726,9.567251493094108,3.092732695181464,8.50665722761335,13,5,12,18.007912251921056
30.33300629041476,58.50650189591012,5,7.043860785173763,21.395969029615152,0.41930339808997097,2.5517544360660804,2.3659597417495726,9.433791907097795,2.8483592906607544,10.869176698621837,15,5,7,18.776796269608035
33.93074581952352,53.16305613911015,1,8.903987890805519,22.22574841428988,2.0919691076190103,3.2630948182336295,8.018680327118345,9.44102754771217,1.7286192586270366,5.193591703324373,23,5,8,20.301360656078913
27.630447030251002,88.00236840110763,1,9.158906347367031,22.453331013145263,2.2905364361990856,0.7165209798358607,10.317983344971626,0.4294684051693165,4.255323782947695,14.598459591505328,22,1,10,21.227404417941557
20.346163779247888,71.82997525742103,4,2.7771563924057263,22.12824579807213,1.1274389200026302,2.925835473386801,6.254604989390586,4.030160009745227,3.144177635843085,6.537282474762633,13,0,5,14.788957174037375
20.50371584405101,34.99338397248434,5,1.878899502725141,20.02156915915035,3.965183227601591,0.443780075612743,8.490308020019764,0.6078125744776552,0.4716166865336655,14.120622950137044,18,4,5,15.133192270388834
31.711305744579427,81.7775773987811,2,2.612873603368379,18.670366964136374,1.3425118274375891,7.263249981339685,0.25286412788280677,3.0947701327508237,0.003134306018401034,9.76562059430008,12,1,2,13.530603721140366
26.606117897989254,58.83359645017609,4,7.5137177053550275,19.690298851999266,0.8410190771770369,8.979952785116863,7.301049742624792,1.7457809509382893,0.12191429313135238,2.0530326247597226,11,2,12,17.692003652292225
22.010494534006735,34.125234385349245,6,3.7005803604616014,19.26177136061704,0.4405441146081954,6.3351312845359296,11.54290973323922,6.201374241118955,0.4557002114860951,6.04445779529516,15,0,11,17.30949801337481
27.83189093482874,62.983035309798666,5,1.7338928084132976,18.8176638292159,1.5140050434925518,6.5670322293318675,7.932175284392855,7.807461512653963,2.225725146798802,2.280132381385478,22,2,2,14.468833453868594
19.284178741502682,55.02985673854212,1,0.9838549250696926,18.14698039050971,2.7704747665842135,4.721423371403862,11.067308599203837,5.133469652634014,1.8339941230809498,6.959184490601215,16,1,4,13.846862731485144
29.639428038287974,82.66496429175749,2,3.2731318882968785,23.614355094350486,0.9256683731699331,1.5603644920510806,6.792113497572885,7.954730732978826,0.9398542716540892,14.12294240898087,21,5,7,17.351012725818098
23.379868088701954,42.23967621656324,4,1.3613644035051131,23.526206319272028,3.0781768698543774,0.0772514125336965,10.12054485331113,0.12813296606231206,3.0926958106817217,12.127221264711903,19,4,8,14.957384825789283
33.951182012743764,79.58787656953098,2,1.5637361253330695,18.302502033781014,0.5416050708869085,3.4397599761057105,1.4899488990857703,8.204763646591957,5.821088479817372,10.061717700408677,5,6,3,14.10792562304377
24.207239178471475,63.461321471127164,5,6.838839734462701,19.038507436922412,1.761871723914283,7.514885573709561,1.4821591546417983,1.7836022468880652,0.9641798322653401,9.001176571095014,13,4,1,17.299866709449134
27.104402981636024,33.276618192808144,3,0.1973209566840528,18.83700282877676,2.8094949604241637,9.604315793155816,1.4421519503495346,4.609359014047739,1.5035487851926312,6.843565001453222,15,0,4,14.22159463171649
18.232410798162014,88.31071807952908,2,1.17553261625438,19.687337606529105,0.5412376107505508,4.31084925741899,5.866194624440509,4.425856159031683,2.772618134844204,4.750016140699508,2,4,6,11.092338308362873
19.448937755891176,60.756914646191994,2,8.443654912130965,19.224413222872446,2.3913688399799096,3.65391012333533,3.9631627300453807,8.731555291648469,3.8450445172473176,2.8128239315761308,20,5,6,18.365074353407575
25.849871128133696,47.45261125389495,6,8.449140850182532,23.67512122438713,3.1958100496676223,4.4595850633138125,8.63023024489243,9.659791472839675,3.601499945193871,4.471906667423606,18,6,9,23.56543034479493
27.59877669434247,58.164410519355485,1,3.2924347876357696,18.505022619361224,2.3821955851568264,4.277748958041931,10.831462971604767,2.551209665375321,3.12719567646995,6.569761075499679,6,3,7,15.30624259695882
30.000410962386074,81.47146701104934,5,0.8795300836872899,19.27002496202702,2.04585569731007,6.25879832998645,7.432497942881783,0.6741317259320101,4.4236092817345405,8.759884516184375,4,5,12,14.499951746434537
23.833251574186065,48.29418746310381,2,7.049703338072058,18.484339827497486,3.3531982128113627,7.341473970980933,2.5585266731829517,6.505217824548465,5.075673355662921,4.65725064368214,19,1,9,19.023138582768933
31.89963772253085,41.56058378920202,5,3.6013168777387436,23.882312091866616,3.9416814000048666,7.849580232545802,11.170522410349363,5.028405867532085,5.993801444502752,14.6662716773893,22,5,10,22.966822399004002
35.202447943784094,37.74427481585289,1,0.45464627204925834,23.51048105458203,0.725251809420699,6.496048094347478,6.334288057655792,5.657051419106944,2.793063299691827,2.999051907181777,22,4,11,12.524942625184892
33.597019777867,47.87156390341268,6,1.5782698129979855,22.299789538592464,2.7653853653101486,4.3772395878735795,8.639346637629064,0.46270212769999874,5.969739726758717,3.2322934468657887,9,1,5,14.861719777601657
18.792376506967145,76.80288522240261,5,1.372148119640243,20.55583819331948,0.3226302173581468,9.501037555515385,10.686070205222126,7.753098216179458,4.382996461667226,10.87383070496422,8,1,5,19.086584282445987
27.610138945156578,58.2975819117157,1,5.891163438276622,19.141068813143956,0.17136409589578872,7.110196963712663,11.877983185186832,2.3235341508729768,3.944050507072502,11.815800517864044,2,5,5,20.03459448664495
20.098603568363497,43.6488962216124,1,8.981175836035613,19.328938350120854,1.1232758809240404,4.266580408461776,6.072767389220086,3.349367809112771,3.8380983939980053,14.641869097811698,9,5,5,20.305277461052242
22.84090031725055,39.97109997658495,4,7.930720333234574,20.65824005133607,3.883679154107519,4.465817770955044,9.696752624204086,2.283537125493739,5.46446576856759,8.895774879159898,15,3,4,22.163185027201386
37.73325186534293,49.96376859062275,6,5.4651604501723,22.609336028018888,2.2087826054757507,8.179808499290154,6.802404783818904,9.459445605920518,5.687605836339783,4.157141067409662,23,5,6,21.587298246080096
20.849910858030263,86.39546237314252,6,4.221551649274801,19.588376975993754,1.0730853758216448,4.405408877224377,5.837447351949671,1.6872181654058516,1.0709599677421793,14.19307641202549,22,5,12,17.497897874079936
27.97776306902712,50.58160275540146,5,6.186767090688649,19.86475147520788,0.5303443856198351,5.162736227790912,6.4525502313154774,7.323190040181695,2.9605430463917455,14.743047114314162,8,6,1,20.249236023018245
30.36311468636238,89.28744455727812,3,4.438127409800808,21.599665748426823,3.6807336120533445,2.9155229191962406,5.81130292586045,2.457472939385367,5.648699100897918,14.005680799850852,1,0,2,18.457655685974263
32.04929941088208,59.11382734592137,4,2.460991225763159,19.42637617366952,1.4494663274857627,8.389148338852985,5.052337425536168,4.249196191083094,2.2926769859495435,13.331530320562242,5,1,9,17.616343382993417
29.192973669738283,40.749835097409054,6,6.791974553522796,21.505311727756823,1.226789081547993,5.2228548030332,8.684648286167853,9.960618771721228,1.396059214076056,3.0084633595953116,4,3,6,20.17057179431462
18.195416948383674,83.46840550761056,1,8.73243945741321,20.322785359633706,3.4318537279960206,5.525359383894278,2.9961097913719104,1.0057674424215712,0.6159190699319737,13.113350505072093,2,4,6,19.373365257182588
24.529226164879837,57.62132238808961,6,3.728703306808605,18.20620923540809,2.4176113268434825,8.806754027133989,7.396577589672008,8.81359231086574,3.5833056212640306,14.391949687086948,6,6,10,21.582446519041493
28.35423286769423,72.58028061027147,3,8.41538467691337,20.416207717391785,0.6745444465665087,9.205172678472096,8.555522133173154,9.460498962688789,4.201636978394189,9.180088211957745,14,2,4,22.994876142296576
19.757329982896668,89.0226949925491,2,4.310820464834904,23.517151677114867,1.686042126076687,8.241937966665201,10.705090000688461,6.982272949292792,1.1732879182633342,12.043641581540642,20,0,5,20.164882089788968
25.012538624183616,33.01052101919844,2,4.01335943099426,19.758671274800765,3.7129242724228315,0.6537041297730839,3.9825257872510282,0.09962189735323479,4.0418286790325215,10.59164332833876,5,6,9,14.3302334492178
18.664062175827333,35.80167358725403,6,0.2832435754702767,19.936994336618813,3.604814298257418,4.435091017801145,10.327189242192773,8.207985840317805,5.397715153101503,5.744755600932776,3,5,2,16.290700722209017
19.571569943100414,73.22740448776537,6,6.952789013674103,18.39564532835572,0.28043917089724335,3.4333093915242543,11.343494055910366,8.822719276107808,1.4614767257843655,9.637757521752176,22,2,3,19.9668266519266
25.93846552403192,46.90950019772832,4,8.075025251138229,21.690284691415766,1.0744527710104887,2.135147813291187,7.784152592900625,9.809341568879338,0.731999373910126,13.561854872980188,12,3,10,22.84072766969923
20.654315080861206,41.058083817005944,6,6.63556919558561,23.095454185790032,0.6181575921165976,9.08953875845786,9.257196095076157,8.393157477500958,5.012543836079211,8.453008647268188,22,1,8,23.263832225987713
29.35081696523116,32.36171278918377,3,1.513609513919435,20.11753735855861,2.1352468570333794,8.900689583145038,4.868483517826481,4.455869673065211,5.498678618317463,9.67188945687521,4,3,9,16.929761745958
31.789299382745313,31.31080271917211,6,1.0329346755264313,19.44147334511993,2.9999332681212736,4.652978832832506,11.425625037416314,6.886496766939296,1.2891716546753618,8.909028424659034,14,0,12,17.750764039586056
34.01173398218165,76.46913618718744,5,5.728587516185395,23.739671124983154,1.1821728446238704,1.345608506728635,8.05033746103709,4.851285119573397,4.328283295407985,5.671263404954962,6,0,5,17.800531496810006
22.0030048848962,38.066005642172996,3,4.015162541846019,22.47043568754893,3.031984309541287,0.13365620331787453,3.72188170341321,3.5301834952271305,3.54551677831423,10.367620409962841,6,4,3,16.481936942121198
21.349651645181396,58.06323695826905,4,4.290977834855896,21.402981355699588,2.6748622922766723,4.384670805648188,4.851136166808274,6.264264931507213,1.4351787187907863,8.623110473896844,9,3,1,16.719272763012043
20.091356806688005,66.35380891076898,5,9.678002467430076,19.833186998069305,2.9128888376300672,0.399551485735431,7.413066169578913,7.698324396417759,4.941946132686022,5.023097932097755,12,0,12,19.682963277088277
30.728604990872732,55.701108034130776,5,7.239226711930654,19.324788107858407,3.7929748532106125,6.095559419197602,2.8096219741475412,6.359007866781932,2.822624488092785,13.63991598015548,23,3,2,21.715833433796302
32.129514529738024,31.626399140173987,2,4.117877392077567,22.294464234002803,1.698447443146811,6.0840887088006905,9.046972852083506,8.265783676462116,4.202003246753613,14.35059532116745,10,4,4,20.031373025718512
18.63172289651284,77.01009015527453,3,0.1909927984171489,21.130732902824064,1.3702720984459167,8.989394479174482,2.6962981952357175,1.7637497460007334,1.8085369803788358,2.7198445186630815,0,4,4,10.227979171461433
36.7242449248738,30.63079347249921,5,0.3409569785327027,21.123598900817885,2.7353888325267506,1.900491282893566,7.1014703492512705,3.7369455160315947,4.894689600426666,10.090533838407971,19,3,5,14.423347614919447
19.03942567302945,75.71339366264904,4,6.848036956458562,18.442258912033463,3.230228565911161,3.71394242413544,8.364078155937928,3.1258581273422994,1.5857157514652827,7.395593973187542,10,5,9,18.22416530395176
28.82592670602141,83.59826962728737,2,8.37738759517764,21.073166860557635,0.7657811668370869,8.595453887842787,10.316974747938463,1.9412713966779849,2.1887234595009097,8.837406033791115,0,0,12,21.403748309540454
32.18121038901833,55.97039526343033,5,7.077026295496838,22.93646418623696,3.3871984032590454,4.74296502490115,8.806804989467198,4.431743274853509,2.3488151528327017,6.8597864350747235,2,6,2,21.56524681697353
35.41938247492171,62.13254838586789,3,4.0588775260472545,23.680795666774554,0.2314099639963656,0.5972328897194423,9.58590109862742,9.478728728646667,1.238561034691104,8.16666028664337,7,1,2,17.02206040641372
32.281738642648556,58.61900355705923,2,0.3113573793056956,18.64009438489041,0.025575008304078217,1.1078391159552858,10.95518161797418,5.380082917071624,5.246216531413349,6.204641139525479,12,5,5,11.567834523992653
34.03456166139584,53.35251711740633,3,9.674016302352298,21.786991264194427,0.6337085976247177,8.134545715784512,7.173258734664868,2.8640487670364525,0.6809270397169744,3.5288426126454038,6,1,12,19.536041042759216
24.78900385085612,83.24547212222161,3,9.863360621580867,21.410083504789483,3.91466874789293,7.436974300285129,10.1553601279442,3.5406061830303748,3.378774392309574,5.926424276116509,2,5,2,23.064060552907264
34.29650227493025,83.63601064019943,3,5.493645514442687,23.34187494568885,2.0942615104711058,8.75881517166792,2.782466772302065,6.130757117171277,4.884905095404811,10.714319427655317,19,4,10,20.30029846344442
19.6022969276935,50.14898187849207,2,0.7067096469510559,22.507464181109228,0.18626964605643748,1.1886116590914375,9.776798049503675,3.527467418130803,3.485429656802455,2.6549597929157907,1,0,5,9.861835470687536
35.89633312121055,66.90418524088187,5,5.409725059144669,23.79157121499188,3.9887027361988516,7.604167437965275,2.660240895677763,5.38346722920669,1.961378972974078,6.975521019740823,17,4,12,20.286291704264993
28.951847523074726,85.61445372875184,6,8.923384702208084,23.760195225491977,2.97964501930809,6.551043649581891,11.215550624913359,2.741598934528273,4.688130361596357,2.5498891713666247,4,6,5,21.411585552715387
34.345955399249874,87.7235099364811,1,6.7998551012821355,19.354110560071327,3.3520203038048653,2.3229324114104277,3.959680049492024,3.4593127090018583,2.9950643332783935,6.631461491008624,17,4,7,16.46315500895821
27.046365690366002,60.537542425322854,5,7.199892310327243,22.352105231402533,0.8517621059203337,9.739043855556112,2.062055978107354,7.057278588363598,0.9780770980004234,3.1389519896263227,15,4,4,18.846538344542573
30.871553903930497,57.1694883170596,2,0.8496983743224928,21.183138548189365,0.42179773694543066,5.703548191512311,1.7780251215504226,5.846183516438876,1.9011796491166066,6.415321265514889,6,6,2,12.079644100388125
28.528053218722263,46.72165895571155,1,1.0651163703180144,19.28761197129183,2.0603397708705375,9.068779753971354,2.2472666032539883,0.9348686331337952,3.551638910313481,12.895140030603136,0,4,8,14.273352610460117
32.63179043510664,87.5323123914246,1,1.2734877637588526,19.169214493304406,3.08870273712897,8.590931342069863,5.3704837027579915,9.731825185060396,3.9526590767879215,9.974313119955214,8,3,1,17.87252317705195
19.63259964061179,38.56885826837204,1,9.043768336609926,18.486506047597718,2.5511226092739903,3.331254605226116,6.265792692960708,0.49336922958885143,3.288792544006852,10.869827515813055,14,3,10,18.389575349683614
19.207041679811276,64.7897745628635,6,5.258496362638133,22.773271658512133,2.5242373260726843,5.359568619868132,10.965429990287022,0.8293957228166382,1.632056613681892,8.549401660445714,0,0,1,18.668183437721762
22.94206468020293,46.95301605111833,4,7.915750963929912,19.947028683720056,3.0283843347532793,4.313682994046717,4.572177635132347,7.013860487411337,3.562515841080976,13.990962118025344,16,5,12,21.544720596942543
21.190893602263767,46.7404974208678,2,1.1529125988360023,23.1418130119738,0.908083302214048,7.090775702600757,2.609787705444649,7.080181394308232,1.9947091991648047,9.035062296650212,8,0,12,13.911218498256167
35.435671331844034,54.298115242571306,6,9.27642705508595,21.649892196139287,2.6460771272439576,5.880420045434277,8.925853342072578,0.18935533226771883,1.3495264494178532,3.3558231457383654,22,2,11,20.665612268227164
22.384279747160885,89.92757614893927,6,8.211420914972102,22.041800129030765,1.5684426765414292,7.848535330372412,1.6158528951432714,6.427538994635979,5.673171953878961,14.13033978817761,14,1,12,23.16868723349425
37.51730511638263,33.29797841038933,4,2.247641447753561,19.75004249766118,0.2790139412813568,0.11752259597984538,10.707400464182255,0.3326001477645646,1.8892404187465435,3.7298237831524883,9,6,7,11.246781555139433
24.737915835422136,64.71250909221189,1,8.741822332939535,20.743765676374103,0.8085704249735413,6.8779326141455845,4.912795622505648,9.60769993890027,2.013722728371298,14.98921444357005,19,3,4,22.672895953739264
21.642358313773986,34.954329482116634,4,2.634427593968093,20.47390546849875,3.17601495681957,3.1906515521965497,7.366097803859756,6.961425938329354,5.380658728583658,7.659995403605462,2,6,3,16.500035475917585
33.79397014284958,39.27124979943114,4,2.0533987933905653,19.414131983547605,3.583722792321828,2.2422213988941797,2.2342121113982714,1.8657810132095143,0.8561578526343241,2.9553110721091556,4,0,1,11.332421922781915
31.17415551001752,56.37377650637392,6,2.6424393681221234,22.995073011160756,1.1312872461135077,8.012413663586722,1.7463497889580406,1.5810478816041906,3.507569236579175,13.233327370942677,1,5,12,18.07003466499436
27.96391432906278,60.62760788078648,2,9.099550632726093,21.732507034839728,0.7614437520227284,0.8922121118818538,9.586072497058266,5.696623027204089,4.702263811744843,3.20747771945429,21,4,8,17.872534388357945
29.107271018752627,45.52754450187144,3,9.155919855148696,18.22459186471842,0.10689801698069923,2.284600450991412,5.156427502974719,6.335187256365991,1.6419926183186362,4.26762017315356,5,3,8,16.843115374298584
32.384035565445274,48.987427852464975,4,3.289957746879688,22.91950211627213,3.7907895543472474,2.0373434109977815,11.840913752714522,8.312376298717387,5.06448636583235,7.425511676447623,15,1,12,18.872338565634156
22.569094826625975,35.21802121535598,4,7.054341850945512,18.63622653617155,2.7354197001408314,4.198254450597019,6.291575333429419,9.033211492135617,4.617893874094743,10.790421522716043,11,3,4,20.283858713410922
37.92667832113484,48.19318703065503,1,6.7574525516418325,20.422178601195355,3.8281204201726413,3.22336784557261,10.147834929092276,3.9253344405820654,2.9165644036004905,3.5748202133809057,16,5,2,18.20893734564635
37.49586324293566,87.99350636283265,1,8.065626321304032,21.42754140978227,3.4553967318822196,7.204683171096702,11.759564144657222,8.440848423714895,0.7122942286071692,10.094127390832679,11,1,4,23.82402841212214
31.00651372693874,86.6824429003489,6,2.965095001421311,18.045907473967308,1.3618663707616308,6.993698806014765,3.373801938102019,5.423800353167339,5.820642957159919,12.145022966041292,16,2,7,17.599607928534194
21.990849018582903,50.092697408219095,1,5.101385419104019,21.917448632657617,0.4507321830220272,3.2547089110603897,9.610580545864392,4.705821406020196,3.745381344196743,3.60544935390434,21,0,4,15.613037810482046
31.604564848625827,64.2512361767257,5,6.676739510082869,21.958217637361543,1.996227179440551,4.3698077614579525,0.264073959895752,6.989706460577879,3.102590425154427,10.418417955893378,6,5,11,19.041794873511254
19.443968179583518,84.57572346665665,4,0.26256818809906046,21.91515790279588,0.10725519127068406,2.0790818417977297,8.157049416732345,1.0319496134465378,5.312697511172549,14.465386459828858,23,1,11,13.527187683566115
18.61305004411612,30.3710293584538,1,3.7673874533095466,18.980807628637663,0.5996665125737985,6.708349004962706,8.942413093414192,2.6538650573251257,2.5281372579214554,14.576135469852986,15,2,3,17.30839470462004
23.153657770224275,78.64101422025551,2,6.95888357678569,19.534393960641296,0.9337305160603342,3.9622274013257552,5.728364549226028,8.167626854113884,3.3818481063502146,4.101613849016855,17,5,10,17.153316055397838
27.252459134786328,86.90217316733515,5,2.525950931191334,19.48425491719644,2.6625863845779008,1.3282610444221532,1.945262521410024,5.04078838337409,5.15047793061488,11.876153125311504,7,5,12,16.247759334052102
35.36545010816761,35.479544060013424,6,9.577041070064872,23.76040189907782,2.0395098958163844,1.2726549191151126,7.400646576941398,9.08043436482094,2.357833097808287,13.006221651722054,17,3,1,24.00013803132487
32.543381395326165,39.68686116197526,3,0.3016137150683895,18.405169123355265,1.2096782244511912,3.2232067842117553,10.77034391322669,0.8870373388291086,4.6343494803549055,13.556522094765887,1,0,9,14.73901615844803
32.85413042399962,87.64477816628133,4,9.580871875874228,20.572569046221023,2.2590735967653597,7.473250286361957,11.175830394939227,3.1341281098004514,1.5368266373759463,6.207858441248774,8,6,5,22.348298080746652
26.50986668896151,62.25240861842078,4,2.1676386801040004,23.227523434921164,0.5008105955534692,0.2550433613150038,8.953228685035233,3.555498928040366,4.214190612803149,5.511539843058614,22,6,2,13.140999237941518
24.91869985093926,30.851798068303424,2,0.48822041925369986,22.616795966686297,3.02283250727445,2.5777469318288215,3.164559101107224,4.2272032272315405,3.0626091817853918,2.6221938470586332,23,1,6,11.338106342530377
25.420775259692054,45.45791992581175,3,2.924740332235575,22.93465274789356,2.848140555013137,1.6248615888875728,10.443923112719041,9.868200515642483,0.9894407770818541,7.1931331514348855,15,5,2,17.057012587263735
37.752991274721154,56.99662045613158,3,7.862823072902253,23.833761504734,0.8660107027221176,9.56477821305615,10.665876800420339,3.1066271406820167,0.8160447623774594,3.61143383575656,16,6,12,20.346754220627133
18.80218382824965,71.57453466148607,6,7.524420064480531,20.323570873639135,2.425566223105227,7.0528160397102635,4.406906468942648,5.186824529654336,2.746129242299774,12.22134509719436,9,5,6,21.810981328401727
35.34062992244897,73.98962268820797,6,2.0884041642279207,19.85793164628277,2.0132104171889518,2.3323268411894613,2.195780838524168,5.360713238710018,4.265082654152506,3.8585654342913003,21,1,9,12.904962125162507
29.57350817144787,89.72529077552737,5,1.9679013359179942,18.183956940901183,0.24326524739919897,2.074605854361946,10.495913209600419,7.707979386073665,3.61977593207028,12.645769547870966,0,6,2,16.987667041964983
26.77230838379181,47.25067196302554,4,6.4257991580454075,18.90011617073917,1.1126156673445378,8.580305453872766,10.621167783033773,5.178689940858079,5.128350176504322,3.3989762991712418,20,5,1,20.34675233503908
32.50515320830273,62.293206112108514,1,4.580826896757305,21.372087927258143,3.9979308160954097,1.902266964164131,1.210873014614569,6.057374006205106,2.337969895832025,8.248001230394719,17,0,7,15.39497413463006
27.733378828494057,61.9994128715763,6,7.922899533309023,18.94596357032004,0.3981426444432641,9.97059200197227,11.60381150666986,7.533280507609116,5.061852832243235,7.000245354301142,14,5,8,23.153779583000002
35.468464761633214,54.33871556683425,2,0.24132778692553591,22.417830095885463,2.025645228088643,2.8230312001139968,6.396966636945573,1.0113200467994532,0.2221707324643305,9.820069200028772,8,6,2,11.492695603429834
36.01403728022517,40.14971363054521,2,6.104118607605711,18.223395629495624,3.3973350184583087,0.8433271486953497,11.924762339315235,9.634721235249694,2.1948276991658684,8.744034136386988,2,3,4,21.028905020941988
26.434418537469107,88.64739379103055,2,7.306720122398759,19.556928139427292,1.2026074920206558,6.909418940168582,5.340099002600177,8.46304176079448,0.4378983516021049,9.782144840016267,15,3,8,20.289489862191324
23.536555944701032,81.19903119999516,6,9.93386112028669,22.172718740330932,1.042834555975002,6.096427925841738,6.399400072314577,3.8877261362310698,5.515465023014015,2.0125279076528315,22,4,12,19.963535187719568
29.847006571867244,59.89998169765423,6,6.787816942368469,19.533016945434383,3.563172206761295,9.998221653614568,3.1929939836549472,7.284175890737433,2.8518730605468474,3.6575470251567213,14,5,4,19.93985900969874
36.24726691233382,66.19472536104179,2,2.3184515654996627,22.372562785346783,1.2193197879262923,8.020857443719752,10.787369346184434,7.623251044087467,1.8969386702562547,8.722562401768547,1,3,12,18.510059060038035
22.21324378011333,43.63566321357974,6,1.0818619488003878,23.97518325258421,2.605973245011168,4.2883653313323915,5.3245454048709275,8.502464494156568,2.9549262326223453,4.985659347926336,9,0,9,16.56661508547702
30.459331671269656,62.62722422350481,1,6.409167746440754,22.78250373269462,2.9612519373239303,6.7661144816308365,9.775368643528605,1.8831682513405212,3.197076451120557,2.9921230107747245,3,2,1,18.072413913254803
30.63120440185041,71.69820798728855,1,5.2318306751821595,20.051012752566017,3.15447099722842,8.17849453603352,0.9568113011409922,7.037027526438026,5.077394830731695,4.830114100941335,18,0,10,16.876582861866993
32.66226044830562,60.910021703195326,5,8.991452884450164,23.40355140376957,3.979038549227986,5.137265254432951,9.458959541937752,0.33340530526283607,3.2545664175184275,12.138174256354999,16,1,7,22.6580775995908
20.631353702545198,89.41711023509647,4,7.26608021181275,18.307078414009258,3.2127682788396013,2.728714507352116,5.882917707017699,1.1557912405388138,2.588288537989773,9.042023209454646,9,5,3,17.60804835915921
32.31649929364177,66.68049937486357,1,5.097424500426206,22.350040946683873,2.6280486275501374,2.1010564228636963,0.06489455679727163,7.760669604655037,5.768126684261569,4.470999494035915,21,6,11,14.838397307250991
36.18065041331282,52.25842275553014,5,4.035894707651476,18.13993398937605,3.5818542310358943,2.9528143661361437,2.715155267985539,8.130030038817594,5.811348828419666,2.2077188363392883,20,4,12,15.925016459630573
21.593662177404838,76.32912165695029,3,4.043746995708203,19.04733297214179,3.62297854255579,8.480687816698051,2.3247625373174037,5.924364521245646,0.23050070216624108,6.648742717315783,5,4,10,16.92674225146676
22.750866498477553,40.227750694898525,4,2.2630428615123455,23.925514449231446,3.8926658306384603,3.804323724887353,9.021174975713278,5.8168597418389725,4.241074541673094,6.647104693431434,0,6,11,17.334952071613923
37.42790188083279,53.070948822375996,1,0.17325971755697056,20.16530947496584,3.1058610579059445,2.8666415856631744,5.726426277518623,7.495114283679296,2.2305483933026493,11.55662771237083,10,6,11,14.906181730599766
21.619539054189794,50.81753702265515,3,5.749105882071062,22.922996268985433,0.7797093223925238,8.05887227795081,1.916620760245169,9.060848220887015,4.051198019027603,13.952670358539665,15,2,3,20.966003041411316
35.08770186739159,55.90842570646664,5,2.124147325232152,20.256520277013614,2.8392243556159604,0.31920341774543504,3.081635724543031,4.211151708676297,3.821534364338575,6.836182766588351,23,6,11,13.784469889255133
27.845557128960696,76.90678955572358,1,2.083269177280415,23.040170704786895,0.30051376657527396,5.939582709303421,6.048921663670618,1.1482111860734823,1.9806270801106223,10.94572485291207,19,5,7,13.847152885934385
22.94462148806354,59.050381929804445,1,1.253812286764805,23.792637360760644,1.271851711661574,8.736318031862716,0.2356583678360864,8.38999384427288,5.919952338124345,10.25377198858624,6,1,6,16.090362399072802
35.41499802545023,77.64086701595777,6,1.8959549017669275,20.613217460515,0.4632300412623338,4.100837490556074,5.089507057192485,3.4164414597075297,2.142656722197724,7.487043697649089,23,6,3,14.460867583559654
26.90610510005331,64.58933418839194,3,0.31789149555137675,21.356095151089676,3.7997704275501603,2.693181613592844,8.136736843844881,1.3378577321059038,3.7918895315869925,2.8565710463949228,2,3,2,12.30474295964052
28.296347078593804,50.52416607945332,1,6.74231449748532,21.77183693978141,1.355016448897448,4.917090694359564,6.213055023430545,6.146164001428314,4.8803184343126595,8.155038514356786,13,6,11,18.34614710729441
25.18466738799531,78.59872462100834,2,4.013971163126943,23.60900881305141,2.852862585772999,7.174771676920794,7.177194492905985,5.7808392521168965,0.8727898878571154,6.603801223150784,3,3,11,17.227398020899845
29.85901702869855,44.29738023318549,6,5.615245987731451,19.540464524607348,2.285273743144509,5.166055630351995,3.9194174041397973,4.7424620650238865,1.8034103483501653,9.152527016058947,8,3,6,17.64119558452321
21.270477451700454,43.46297878798773,6,6.3695761802079955,21.66749623700236,0.4300456522285474,0.0763899462577311,2.1969086882370696,8.597972442471589,1.1938363114499786,3.63016202007658,14,0,10,15.081223549617917
25.821630733035214,60.27017544329014,1,9.724845622761592,19.948321369338856,2.24537779152351,0.7832455610801592,9.716895484262173,2.722258354033679,4.690934548792771,11.415117438550507,11,3,7,19.15731422795716
37.38824644670575,45.65095475772534,6,0.6826586585550098,19.301599081094515,2.6440941736994916,7.213284230897013,10.867618457236325,0.13235265284380127,4.807251251741588,12.240755640162801,15,1,9,17.59508847523994
23.16266865402255,30.54522209707298,4,4.17917684831438,18.509522034139284,3.5260690292545185,3.999513348754986,6.128886844498723,3.234687189422,1.5356631687191182,7.050001340060078,22,4,9,15.428958974042377
31.134733290825842,68.89785163792808,3,2.4589793352648104,21.724265182415692,0.2803425696765727,7.847758312702351,3.66049455097669,0.09705960402128788,0.024781134830974327,4.2785861916721855,18,0,9,11.136683475689303
24.503801284493896,60.66562928834388,4,4.767119318568142,23.292512873229413,1.1825359403873623,6.49489914105909,6.134457954215826,5.435912108968393,2.5401029624819964,10.106514146284521,13,3,11,19.68685680023058
33.46946251373201,56.73106886958967,5,9.204723006138881,20.108357333067076,2.76936377565045,5.815158343218788,10.547826247648747,3.78248292859848,4.122825684372176,14.425555578460575,3,1,10,24.617632762950628
20.617473214366996,88.01811087709892,4,7.239842652481513,21.316011217157865,0.1373265434872475,9.013751683784113,8.29687616850141,8.13942740857086,3.7350130786951605,11.106541202586163,22,2,1,21.562695881012733
37.39642090157089,64.27195103777481,2,6.6194958647989335,21.852802771764694,0.8142138247098836,0.2132207348071269,10.30339303548141,7.9758535249081755,2.674198746573432,3.6052690416049935,5,1,4,16.97398873953494
27.075790827672783,81.80589466736308,6,4.412458764311774,20.487901066771222,0.8746815856186725,1.550343613978017,3.940553076936604,4.346384932986637,1.811649821624724,7.163861276181158,21,4,4,15.4825300045754
22.72100926692928,38.36701417230961,6,6.711124983744359,23.420087102196348,2.6773056510942954,6.243759554919758,8.543749540049951,2.16485273585823,2.8463240525570015,13.899795014767502,10,1,10,20.43875754094566
19.469934946600254,64.15238778776566,2,0.3237537727440809,20.17653096720706,1.1438427179017898,0.6582804655009544,7.836587658139399,4.224298659422971,0.09061685723816404,10.247494029529172,3,6,8,11.987876116934842
21.395158101750816,82.07877760385418,6,5.862386720298945,18.75006492053906,2.3983826490406295,6.4497048506069135,6.859397527805007,6.413177325436292,0.4432237167225137,3.91297855018596,7,1,3,17.11648449786352
28.395478971120355,64.98634543679388,4,5.537765625992482,18.864122148310198,3.861393786705229,9.841210770252678,6.338698382766106,1.9020598157290736,0.9760607452380294,11.419698598196721,8,6,1,20.49750478819701
24.740063528625726,73.08085068762009,5,3.4664043196319283,23.345145687046276,3.1729719280049355,8.788080989945339,6.611734597675163,7.730466155703029,3.7524321420834283,6.595744257000475,22,6,3,19.0706039844389
34.577667317652185,52.32261406873244,1,2.015141254241084,23.92804825708776,1.3316112185780242,5.909169240254285,10.19605307672039,3.3056021043527384,1.3127952665171043,8.363947098029993,23,0,6,15.549983238627739
26.617750473236118,35.546971022224,2,8.07555550999301,19.7336271034303,1.8895998753574572,8.939766743059621,10.99193401204974,9.321769949174092,2.540273514243313,7.395605289991638,1,4,7,22.811885262329806
22.9742854517526,57.474017707624284,4,0.5386211445509648,18.86161635392827,0.8026956084040116,1.1626815126626522,1.3543255726228587,5.118705302746079,3.728465045006442,11.434055848812655,19,3,9,11.96416397045376
30.342899732080603,53.668763450331454,4,0.6967286442358778,20.893273690537256,0.06288004121379931,4.546941649255642,6.825258931084012,8.471265341297222,4.98346084412556,4.832779723494909,2,6,5,14.204977885047107
32.135544337708914,82.02361094273684,4,4.405217439841466,22.257168381459586,1.158861592499433,4.286761158120758,11.020901069678816,6.158925802966025,3.297939122874376,7.04880713682942,5,6,5,18.53429204506717
21.340838158018997,44.639718141148336,1,2.5255454740860506,21.67441744861783,1.4776344448197527,3.3644758699299104,1.6168798219091296,5.546018437787376,1.0627590251862309,11.679094340003429,1,4,3,13.496485393660784
21.35238432576635,88.00405365210648,3,7.454524135070204,23.706649092495674,2.2574686916739015,0.0020139813431041542,4.954312479562875,6.821301334851123,5.710437149849957,11.162176317835772,22,2,12,19.949881868311977
18.73342853867086,87.48828718826977,6,6.34190076921191,22.90666730382977,3.776266597054919,8.910290186112523,1.0689620562108475,8.114911237077608,0.540090897281335,4.622675597782765,7,5,3,20.23796571857035
32.72804030131281,44.85789858428632,6,7.725347961266315,23.213832990384013,3.7914082922873344,7.77706610152795,1.361716824116849,6.445075044097362,2.2027157460781526,6.558631210417829,19,6,9,21.324749356661897
31.276090552436102,50.88311732863923,5,3.2467895633780106,21.250002953094423,0.280393195437155,6.5285751559978875,10.8493297507144,7.972406871917023,5.527943644223577,2.18673232232214,23,6,3,17.347589928525064
27.492617514996276,83.7333444524331,3,7.405189396178674,19.9636511599887,2.4585827181246813,1.2896684385163404,5.354155017965921,1.90465164459513,3.614000782885988,8.892242757876591,7,4,3,16.90782187660832
34.883408979383944,87.99733325376644,6,8.62303236026399,22.210416062763475,0.16941060355142445,3.782051336915041,8.264875848055183,2.7751654037480114,3.9759135673491186,5.652238228693452,2,0,9,19.716869988533162
34.113403059001065,56.60634617016264,5,3.452744944185717,20.63431823970837,2.592324299262814,9.243269973678313,1.6669730789223998,2.2972282158730675,1.81015586704922,2.154256916986555,16,3,4,14.455243532316052
29.707087287935042,49.25982273845387,5,3.398958211618334,19.726525443373948,0.4708122491005864,6.169296050695467,0.2633697887130695,7.983031878145757,0.4712313321011483,7.521165084397411,10,4,6,14.920882959078764
35.36542561026518,61.56564079509252,4,8.999514039064263,18.913624114033784,3.7856113000884015,6.034105365260251,10.685807488186368,0.8612855885707582,2.19456586515264,14.04930625181723,2,5,1,23.67847444621222
22.116824200735365,71.2661523819441,2,0.4979025318770913,21.167245247337373,3.4573547301558776,9.131265747570346,6.894547674588264,7.958631974417281,2.4129441409017263,14.004215153607609,11,6,11,18.555032227727306
20.23839238795456,46.408470922498786,4,3.5018940573084434,21.56552140319951,0.08931532221353322,5.598337248996376,0.2398530668520822,3.8904229981452163,1.621634169368366,6.837337097459633,13,3,2,13.042434317702403
23.394992230339792,74.18839047714437,1,1.1867249207180408,21.41271409592505,3.128526897831425,5.976232485569792,11.908073771135845,0.7950716201739549,1.2929123432391676,7.839312460395686,0,6,11,15.423022384665764
19.141737121786296,33.099441426878464,6,0.28980590249976235,18.699290180601324,2.543588468682444,3.457156944762173,5.906308596165096,4.244262615264623,2.133052244584959,5.154859025150296,11,0,3,11.832123640620166
28.62339056002064,32.95766956586499,5,1.1286941764682212,21.41992391723246,1.9814767625375165,3.714409292323716,5.71051809798331,3.005023005338513,3.836501260581473,2.888001110413218,17,6,2,11.680742123997115
36.73211384589923,53.177262308732715,2,4.3124579118027695,19.010484640830846,2.4105379470099537,6.856068624141526,7.450970211871455,5.919521827826496,5.694208482709744,11.021046876234276,23,6,11,18.95697695749904
18.786870813370193,51.208391523643236,6,6.869560692277908,21.982284992708813,2.71300024185255,3.2043521663131203,0.09485441034554531,4.72526633093813,4.22268442075825,12.400685188613606,3,1,10,18.82899345912192
20.442198280200536,48.93799292202914,5,2.8928242444196295,20.5763039799932,3.5378299022420525,5.591079205878501,6.82966048447728,2.9677739108835013,4.677618509673453,13.441360337684241,22,6,3,18.556974034810597
27.043980565668704,59.4611857601346,5,8.496753074011247,23.09273152643493,3.0694306441709815,2.7919669115657966,7.553806847875881,8.622659444055156,1.8364018172103012,14.158734784728646,2,5,12,24.823859736067764
36.6775003505581,49.24401493869428,4,4.3761562873835,22.66959446876267,2.301511277319962,1.6612523795444534,3.5634428172368713,4.068214248455689,0.6281548963682952,13.907523756755456,16,2,5,17.332491510964285
24.32312209953501,41.535475108085514,2,9.682280509617435,22.346292309099802,3.298462642980034,4.544024589387014,8.722228917219581,4.706899918017787,1.749081272814862,2.3559845135288153,12,4,12,20.082660346360843
28.144696173767848,48.56817294531605,2,9.541556694437,22.204422596005813,3.9476918260144007,2.1744601241410724,4.529181794615613,8.466285247524576,2.41592526803694,14.715233807635425,16,3,1,23.260162676448584
18.831457181007842,88.49425636861409,6,7.73276222666815,21.362928236868612,1.2007280835731788,8.984943050815408,8.613277613497683,0.8905660834402129,4.139288078862101,6.933526280969675,16,4,1,21.10846251198012
20.966864019241775,54.66680501969091,5,9.324054961466182,18.366681456770067,0.47368277607307263,3.0361296582703288,1.7259021414301716,3.898931417777447,5.636151402182547,13.519399902917334,18,6,11,19.624134133581506
37.73260245917694,56.68276661150014,2,7.070960761611116,21.932937741198007,2.925793042834799,5.974020955393211,10.964373792492216,4.0285668652838975,4.855755086139282,7.729882603277828,4,0,7,20.57489990355416
37.30237392872091,64.5926993970684,2,8.955831899911814,20.80153306538229,3.9143853356519327,2.634418405452039,10.553488483875123,4.958256551566834,1.5984017135407198,7.488476643324895,7,1,9,21.028174375160564
18.098799618688194,89.0004461048536,6,2.364737173663065,20.8173282839612,0.46682368480987035,2.5801926272476647,1.807517713053247,1.061205923594053,4.921804088223513,2.1454779814302136,23,0,9,10.318506742723807
37.03623570846478,44.49607658614578,4,3.454202001767986,20.27413317279762,1.7268290320329687,3.5063608147840784,11.26144724502625,1.0266012124955137,2.4704806515294475,2.6817388161971643,1,5,7,14.71510715169298
30.78239875631001,70.87692663194602,3,7.529300660048616,23.574425489050263,0.2490705687428889,9.158745673209491,6.693363273207288,4.164159557659159,1.052632911804553,10.72662784552179,8,6,11,21.31165653561519
35.35836589040044,72.95908161250344,1,4.245612382065572,19.496707601714593,3.106127771083159,3.9149773828526655,8.41979614037962,0.3302900834672784,2.767520931418665,14.189327896544572,6,6,11,17.826959842403433
27.09479711267718,66.43946500758395,3,8.37327433824518,19.89956672045868,3.7948348628684485,8.212664694241443,10.083525508518342,2.5498435905963515,3.379323271516233,4.917203467011482,15,3,2,20.334438110683287
28.311920571585006,35.314700378198644,2,8.77638871587775,23.778244696413736,1.9959766178079996,1.9729807453843295,1.0028393649600438,2.0117675377156363,4.580430656149467,3.2209473820218992,11,4,11,16.361330013715847
27.776931605138405,70.61233654965459,5,2.9972948472092487,22.860922411660187,1.6380845890407567,0.4816954313643107,2.0314122895939986,4.893862613235748,2.099378950248552,4.780141428803302,20,6,7,12.745944383095688
31.337285150922085,33.84568266217053,1,8.234508081895735,18.08451847297722,3.630876093002084,7.816779213014415,3.4846910578315415,0.11159557218210603,0.8806759262323895,4.760158005342827,4,3,12,17.747154670471364
20.793025095126257,65.76855897299382,1,1.5426427106515006,23.436645599171243,0.5335535572684664,5.418748974571014,5.726453776644163,6.757334502639704,0.5661212837508147,5.810762845729225,23,6,9,12.337162813608153
18.59947179745356,74.37487063330457,5,3.3419671153684902,19.35988379299842,3.566337245900102,5.0372581302692145,4.152654075584887,8.55587307130736,0.6746759004050586,3.2316650780805296,23,5,7,15.424025472674838
24.158598831823817,42.65819343719703,1,5.179649511213889,22.23559523499638,1.5685040112054698,2.722058492494136,6.070156523304636,7.067415182393043,5.700140518065531,5.061847255631075,20,5,2,16.256243790513764
32.09361525473294,80.49732045256644,5,2.2644376210389217,21.318438644203294,2.2376256494315894,0.7231701485935182,2.2310043281248353,8.18078169362,5.710507531067015,13.976572846327219,21,6,7,17.382912186091225
22.037069042458967,31.821228331980254,1,5.792678295751993,21.220871301616704,2.113168420513236,4.82860036332846,8.185849679197975,6.433164037981865,5.812538672432059,13.57285008684182,5,0,4,20.69369336599458
31.468648666498346,80.62877181949837,6,5.786950787176465,22.307527940356316,2.46391669764178,8.672263587993717,0.6688185742047739,5.073670343891417,1.8149332113169585,6.111956429371874,21,4,8,18.22163184109496
37.398240922145405,57.6197430385659,6,2.0690289485090574,19.243088831366638,3.768493255030016,1.2002201370348586,4.337394074495538,2.190215973096674,1.1496865232872382,14.95961495211668,20,3,3,15.005095063551627
19.878014315788366,43.05527639589867,3,7.956413448854567,18.95415078459856,3.804508129069511,9.291708793471722,2.148398936053471,2.796263476828641,5.885486837497629,5.878590397260275,16,4,12,19.3387100408472
31.452042364502525,38.02668869963808,1,6.3164448941149685,21.91147564039771,3.324593068654742,2.747290802416147,8.759199262448163,3.177080037195177,5.9295845407408105,11.383787648018545,14,2,5,20.17959593192826
26.875004386091423,87.19843005494235,4,3.1776050682495427,19.743475373427973,0.7661763081511976,5.321862928286622,10.603840065958936,0.3801766946648377,0.47010265170189225,10.372114686700819,9,0,3,14.407820771377041
35.362845087550106,34.3599352548694,5,2.3218478347029192,23.843701245946566,1.3340652975538374,0.6650839546658183,0.9454345104416988,9.130887714119002,4.515168602265696,2.839203890807474,2,0,7,12.386636956181995
21.542995788947717,41.94560519615554,1,8.787501388344936,20.70907103444804,1.9512994010181788,4.250465938026458,9.4204542703968,9.00302702633374,1.731983767876968,6.449858998061071,6,2,3,21.208231949455094
31.85251904452329,50.86934084598276,6,8.357422452246526,18.66958212004179,3.6218437574740694,1.2589788640716348,10.748667524665226,1.0777784952995517,5.4557924664901725,14.369495031319028,1,1,10,22.91847161442068
34.76230579296221,67.21409093766724,6,2.297606748555263,22.11489099703227,2.0834592953848476,0.4797378607720748,11.687642599368662,5.566935655500531,0.5353500963254016,2.6612701326329153,12,5,5,13.71645546433797
36.892284389480466,62.6880651165659,5,0.3560522651650877,19.836955754796787,3.9097426586751918,9.665576934276498,6.9526350113410675,4.6764129420383584,5.331466415020063,4.273496224555739,13,3,1,16.296616012139552
31.664960565792917,37.53860954473884,4,8.045325957431238,18.891524565728414,3.9353646866768632,7.3009453546413265,3.928702632088881,6.834139970419954,0.015727595511376258,14.622295086319356,3,6,4,23.881715460642294
27.94349528016855,47.383679024292874,1,6.155085552650431,20.536940177339524,2.3943370378519306,7.190577210136607,3.8636831984079625,6.030176605383345,3.1318672381134522,2.517305878041878,7,1,6,16.97573816607019
30.356944804024277,44.325106265161445,1,1.008820280534597,23.78533366852367,3.509981358191245,0.9054968948375208,4.547640951533431,1.2432180117933078,2.013383085006799,7.8058955283480715,4,4,2,12.03091305348021
35.37809968957436,42.81257126942048,4,5.873582062188952,20.46858345832278,3.9968908480955956,9.29350524487742,7.3520088879315235,6.600776449617957,2.564002521984631,13.938563506523613,11,3,6,24.330479656343538
29.412194932776593,54.66866018879922,4,4.521826853616942,20.08400259438638,3.398866072084879,4.694685150098856,5.8827601456695,6.088723039560376,2.602707427595836,14.26782425105886,23,6,10,20.85602370105487
18.607741193936736,72.24188715549941,4,7.745503274736915,20.667053772415827,2.627644052745018,8.52284068057431,7.843620316882021,5.312236379738056,3.92161895481412,14.731171590541276,11,6,7,23.91084174819179
36.61897391013956,43.047175933034154,6,2.0908484215873004,18.07269423359789,3.3805341020819797,0.12601101113770774,0.4717664823549139,4.024062665732267,0.13858273983977232,8.257176399877512,10,3,8,13.253787803331466
31.790535020631225,52.000732782178886,5,4.531567443050265,18.798609231591684,0.3306202471592843,2.9820648133750693,1.2705786045733642,9.549209940531643,4.148184649514576,3.12423984180906,1,5,3,15.239843545368476
31.53026771554493,53.45504561046974,4,1.5624411425191675,23.09804770880765,2.539285270119357,9.960471221264656,11.718473993121133,8.494395613111159,0.13318877418319652,12.045142661284027,23,3,12,20.287042256493287
22.31350304795434,88.58739176612461,5,9.575272278108466,23.86820647256708,0.8660881289400204,4.278380426953992,11.944626026234863,5.850849749199202,1.1116425619650805,11.216785137264331,21,2,10,23.601120876456456
31.177709404653143,87.27998141274414,3,7.787381569251641,18.94764891362209,0.46425460260269613,8.884935388643546,8.959905805672678,0.06377825267616433,3.64044990933807,9.534974132007436,4,6,11,19.04036302664172
25.877288113083168,78.00825496512456,1,7.367224265013965,21.21310691032145,3.5714850093124073,3.2799834837103967,3.076765802172358,4.321232421697731,0.5186246156517651,13.547066331171195,12,0,3,19.548948094595822
31.02465954082984,44.49953524915111,1,6.9020666502080195,23.798000602833863,2.5585797750322152,5.253291322682063,11.4405808128066,7.00339728550099,5.945421954919171,13.850411156828148,17,2,5,23.418734466729344
20.131860606159815,34.08223884550018,2,4.233364424663817,18.939488257073783,0.9741861836876948,8.542190659259605,2.5644335255004425,1.172942347694923,4.706304529031851,10.882175552296536,22,2,3,15.59381838174699
31.156906092060723,49.014248263237484,3,9.232824157031448,19.1178577050147,1.5471291909605944,6.0582056020393535,8.77717586913127,4.0654961657174224,4.233995560847494,3.4572993136796675,16,6,9,20.632568390155754
37.98827451541333,46.00767296602985,4,0.7291701192700539,23.56089812357039,3.8931061814135672,7.251923426447116,1.3830997403044658,1.9172522395263814,1.6060860376248896,3.241827247877058,5,2,7,12.433045960634363
18.96424077721112,60.35554800878363,4,8.032590716789517,22.234125878714295,3.4487282115185147,2.2883320421956412,7.786853982718009,3.3814298714881774,0.2913893536017216,7.312186777901446,18,1,5,19.242533585639162
37.54348368442635,76.66367460406758,6,2.152327321057327,18.911800121052963,0.062327182002063886,1.5589043745513942,9.11418004027363,0.2666920401982309,5.872685977062904,5.805107781080511,21,2,5,13.490374416070075
26.13815921445741,81.49937633273149,3,3.2402795563384803,20.36095602671166,3.9192039805293772,2.30306443409656,10.315681735056991,1.2673238226489936,0.8870896797603753,3.728781397522659,16,0,1,13.960584582935311
35.415069006745185,80.6918451246305,4,5.1942972896730835,18.337619665288262,1.4741178933858294,4.930486462870568,8.811673676256126,4.547568501392605,4.983404048498668,9.945480675501205,16,3,9,19.055018267462557
33.647709681165466,51.58053367338407,2,7.826550110555796,20.596029203506166,2.781672663943699,8.009647647678182,11.081824264265423,8.981899210357803,1.1851044810583924,10.885887451525972,17,1,2,23.62931863021997
29.340325219733355,71.23406060764097,5,8.385349076537366,22.667408966922224,2.8507062584367744,3.539938504762663,6.2510790948087,4.905816216008606,2.2445722017609846,11.073587422184461,14,6,7,21.233150668724278
32.76898418502653,48.7700518514532,1,5.837322501601249,21.32383232751676,3.6467377428281096,5.648157819919711,8.129143282719934,4.530774687078841,4.161537542411307,4.2786043640193,22,5,7,18.283736769225207
35.57031122602696,33.65433259411096,3,4.030354889346852,21.88465273089722,3.5402435048144585,8.048124609782379,4.434601021060224,7.875693929714891,5.672189348886761,5.975969492490577,19,2,2,20.881171224438866
26.082806433020657,72.09391593617653,1,9.4650242140321,19.960920793201254,1.1269183657986437,2.387764660926419,0.12467339147175016,2.6783007693595575,0.11869413648141958,4.58768774634108,3,2,8,16.123297627218445
24.540663231264773,30.58965315418727,5,2.4652129583936833,18.968375506468757,2.5741419131429235,8.829757349198093,9.080315465608084,0.9506874922485609,1.5646089472876956,9.817345005313754,3,3,8,16.720030747454196
31.351867711271694,54.550955247509314,3,8.030945758806354,18.078700054640905,1.5748216917160178,9.530823122223833,10.438327774454468,2.095726203366791,4.58979415118234,9.372058659444395,4,3,9,21.842932020493315
34.15691883882517,49.762756158124546,5,6.120496214481532,22.927874065976074,2.102174945838879,0.38970135799321626,2.0870937241167242,7.913008369492824,1.040363009337726,8.543074682233808,14,5,2,17.24943513465073
33.245702695532316,71.60265231113115,4,3.768950168852138,21.81992735607473,2.2187141017397565,0.591111100847872,0.34368901998349344,6.770479250936182,0.6687307128953766,5.848735261158856,1,1,1,12.945732766886065
33.95627297717269,75.97472836562274,4,0.013679843635368005,19.37592744772613,1.585373783324147,0.9095971874621689,1.9740221460175635,0.9153318225403584,0.2771082686813091,5.0816880483627145,10,5,9,8.013661132600852
26.71166629625866,48.24567815827703,4,4.465993013486268,20.51060376046377,1.8555760817617069,7.767684085096446,10.74347151887147,6.6709316028344965,3.014939971082349,13.575301819328933,22,5,3,21.20961978724401
34.35668432350043,78.69762086669121,5,2.767199975422993,22.808659612368686,0.8333690716840447,1.893369451789777,3.5461246724559574,9.315514848843751,4.6064019082243535,2.635101435707412,2,0,10,13.142111564648346
20.404181107412168,47.63500563029602,5,1.043466133255606,21.232201116548314,2.430585533045887,7.256959864659071,2.8044493782440605,0.4495495600135613,5.770407388156268,10.533178925550054,10,1,2,14.628370682575715
28.88978195921699,56.779581599193676,5,0.7515856533808485,19.80095925867587,3.035839261771043,4.412760698718864,0.1750778981185963,6.164180959178356,1.604915695410222,2.254500753393622,2,3,10,11.992699974564513
18.115173209962432,73.62111162084804,1,3.47558327311602,19.60310710302411,1.7189648164930982,8.362550093714026,3.5646617665207945,3.79164569782912,0.7282344095482305,4.519895659791919,10,0,2,14.79137397229087
24.491716598005404,71.5752137534873,5,6.147573887406486,19.305684146692954,3.910720352816275,8.085554128042613,8.587668924266836,5.010314590135055,2.4153196389932927,5.763285095218345,1,6,2,20.70502963432151
25.32923069742796,89.24210833873201,4,8.375193153647736,22.94237928080502,0.22890562964587424,9.59662561382447,11.509071460514637,5.281788159786877,0.33264180866794635,13.524317600396149,21,2,8,23.504486499413467
25.923453832185107,43.50966145295591,2,1.835632449473269,21.491162104107975,2.356642726988858,2.5103785047641103,3.7528947892515996,7.710460974673539,1.9881579103479552,3.7905541364447184,19,5,3,12.311646211379136
31.909344133797244,69.73907481237495,5,4.2464397130904965,22.254942994208786,2.334403093775048,2.2923916277203213,2.8882238425283187,5.570125197729388,3.8584799429769623,14.191485220391469,19,2,1,18.289545499074254
25.771162025406916,66.58091449654664,2,3.9195614014215217,23.16072264838448,0.1451851136429978,0.31507975288599277,10.656828245551612,5.930856281251097,1.0089961414416386,12.600931955062768,14,4,8,16.50790997128643
26.973872452450614,84.9059072694018,4,5.133940092085156,23.9211702151813,0.8982806895909521,4.104160954265289,10.230058209986744,3.329118437718095,3.7912605060413487,10.827603513518293,7,3,2,18.889677466386452
22.75088261748655,39.3817284986925,5,8.095872708095529,19.496901519184693,3.6221703345982617,4.590631687554171,3.937925041724237,1.2594529778427543,5.831694225529289,7.35269990061,1,4,6,20.06457736909652
25.4650358325868,75.10788981521597,1,5.536452179992349,19.08541492474748,2.1780561784368553,9.64513833429438,0.8256618450846478,6.827323334218322,5.185199517011939,13.768339402600459,22,1,8,20.407097465478042
22.545392545263027,64.0961169761261,1,8.466549135022941,20.77199005676369,1.745543499871522,8.30785294171973,11.903873285600913,0.004821404784516314,2.1410091274979264,8.863415387515058,17,1,10,20.898394177661466
19.46391847536887,46.47995218727432,2,5.185517560689777,18.210427676871195,1.6619857821473554,1.6679171804992354,8.168451449541418,3.287171694903692,2.528977700656231,6.825697863217496,21,5,9,15.125766052445393
30.06897186762756,58.466094848830444,6,6.038473651812715,22.75030728938117,3.552643328080437,7.984893626082008,11.118965965009611,2.1804395442465996,2.5159242016855656,9.613111870839907,20,0,1,21.692607691357846
31.364255971100327,50.026595824187865,1,4.373832424929898,23.30255999300629,1.4681247024863433,1.7829928083575586,4.102493691833538,3.885334407561275,5.159405342298969,5.019479441857277,7,5,9,13.448074280899146
30.389806920192292,64.75880416730766,1,8.230955802956338,22.11623819248817,3.436667449305031,0.7776506985777709,7.77222502899593,3.112680270638256,5.962962433373245,5.547416303847287,21,3,8,18.721660179474576
27.26988087601145,83.34003664887996,1,9.238272063646527,19.607970147381657,1.2367703972378008,8.370827514567365,8.093966762479354,7.042170797522591,4.955374090857446,13.95108860414832,11,0,6,23.93239574642141
25.595715603584594,64.15829906473212,4,6.3914473812314565,18.738932843932744,2.1260159380113737,9.75959581856928,10.47486561046703,2.6020605058643644,3.3487090685884318,12.321048939863152,22,0,12,22.255315992792678
35.26667299143651,67.90334509959504,1,8.207824491729038,20.29286512751933,0.5752790781436352,0.881185445278041,11.916696445392049,5.607503455874625,0.5841962446492999,8.675509479224456,5,6,5,18.602194649634185
28.38163570272436,61.12487082688257,3,0.5900333399910029,23.000013723031522,3.3001212489737783,8.13924876218482,1.3039941422878396,4.557704300579363,5.726904891957412,7.415376086013049,23,6,6,15.665396430821408
27.58363755259462,33.06993038672856,5,9.061117514466575,20.08696682271669,2.9438994840193113,8.592126486431674,7.573402145165177,8.010575053355227,5.160274801308406,12.498409207106917,1,1,2,26.218394294070446
18.512841316128714,43.971513412565656,1,1.8892506683912458,18.20552744175984,2.120372253899066,1.1875558426644217,4.037279380351034,4.280924878621658,5.048465092422686,9.418272333666913,11,1,11,13.484864701983021
24.824956552523126,59.520103765924965,6,2.5652042732580793,19.645682257350792,0.10360522991589116,2.8325347177194606,9.739901124721463,8.63876077931563,2.350907365879249,7.395438536228147,22,5,3,16.788650685956874
25.60391237571714,48.61411702468229,6,0.5333006820674624,23.93967366045434,1.9250293274302162,7.336606390130649,9.049775816957307,0.001457676072530445,2.6830282716029723,8.700834295944453,20,3,9,15.593305537408874
25.976455617938008,40.905815865671656,1,9.65400116974059,22.060012533995298,0.9007861129009873,8.077302795825284,10.710222290686964,6.0483635520564984,0.7179706624503945,5.025220170218816,11,1,3,20.909137010913046
29.603447384546648,60.2479705151063,1,8.520108494883763,23.405128979862766,1.6534971835000776,3.5397412204966514,4.124434527365797,0.09806993534163921,5.627237902301633,4.625608475150051,12,3,10,16.882897364245608
28.67205093453757,49.36858760687102,3,9.131846040910839,22.649191605006646,3.425705955434578,1.5992939967952091,2.2143641298931804,7.1393432334347455,5.659406179599855,14.858180127206996,8,4,7,22.5187344818102
30.158101855868892,45.48645859040488,1,8.47216167760015,21.238233091959785,3.078413221402932,6.48344476009238,0.2616201258139692,2.3492240182820834,1.526647607164377,14.604693674989653,14,5,11,20.438724059249893
33.29766523084257,57.83912504642285,1,4.795305527212888,18.892133234369883,0.9678116380303887,7.019686032434781,3.066080204618534,3.7998125177312936,4.176046865840262,7.470752417090907,10,2,4,16.068269827659883
34.25971477432187,37.997055484930385,5,9.240819340907635,20.091866870134307,3.939813731702202,5.03607853895028,4.406058477062771,3.8043751427350383,1.2209384244824186,8.698399913657354,8,5,12,21.355937419877606
32.36246152452989,85.66474398452443,6,9.694728204271883,21.502441351645334,3.6128420251618714,1.4494106764001558,11.352803831375905,8.464224183598915,2.357682482209071,12.753523791167934,23,4,11,25.73919761620966
37.110473919098695,82.06212587515435,3,5.025669767893976,23.22379409239195,2.1146937725350656,8.444867443226121,5.896471606167033,1.0209276089295427,1.8142882325086247,11.435863516085453,7,6,9,18.625190856100946
18.364651653527233,72.45723514443212,6,1.7562478132883819,19.612050275189397,2.1206012811516533,6.452659590665166,6.677274049305474,6.668969533502626,2.3375459861836148,3.2941400354940016,19,6,12,13.693474021000169
21.915559713670923,36.37282965530737,3,6.586225089630943,18.727361216041377,3.6050638600132094,8.691642488308352,10.561545144577376,9.81256829194204,1.85383625125608,6.869943705655678,23,1,4,22.45550618706122
18.151257499562842,76.55263526818158,6,9.754382898535706,21.352993905328905,2.5445792337569277,9.329690744900827,10.62083416516969,0.22384429137610296,2.0717479539457715,5.251966162008703,17,2,10,22.161888813579104
30.949494283092058,78.47743968654115,1,8.72146859858875,19.059007335108333,2.1467536474510918,8.056978554380688,6.334989918758424,9.658941987618162,4.746361562853473,14.90419249183332,10,2,10,24.872485773100905
35.96061097899974,76.06587706286027,6,8.618151761459075,21.66217061593144,2.9965940947237173,9.586574145163349,1.364441984799981,0.18404728943539617,1.800162849556512,11.733120649617142,4,5,6,22.2428452169344
22.869645931525987,36.83795322715447,6,9.338180168072821,19.581128654902393,0.9403884610830091,9.542577457458638,3.2461939761747556,8.411494584590626,4.888172786481601,2.620947718946925,3,5,12,21.387239288282643
36.54069089592613,68.63447742406589,3,8.93952260552547,19.38577802580375,3.513509678782398,6.193445553903361,5.482658400073467,9.612444196591092,3.4075330718625425,13.700493565788772,20,0,2,24.266149910306183
19.205347805791217,80.05948774496392,2,7.762816640182929,20.395084589933347,2.1256609616322173,7.2817410189550555,9.014033942134638,9.930273822719167,4.6826686294915305,14.063458937386638,4,2,7,24.0495498787552
36.68872053611028,64.64120407318006,3,7.1827283216182725,21.559150545347677,2.4139971798868034,6.9940853530686855,8.540180979949348,4.591213409705521,5.513343902720824,6.332496691727034,20,3,3,21.70846959611601
25.03245374479269,68.78444251368535,3,2.6476717374475434,21.271906037695878,0.359775485019338,6.2113619502215665,7.712498823597183,8.669575062502107,0.8305497030470952,10.345710904587916,6,1,1,17.181876732941888
20.02841656898433,57.501808765578375,3,6.213400214284492,19.468406863409882,1.2380358350489264,0.19355175830852223,10.562946717628133,1.2233954302960504,2.063341505532036,10.866506900398214,16,6,12,17.191115669220522
27.717435183726515,61.72243919304316,4,5.214886217058895,23.346700046720258,1.706941346688378,3.559066820856361,9.631756899685506,4.253843386142614,0.3333449748513777,11.484119080720722,17,1,7,18.55931256393757
23.13553135441016,32.06261150110351,4,8.619440915809912,18.659291818411205,1.655638093744078,1.0007831371148035,11.785370889691563,3.079749761830265,2.4414602094541324,11.01559455009449,22,0,5,20.597094697597957
23.697458039238455,68.33778131839708,4,4.91712573490072,18.23680537844601,3.1131374647138315,3.0025911013217765,10.669902251197868,3.951770506070785,1.4244175843262747,9.276334109264205,0,5,11,18.391877097710907
24.14579929852573,34.88683277346955,3,1.277427635426891,21.616237616437186,1.129289589960032,0.6856480692609745,2.347877134121142,7.019808522643922,3.4300716921556567,14.399970837252644,15,5,12,13.474189103899047
34.06051795665327,56.10087566041341,2,0.04972485322349174,18.74044300839286,0.7284370493722641,9.200314966513318,0.6913987862447475,0.8748020004275525,4.700339117414237,8.660864237659833,8,0,7,12.078057843206587
28.78322553350509,47.55930586004447,3,6.778731204686652,21.029344885673765,2.3304690058490127,4.513299156559526,4.97413132853188,9.981639603286299,2.9181958662773146,3.4418719669483604,11,1,1,18.888509827123897
24.22615398312007,62.72567701270278,1,5.4990838712716155,23.710639706457798,2.46005943346833,1.893644476753854,7.410053410815348,6.350671590369197,2.001735341629571,3.045531281251116,18,0,5,15.31058870854217
30.206675666218366,38.00498013139243,2,3.3096290435844833,22.19148162871674,0.4863332283449635,5.8477923106395195,7.717241996340471,8.73517586572262,0.9153381952178703,2.238896049974906,10,2,2,14.49479880279244
32.32301348446387,71.4986041183991,4,1.6897215003789035,21.704739482386564,0.009874011943983962,1.964509333726201,3.210153138220304,8.29695565238779,0.1609809049506219,7.563004029235499,5,6,1,13.882985016571215
23.452480014670677,77.70069221570822,6,4.667153224039021,21.448831349233686,3.6705963200874354,8.044403217904263,10.318571573384045,7.659975440388064,4.067298067689747,5.5520714460670835,3,2,6,21.247647418148684
26.270982030507028,39.80126698458939,6,1.0028647247890565,19.077235513197557,0.3185479884533362,3.0591910974025103,3.9509575637451237,0.3922353112408272,0.18327476241294427,13.637845899507022,15,3,12,13.047311148703582
20.43772186673895,36.25878524111293,5,3.361084892211431,20.595886947768626,3.5914677277680007,3.1490063286493077,11.029375276597722,5.1646707658354005,5.525031677541573,13.27292216223579,2,5,5,20.30225409203956
21.622986990693605,38.73092896724155,2,3.7921190623563437,20.055141044200575,1.5968594975456445,8.699509439164192,5.659216815638658,3.2814837621450677,3.5653801508905083,12.891952528072139,7,0,4,18.03983498493615
31.622357079299654,82.6276537139101,4,4.656186948379622,23.718445933332376,2.6122236319802683,5.592028846502348,0.12468799250203233,1.1293911582184024,2.1197718999127866,13.27461552619185,15,1,1,16.764344718489067
21.62876695391254,61.69135570538137,2,4.666207513388469,19.45392138822435,0.742458762825585,8.8730210575551,1.9444957343369542,3.429902064199032,0.2514815421465906,5.868873833037311,1,5,5,14.927665894439645
28.503267673341202,58.03565976045016,2,2.5700564347427726,20.82909822837631,3.2956681113099564,4.128880298653581,1.2278310798599716,6.448030373081823,2.48091931674241,7.539528074985807,12,5,7,14.63243064798343
32.18092523444865,36.402709146141255,6,8.502109816019876,23.6284761796575,0.7207735475994972,3.439276965520779,0.5283095496036916,2.306264286221442,5.2037972082511335,6.052594770585818,18,4,1,18.137934085324886
20.137538461894877,68.97336040541771,3,3.555435062567456,22.73508391463589,1.5460365932596267,5.062029972661081,8.568207729728112,4.445954292225462,5.8189400271180265,3.1190536905970654,23,1,4,15.86568221206293
29.346244392578072,82.07997551370539,1,2.2958730889251635,23.78709143570654,0.9521031179233055,0.6149167120290955,2.3077904767248265,4.044942436286503,0.5095703118153752,14.012601815737467,15,5,6,13.499982729216873
23.131255674027276,79.69115215940718,5,1.7580988341059023,21.649981530881945,3.3500238307477472,1.5420077120932119,10.063437532877835,0.5246296280641116,4.662828644808212,10.00704145464125,18,4,8,15.692836338768988
37.2585375047516,67.56328253884809,4,3.225783945033356,20.002721128475606,3.433343254595518,2.195216357263173,3.17362594577316,6.280825293828007,1.5501456907104476,3.7231811991873673,7,4,7,13.835076325637605
27.670912934398494,34.516722999100416,2,0.6755288297753437,22.959898652784354,1.488115557480925,8.16677282686462,0.3879252778900977,6.188469022925339,2.2766213956063313,4.67876643649977,22,6,7,13.08103626427481
34.119850995503164,36.743821630560774,5,0.3290752298097166,19.748737628240224,1.2295138840170945,7.337987569107608,9.848104127702749,9.664145052470047,3.2860353629462793,7.85978415773465,1,3,8,17.42585235132772
29.004530843125234,32.95853922658948,2,6.051421968028677,18.988636811471316,3.094261500780661,1.933072787839436,5.593750206371846,2.9800521663147705,5.968372615374918,2.6746230133356597,0,4,7,15.675278417630963
18.868250657096382,45.448752989548154,6,6.1914713604919,22.237732884234042,3.5140478872450047,2.767475643735259,7.194065283227927,4.18951028642021,1.2528893859557284,5.53589315596437,16,2,4,18.349301941787676
30.663027511880447,38.13968802962266,1,5.2958820263828965,21.833733981206155,2.4960799764562553,9.442618634671277,4.034727463698758,4.036376223494131,0.7829902996371427,11.144803039725689,17,2,11,19.675760580369897
37.028066844133136,45.602882415146034,6,7.6228519523172436,23.273693415572374,3.7096147029164133,0.8580296222602413,0.5524847538677018,9.197439009857787,3.5698619188770406,13.965284266387041,6,5,6,22.579974021888088
30.032236402926625,53.1034833431377,5,0.3915054427707798,23.771548546896305,1.5321752514003344,5.4745509814806015,4.442125069969496,4.0864931538927145,5.11829398654872,14.073508404767585,8,3,12,15.720624100756554
34.3837771885358,86.57896704426814,4,9.359731082094676,23.143185523347324,0.607545608069449,5.22006992014499,6.219436443522866,4.427641442059587,3.889294787272164,8.760378084861696,22,1,2,21.14144868591889
35.68412926696816,66.62256358690152,2,0.9506512325706051,18.360130785529623,0.7185719292681654,7.257078171576891,0.14023924243942254,2.5234453419174674,2.08545840765274,6.058018312973573,2,1,8,10.91620318096426
22.56159543897865,80.09842714097775,1,6.740229943935936,21.98708059789361,2.67932780918888,2.614353763535026,6.891480386445826,0.011681464240477224,5.861895407375323,13.969693516612478,23,5,3,18.666566421544744
22.240896798164535,72.62109004273994,6,1.333965889408093,22.708394477184275,1.6301056923144661,9.347726507979049,10.716505854710075,1.1045067137536746,5.970192507845275,12.226253780616439,23,5,4,17.905926560811942
30.219619777019837,36.750187831597906,5,8.799054333077924,23.891572346101057,0.6252583933672708,4.10582881628695,2.6140862690403153,7.0388915142730895,4.623894616661086,9.632454906755418,10,1,2,21.57954208911412
26.220569396134096,74.15522438243693,6,5.107132869450313,20.247967797075802,1.1689074196144316,2.857196072342049,11.121229933780786,6.824955933756427,4.814497793517091,12.849187718823625,15,1,9,20.24408875546807
34.797226057334406,46.50593289354747,2,0.8229354101797604,19.019289523626888,2.122420288130994,3.368694168458648,1.1713022258830321,3.2253057284487108,4.565049975101269,7.964794795018515,8,2,2,12.471139495869915
36.00046246796022,68.34647081968238,2,6.167241127000736,23.117598370783327,0.4857810678485457,3.487223488002855,9.905236202673859,4.730062277469757,1.5459657480326672,3.4585328511211517,11,2,6,15.878459314474874
25.068427586054362,50.45771841857931,4,0.09109943882201654,19.904800461795332,0.013769995777638933,1.9892841366527991,10.083892299625887,2.9737839338031624,0.9015848330722955,14.197095554410698,13,3,3,13.755573787148066
22.73741117948964,89.86033579587955,1,7.760221784402446,21.589211374763153,3.6691921899824504,9.280539198077607,3.093118354777667,7.30916388557895,3.3261210285498835,8.942092001459287,3,3,12,22.203118967390857
33.61051030487724,45.81308876980667,3,6.505849866461234,20.339368585278,1.2194447631123428,1.7487518460933416,11.494120894901608,8.42499350106405,5.724877185819387,11.03877718008789,3,3,6,21.209045705562133
23.49612071096272,46.74782824645618,6,2.1262474936350726,20.413957540551966,0.8859925813719451,8.828326343393693,4.999184708541332,8.991052926554753,5.269753735334309,7.099799807463312,10,1,4,17.503927033182947
34.45228637027357,85.8403353337439,2,3.747509161760937,22.39478687506471,2.7939232389127553,4.049292199404274,1.6950730495871258,1.7387132142112083,0.6411584129442336,3.764639790452102,1,1,8,12.902221537981575
26.474765072975256,31.47866427817936,5,0.07806694488890265,20.16885075203963,3.4136108887235133,2.692764835107516,7.100573409926,6.950167418345532,0.3419469991211006,5.534463334337309,23,2,3,13.37940869190956
31.35099798582941,71.80133927239181,6,6.936838149712051,22.15845067782292,2.5291150693740967,1.9850895283866132,11.959376448543196,9.630046771305894,5.242624726639438,2.5677441843581,17,2,8,21.201699603258437
19.910706276693364,73.51958344415269,4,3.2266813750971926,18.08597073271381,1.0179310163941264,5.043423299082701,10.791498587511533,6.506117041312974,3.678090433259629,3.138534824809891,2,0,3,15.402733175727601
30.477186493531462,80.18271464462396,4,5.715889152967192,19.947884340023258,3.4465464934172347,6.692585429895663,3.3432339133812294,3.5097414360110912,1.825926246531443,4.663948460266838,1,0,5,17.18180655658365
27.035353574744583,88.46635863830852,2,9.567276279144629,19.914264188121976,2.0417087845088773,8.982210304604813,6.923839192540507,6.35946365800698,3.3706088934492096,9.29314470333476,0,5,11,23.385830612475722
29.732169263509483,88.53611514939914,2,2.99466712947585,22.4930117153803,1.5247632118409875,6.524465837101344,1.3844119161217994,6.88426052320934,1.330011549614249,14.907501580736096,4,1,2,17.36993744954687
21.36028415489727,33.916605453987835,2,9.902378840873183,19.887342696153766,2.418904478531896,4.836624902727701,5.5421376520450725,3.9704729986039453,5.68171085104552,12.968403018955845,6,5,6,22.10763697883872
32.73747489888364,79.31035936517415,3,6.3272838600756645,21.7999627941905,2.8024488945532657,0.3347606457822616,6.276840812294178,1.03990950547861,4.963186190790343,3.1162716902095444,19,2,7,14.998004027733668
35.25594155086457,68.77859601944289,2,2.4208866628550494,22.13114641264719,2.375319496460569,9.154269056756196,3.7833395799735423,6.066598675202233,5.773428100786887,12.950467731612328,3,1,8,18.973367448421993
22.334796001815512,68.84052806238547,6,4.367778830212577,21.95055326518269,3.6809817828912235,9.023692429824397,5.810244995244068,8.021408005167267,1.1223430857401393,8.972047005901121,2,5,4,19.866489707559875
19.914291110403234,37.70099559688169,6,7.404531223835898,21.61976208629199,2.5120712239962146,3.7871696732082496,11.039261498174083,9.975764837560588,5.062022557647484,10.58420507637305,5,5,9,23.713746046594963
18.47277172092673,69.01122998673921,1,4.464779076830813,20.48170109609637,3.514322850502306,0.290346626756125,6.001651646156768,2.2305830696294207,3.361713731796635,3.6869543612436293,11,4,2,13.340750803325024
30.83943000886532,88.94895483607488,5,0.6850756734155239,20.239829866102863,2.347833740615494,7.3336955150760375,9.97188372681117,7.00388974181735,1.9499519698555141,7.140722952382245,15,0,8,16.580571978865
30.141880721775614,84.70911417236681,2,1.6860366138254235,21.387504350255337,1.3187182949204996,7.916808768571322,3.808685149961206,0.28043200166073645,2.8779801302134267,13.493582293322854,7,3,6,15.279939763100518
28.9339482542814,56.34783964829103,6,7.912977457839455,18.38221861490596,2.1291872699327814,5.424658295553471,11.65685066846978,9.69825279747811,5.666303852966795,7.529753177565144,10,1,4,23.73604823548547
22.63894192231951,32.39687839716566,6,6.483730757180614,23.254919052309155,0.3453467586064103,4.0287498526282075,1.1215588013422257,0.1256446152438051,4.1487173240127815,3.6524752087001695,12,6,2,15.107419546532661
25.81811991811029,51.73760940001229,6,5.698254773321337,22.95189085818206,0.9206985355831772,8.51132837802999,7.027039762103871,3.5879496163871147,2.1594933160773806,6.043978712791152,13,4,4,18.872806683084004
29.88952670372346,79.5834186960333,3,1.676219707554013,20.07830830222314,3.064926648814867,1.9251641668675679,9.47865354200163,0.7640277297623221,5.999398105813746,4.8797563647828515,17,3,3,14.43556452584317
27.93533717718339,72.08994608790996,5,8.377574453503394,21.400914740313787,2.6459024427377043,4.395581892158208,9.768491835722948,6.209679616080689,2.074457521988327,10.929661521230377,21,5,4,22.87578368713779
37.755710404297744,57.560619335637384,4,9.607401095862501,23.59336618910678,0.6660748421354454,0.24486110718690668,2.379373329444503,3.3949979560802355,4.882318700352588,13.84336093699733,7,4,4,20.900120281447496
20.72879505113466,33.306092109529864,6,0.40887097490669544,19.62982078447258,1.7520607050323247,1.6401052797748616,4.819750664219834,7.329439313304604,4.706264100773097,11.535369454440795,0,6,11,14.55654881631846
31.902891080951875,55.613683669398156,2,0.7803187065385531,22.45473160616912,0.567968823720999,9.408312346780107,7.490354069569237,4.863780666680521,4.337559828436114,12.967059798403355,3,2,7,17.13387414197197
26.086375362085843,58.14149638307301,6,8.847245033145647,18.49639084392603,3.423271425495896,5.780832503647575,3.7905925172689994,4.19403416351965,4.016617758009257,12.475629615748572,16,2,1,22.14849406371979
26.563992298512296,85.71333197364817,5,8.155522540321282,21.140232884825828,0.43667880701715545,8.055923295278184,7.89955218256176,3.485163491147919,0.6519923554727662,2.1898559400264093,19,2,9,18.537507759069168
32.35195531316353,68.46516621492957,4,6.1793445551129365,23.303814776683787,2.6169399870413383,4.865004141027135,4.54536805575243,0.8612916701465245,5.969735662616339,3.616812622021917,21,5,5,16.67978653813115
31.84872302648739,48.69917499927894,3,9.44965208986138,21.31025570489444,2.428000003912677,8.348270980085402,4.210395871022667,2.0482485267921478,0.9662568991854568,7.503928121030552,5,3,3,21.28318463961192
37.825119874043764,61.51909586704328,1,6.464305779920032,21.697516961022608,1.8911065825873994,5.389505108413188,1.296818057884915,6.391025049884855,3.5768041072404255,3.457165639593011,4,3,7,16.727652075252667
20.567885789082503,33.96331846932961,2,2.1598527572950332,23.445835759857264,1.1129384906565671,0.04537713410985633,0.47103454623654883,4.967516685387622,1.4948868342596493,11.55415194748843,13,2,7,12.592426076441898
20.082192987683328,88.35409413898421,1,7.286423237169002,22.292163840298816,1.6158259999721176,8.996990070308282,10.023285480146184,0.7008945160555957,1.0126651084311755,2.912436609878459,18,5,8,16.90183761482761
32.48677634257482,51.60359411584356,3,6.457103447456372,22.175218081345594,3.225565201844188,1.4856611983591261,5.874533905872891,5.439517176398549,3.356792228714288,7.411144401288652,13,3,10,17.532260952139215
29.56773834012818,58.672041294788144,5,9.857447020100293,21.51830413255739,3.04620326218441,4.505547613077709,6.75447759850808,0.5414266144908286,5.018064990730402,7.099759737973272,1,2,4,21.176896080382413
23.48321333119612,51.31703845421536,5,2.1389573637479176,21.79793168515451,2.955236460644546,4.7667432884872465,4.466652270341767,5.117269475199882,2.261673938773292,9.064793534548416,8,1,9,15.194879424160044
19.588387379779732,70.950703806972,3,5.97884936362599,22.822232544099705,2.999294337444231,0.47236273689713837,1.6409045456852454,9.64961446898889,0.46301336179055097,10.181906704104755,6,2,2,16.249592896562596
19.71316499192861,69.73392949977558,6,7.801675222251225,23.875398499783465,0.5755454974213565,0.5307038543924492,5.394863972294478,3.0734455373040204,3.742553477450737,14.310432813560215,17,5,6,20.100311471969533
35.883817493282365,72.91933863174813,3,3.389830893381708,22.77195212404913,0.39638580144972657,7.625518094447068,2.7474849363740246,7.235031386421754,4.59858152354037,5.52540238680408,19,0,3,16.418109717003
21.83734649437486,46.08859377671525,2,3.7967958309823766,22.245220989761975,3.4459944914160885,3.0045079005069484,10.052196561326525,7.455520405919752,1.77650704141072,10.657798352040972,10,1,8,18.20825997229297
24.467431242310415,48.94010886984396,4,8.879018383283206,18.813269301669088,3.3486982813777755,4.096281662398841,11.841462456893879,4.048595334111397,4.143538050722087,2.456102266417617,7,5,8,20.569374122720074
22.533128044539758,37.51507386577248,1,4.041948796088813,22.90248232465016,2.7252732161854536,5.641125154652398,10.669153625709669,5.932921507799099,0.4547419346580166,2.0130910180326733,21,6,6,16.992430628156534
25.09992611663875,69.33059831076676,1,6.247328518956144,22.41596620439222,2.423622981262153,3.733861045473418,6.339291191107565,4.720460906975376,2.1685703302090595,2.329656743999086,20,2,4,15.551176283966903
19.38847685492187,32.38782764013915,5,8.892381375268256,22.622593172407402,1.4674868259295537,7.750374265431939,7.537580942184534,2.8336301971080635,2.8447883502758735,7.8358527975008645,9,0,8,21.89615598856974
28.38119581816541,65.86094013140755,6,2.0982658309056132,19.38657886945987,0.896330366312013,8.844646536191675,11.37747051287086,7.5474209520054,4.691781899828462,9.2151709690883,17,2,6,19.065674228141557
19.3522512718443,82.18175309109803,5,9.818772963526058,23.420662179245568,2.6706257509193456,0.5971788411985823,6.464183203064702,7.028266156484058,2.0288502549514127,2.0807514053021436,16,1,12,19.18895847017919
34.00713015644723,83.44992889737802,2,7.019535339703258,18.583688210081174,3.6521385523299075,6.354033839046087,7.663069479498607,9.005488645732306,2.7221987543797943,7.153350025758704,16,2,9,20.654306128881455
22.67424163820866,56.9422656221977,3,4.961216941414448,19.52167233415168,1.7479863029526,3.1766000745714837,7.550754044907938,6.1812617965960275,3.770124107221573,2.531136938325884,0,3,7,15.63987568694972
28.800238292090214,57.558221292784424,1,4.309205643509976,21.97814062994641,1.2128498808916142,5.832752784167924,8.497453821749582,3.887201411961959,3.744479771942105,10.492691132018038,21,2,9,18.096268082612625
35.60158175122916,34.61815098048104,2,9.543646155515045,22.04228678298609,1.0829672539579644,4.839073181322985,7.683421194939825,7.1400755810267515,3.106561220420419,10.206016411631328,3,1,8,22.64573300074344
31.01754738094388,70.24590152658214,5,2.0572482752966637,19.879947397804948,0.0948209715989945,3.336785210122822,8.048464776666872,6.1903622955864215,1.9708482585027913,12.194391845519048,10,4,4,15.836891730803043
28.659155731026708,79.27556522237073,5,3.116832568459613,22.20911866267089,2.0812668887762618,0.9481564633064243,8.71073366679358,6.166141928006347,4.019547876573477,9.101391291816888,8,2,12,16.545168139029848
24.486675062307512,44.67930327628278,1,3.0779275554792473,20.32758322592923,3.952944119419326,5.594399115028976,9.709190756015385,8.498377570282212,5.022926070608033,10.09834776804838,8,3,6,20.30668359088216
24.660038261163958,55.278052898001874,5,2.8900633473446344,18.00105309514754,3.2609508645572896,1.1279256642678037,4.836659631156049,9.104685387469528,0.9228845400367627,5.632450811178199,2,6,7,14.562870932963568
31.3897391039638,80.33036020591622,6,4.685380452156892,18.975636793724302,3.589898872661033,1.561200881766951,8.95000781112694,1.8024166442168732,2.0427706970882924,3.110899636041041,5,1,4,15.214678078893597
37.88278722442335,82.62722805973729,5,9.891792332678332,23.295709651309046,2.4846563851020242,9.821752549309101,1.2024451098475475,3.1405022421725546,4.012490411974757,11.584980105691624,5,0,4,23.213520225848512
31.236783796987574,44.59079881585356,4,8.887867667162174,19.336164070376512,1.9257856419310033,3.167051903470788,10.514257586898342,6.5030570096754134,4.534652951323181,9.95422333384316,9,4,10,23.36767236546467
29.1556683474005,63.034238072481855,3,3.2794956832148614,18.677462033153255,3.9618280296150057,5.844361896214709,3.4805316949103013,5.572212337096225,4.688757876631564,14.198313807534197,9,6,3,17.96816238838906
32.61301020478492,41.54958903814962,5,4.228701157301376,22.093203635599167,1.7886484425553877,2.7223194201906398,4.841523769047404,6.523261694994593,3.919632116923996,14.859935941804228,16,5,10,19.65691355487864
27.30411224567436,36.112725848373394,4,6.694807463859314,20.644238654458416,3.667322302853787,8.655094386061467,9.6433249518901,4.330145993271886,2.8696212672733887,13.014692632336946,14,2,6,23.622368205542298
19.202846852015703,84.66723008351745,2,0.17151680696614102,22.779545618385868,3.04737923513494,2.8334019087335047,7.643844457092069,4.124390137160495,3.8747976265647046,14.813084174693042,3,1,11,15.272478238878346
29.245936317558197,79.23045025392655,5,8.201536586856479,23.16866960739473,1.3239137009522106,3.668851516374889,3.7035358782140175,1.176539052597343,0.8102671688650627,10.416801857073393,21,3,2,18.78970142012079
37.1525056901076,75.60209410819044,6,8.797980573119196,23.07593326432339,2.01224873301194,6.083875778100331,2.7047893334956834,6.236482401045308,1.2465673093554632,3.1953390988677435,9,3,11,20.23776903873327
21.50605884715319,32.92597912878843,2,8.57200334324534,19.87805531518136,1.5373168870548053,8.699867076445866,11.492573384527079,1.7578565256496081,5.565186243861457,3.167823009153293,7,1,4,21.395726220715133
31.800097816413313,80.62372756261544,5,3.7505438688553614,21.033275627808983,0.5448930966638597,8.162141545310133,1.0533163323790418,6.71021595637972,5.53302589710111,12.492557064415566,0,6,8,19.49940565806234
22.018673773181128,56.28264455432303,1,4.619995073642081,21.900850407881784,1.427066326248772,2.638598855569633,0.05202130331209531,9.670722432299812,4.343302949660064,5.079185666637329,23,3,3,15.204491608976191
28.716553689461627,50.543707397751575,4,0.12388321903755828,19.931898523704742,3.555891537120378,8.295549574955341,8.075218827436204,2.564128274762955,1.962283254172182,2.7928466935863305,21,5,12,13.776670821181598
19.93352899293439,62.788581661522585,4,3.993953480435508,18.24659589211811,3.010542741396272,7.011953153909632,7.373693124990221,1.4215230534960477,3.893040026668404,8.139569861553772,16,6,8,17.313300646174657
27.007418725163703,35.481194563413354,1,4.604268223666015,20.973986293781515,1.110324297206648,9.898284904110161,8.851367555421406,0.24175245280933622,4.126749656000954,6.090396124787846,11,4,7,16.964713508759456
33.12326657790492,75.39879296114393,3,9.069742930684786,18.07691000079356,1.4716532523901535,9.354476679862513,8.779605979308561,3.7882718634533905,3.0906896212713484,9.645938929520916,11,0,7,22.74217964751258
24.951430484779642,64.94610461329776,6,8.939876737572474,23.703873748355683,2.465735692026087,5.331367220453773,10.359109527192278,2.1461105885689324,4.49115496133743,9.801963445205295,12,6,11,22.80217291497382
31.29823448974436,41.19540581239005,4,9.660970640879095,22.78010187643816,1.6645592600339496,7.499286191925413,11.065303084901482,4.918594231439361,0.17814557051091118,10.859513015328082,13,3,9,24.043245167506097
33.90899921579458,41.29393198614274,2,8.851049850905204,19.152058659141566,2.0121764654582517,5.701797019872283,9.300295059094632,5.243060279927505,1.5373247770670333,9.493750204275553,7,3,4,21.915922212121057
36.54355638958906,41.05491909436046,6,0.08200709427645614,19.72543049335157,2.7926736443839295,5.949954421149723,2.787513619465161,3.493277443771017,4.766702226839538,6.9519346111720255,13,0,11,13.91087524039009
22.69284163710907,33.42014325311604,4,6.414608523322197,23.89703128811663,1.869003392576083,1.0150082997777876,5.56195413958769,7.4990622227814265,5.632202662136306,2.3076670915057846,6,4,8,17.390959324110625
25.986318316186164,65.26790696230108,3,0.6823768310304079,20.241291324847825,0.7638791586687832,0.022457084776552616,7.700582887870668,9.048066707122159,5.2565269495089995,13.766150085606048,16,4,2,15.06450788210011
21.04832026660835,80.42089065531049,2,2.7259428637998537,22.702334144603356,2.082295749259317,0.4818637447488727,6.472383226136904,2.1152309779327405,4.2989602138115295,6.249982487661837,10,4,3,12.891433788664134
37.84967004316751,31.049892839243316,6,5.783076294705803,20.680892810515527,1.4244729208683697,9.666306678944244,1.9067701492154963,8.362977734061264,0.9929808224741219,8.592957475141137,0,5,4,19.603656920010053
36.54001935848591,32.940278698276416,2,7.006138184075389,23.18457554460366,1.1629369138344905,1.262682279229892,7.071276367488548,1.3118789975537815,2.2123170937117793,9.24018861367464,7,6,9,17.473916936936305
28.79914260561119,64.36621660121675,1,6.546320259170953,22.222521048969053,1.3124342444260764,0.4438970417518606,10.638343793207707,2.2870218454349733,0.3012761316684942,6.093088151611976,12,3,1,14.852154653324707
34.840665887528424,79.16974112316313,5,0.4905836740864322,18.137460359346957,1.7560088699600227,3.09644209707165,5.022206679181172,5.614156862337854,3.839170820280411,6.010252433137329,23,6,7,13.120929125254372
28.41915954544084,49.60433343411802,1,1.0360386956955203,19.766339315635424,3.5464525714864843,5.881799399545282,8.027193893224842,3.065814887556104,2.699179413699791,5.391199801483008,16,3,2,13.12799738258727
30.471713760055195,50.97686392846333,6,1.2858681293127339,21.347953889360713,2.936228417320801,9.484606443029328,7.391211435316058,0.4171079058884597,3.438071261965579,5.163593477060287,23,4,5,15.168194521345185
19.78248864232033,65.78078984980655,5,0.9141437676969111,23.557044264418522,2.6715277540054476,6.99887578551487,4.524517642254192,2.948721417097855,5.876117482047021,2.3951444868601497,23,3,1,13.311903596718901
33.10540840993616,46.45277334744882,1,1.7823442326932226,18.612179367848942,1.8850408435269337,2.7635296890016683,6.783254485766795,9.048701885969027,2.4135146701301897,14.45288982170502,11,6,6,17.029334794267427
20.554269672704695,31.596501964661048,5,6.884877913115593,21.606975226266403,0.007319788598733723,9.390580182371483,2.522544406786332,1.7422316192182108,1.8402609239710606,9.73884876411682,15,2,12,17.743461227845668
34.521352605050566,74.11371108609576,4,8.308372511591529,19.813060388475947,1.3622028457563653,0.3604107526520084,6.55328710434225,7.63750879842776,0.903627567550618,3.404871118514017,9,6,3,17.500604988375546
33.64056175340772,67.53899477648719,2,4.088138900734103,23.335966692116642,3.252768159917894,9.790540072667927,9.58595508588455,7.222820060044813,0.8616589476339738,9.69545946875988,15,3,6,20.768702519220348
32.17489395485953,64.84535994333955,5,6.927815064283436,22.591017657951078,1.5526836380709588,0.5864070082644901,9.107373235095196,1.0622481606424206,3.1114419517539065,5.019218734363378,2,5,8,16.723469391368727
18.723207610495244,74.50104773950939,4,2.000162612658265,20.21821633205571,2.255276500270562,7.53849973057166,4.295454597684859,3.294429645838667,4.495368568656211,6.038866666665567,0,4,8,15.107623858699329
24.06256711890657,70.51385025372225,3,9.732801516334082,19.002618983451683,0.8189592653883873,0.45297539173452916,1.3450225908781053,1.8935628913870994,3.386774779749003,12.415186449099568,18,6,12,17.91892103669461
23.262251398216858,42.35291929069927,1,3.499975228576183,18.068987834383787,3.6634309673831633,9.315614423685071,9.59931078047839,0.2315018119327117,5.239755991201887,13.515426244680969,23,1,4,19.050627029645938
25.20272814943038,51.14886281660107,3,8.458669062048351,21.72680670403169,3.6926817429482663,1.0866589673113913,3.180469073934274,1.7304067523589628,1.8952345411350846,11.09771060985152,7,4,7,18.325247344940742
19.752854935276773,37.5666085007175,6,9.45366372629387,20.436742845787464,0.5842815358334152,0.5047901302713509,0.6365252065448126,2.01577941633729,3.5702795500638,14.123559269424742,15,1,12,18.428563674979504
36.73915646062126,37.79142080507286,4,8.647139628753022,19.888538957164613,2.8966357968253287,8.892651548249475,5.342315522592035,1.659802473044284,3.967450266573028,13.765351830193831,14,3,6,22.619595826376
29.076044814247524,70.57174478139235,3,0.6706765154028893,23.913013749821012,0.30095403100765195,0.95793883917625,8.87364635455857,0.9109720943732036,1.6841416603537585,9.16521155749771,6,3,2,11.63197204804255
24.11048621316047,81.5160064189499,3,6.50307157307256,20.79685281336189,2.3941904719203912,7.979312907800836,9.701920085870253,5.2630513222130055,2.3778246365689255,13.802006572066103,1,5,6,23.148214756929246
25.939630341485667,87.76395503166833,4,1.2009070657155119,22.499035701872543,0.7146146033039855,7.470346404560079,11.786425790663207,3.2263904170280644,3.5456392458040735,9.084973365348894,12,1,2,16.52474075603712
26.944050810096712,67.70082705296667,2,0.05663000525796713,19.064474503507416,0.5828210099568154,5.988780384883663,2.2728922083614824,9.082493614081194,0.12558389439628348,3.355561988395445,4,6,4,10.95416933958184
30.011886667212345,41.04607940165742,5,0.5178344394306744,18.08073154645088,0.016479269570679467,3.7796272021930655,3.5255382055263933,1.8721346801943717,5.319665487591511,12.782918631112468,9,4,5,12.171477374958608
28.313588553929954,36.33902072693584,6,9.161491964470573,20.505375716688096,3.7634285474696134,9.15580549632989,7.313885981753966,6.028626300964461,0.666384289334915,3.7056320388608794,7,0,9,23.28001931405927
36.38783946428835,78.77105829220547,6,9.084635142603938,21.99398900965597,3.3170099660818315,8.710812558681244,9.736124365392298,9.006203842656424,0.28534739930830355,6.107481739962204,12,6,3,25.6917435732416
27.939269658116604,64.72538858159996,1,2.258243877640338,21.039592177100758,0.3099022290318363,4.262471109564929,2.8089002549099082,0.4718965106588291,1.2902117202284622,6.937306351045523,18,0,12,10.462209419356338
37.84316029646625,67.0971012608232,5,5.470612147986262,23.342797545746347,2.3975024402680933,2.317249563146482,4.91897340448511,5.1627747093897325,3.0139077785549357,12.494717222110825,5,4,5,18.914612677255395
35.028499154901915,76.88772532528256,1,9.550282622659262,20.60387610712299,0.9315929391969315,2.725716694184145,4.9008080214299055,4.506688125311871,1.972184422895,3.085976770746686,17,3,2,18.06813039283211
22.170210287146716,72.1966336639471,6,4.967061296967625,19.866016878918547,1.0560635285584268,2.203235773625539,9.275240797179853,9.28778608077409,2.640873647432479,7.784239040750002,7,1,3,18.580056893237597
36.61190429287832,80.0674951713658,5,3.9357782014575795,23.49629205724586,3.49668128670397,5.412519627605441,2.8911864681470565,6.637647728743618,0.5056265944673226,7.677305543828957,8,6,5,18.641983791132102
20.32732795770952,33.372834327592706,3,4.832486940446246,20.440813671806286,0.45730298240480893,8.685388285702976,11.625102656351132,3.4916140995204383,1.398627778335445,9.568083113694925,16,1,7,19.25361927168292
34.34899416982383,74.85123820479029,2,7.9021576155194415,19.61788716983767,2.405960542652174,7.736119671981704,6.125565751625548,7.115212185081488,0.5859647777543093,6.600294162440703,3,4,6,19.50746575832055
25.6124658695316,81.05116543932573,3,4.772776325332353,18.585966460860483,1.6050221399160365,7.9551045994543905,3.3848020392637688,5.826540207138508,1.3782395192475219,9.503112476149113,21,4,2,18.227454923830344
35.55948640890139,47.16810254749886,2,7.832776812823695,22.759858639294926,0.7632023985211585,4.482884916996453,3.411408716621839,3.471698980348046,4.219854161055165,14.81662563872633,17,2,9,20.446152375956803
35.361133802149006,68.42683643959518,4,4.316974456409329,22.950548764787058,1.80767230105065,3.2244483179838013,0.2195998404476458,7.852486778353881,3.451744768448484,2.9301394101885085,5,5,8,14.980899324254318
34.11850800235243,48.84972383021832,1,2.5200567121138286,18.199786701391034,3.761957148424513,7.573557707050526,8.309170689075481,6.681697598063643,2.003825547248056,13.370169937309175,10,1,9,19.06125651556056
33.80060872614123,87.47826398894725,1,3.264727298186206,20.15187359040915,3.126440196922209,7.932982758544876,9.311379632107172,0.05416298342469705,1.5673636014729835,6.012182694920288,22,5,9,15.66048279657118
24.093582781960816,32.00541434613022,4,0.7782346463716594,22.49925872758776,0.5284456054546678,6.953537064807057,0.3891332750842751,8.651346060109876,5.985166996339196,8.054313670971476,21,2,5,13.964200835985904
19.618385661025044,64.7875706299773,5,4.973811444092764,23.678291084928325,3.397718958870589,0.3210712254226844,7.03121446957144,3.9709188222113037,4.607206101567044,11.634527280070056,9,3,11,19.234028345725587
26.05960357530323,39.9902128229709,4,1.48110924889023,20.26690970306943,3.7497621159497725,5.896846880684839,9.380072013245062,6.454476005873211,4.932265136613989,13.830474024814572,10,1,7,19.08565611393395
21.470490299730173,72.73321231062951,6,8.11547006334733,23.232320588276963,1.107857123368829,3.4704582924788463,4.514880580692027,3.967683209719184,0.15818781812281024,2.1179812859754064,7,5,7,16.72018140465053
31.899021778049235,40.55341700511973,4,4.205905741568942,20.36232243919317,1.3336787820613907,1.9619274902656747,5.192898994256276,8.813620442339001,0.3575207638747475,10.608499565685765,20,4,10,17.214711028334207
24.92199453075571,44.12299571390145,2,7.650023239917231,19.07696776345589,0.5052397064882199,6.943952633422986,4.339498798945682,6.508354461890161,4.275686823375336,2.9041804153145137,2,4,9,18.550830998754943
37.5122040171983,59.66224866274548,6,9.544604275386334,18.02067686266122,1.3797604176869687,2.685261356860779,3.7878086227976877,5.793862091002897,1.150997133667218,8.833820749224067,1,3,9,20.117495436635373
30.81944154690664,84.89009699981268,4,8.49477949713236,19.981086138917277,2.692563188558449,9.128411589558556,5.893700683823049,9.802647501025477,2.553932611243612,11.746881148114836,17,5,6,24.807758266064386
34.44961127268722,42.702862328878254,1,9.514636797458197,20.27085030436423,1.0886200603850709,2.9807907376319487,1.9932079215986946,2.80640520060651,1.104999482136369,4.203943837096755,1,5,3,17.046465400055762
20.65049345483697,38.654401267086214,3,5.679365268707302,23.670705173324016,0.02730004306767997,5.5518059964364355,5.288252174782308,0.6525429061162447,1.0624314341190373,11.929204692265513,11,0,8,17.012582007092444
35.24028964545245,75.53860991124183,2,1.6532443398054186,19.236421514523737,1.354178590533886,8.277621636516336,11.301901491266465,5.160104329061444,0.654461710136037,6.023992177542435,4,2,1,15.885661846057666
36.455143810267884,60.03717194003586,2,9.353959541837005,20.293384248105028,1.8126961158749304,4.021183380273833,0.32882517356655905,4.240178338159395,3.5655606624974228,9.937164702319805,3,4,10,18.03603428386376
27.741238376378718,84.70710674290629,5,8.685043905967708,18.15092477893868,2.265424149682837,8.28657959241027,1.9769209902363452,4.54290049077045,4.435808238126457,10.554533503195891,15,5,11,21.54769044379525
30.12505875501955,38.79687342959053,3,8.644129910669285,22.581238410548316,2.7353004174320787,7.236963974686624,9.332428687757051,6.201048382857344,0.34106761375526506,10.436749453576414,13,6,4,23.333758921902515
33.29619601805991,68.75567358138235,2,6.9327442740871845,23.49084741752992,0.24713737691508042,9.208659530831547,1.5846850789645401,6.151216366038392,1.6533110517358656,2.2410823516158214,1,1,10,17.238953711508078
21.496772545208252,43.972748769108904,4,6.249162621860794,19.42692388365895,1.8790077811977643,3.258345625897654,3.2553707940329457,3.92264293331531,3.950210391866359,3.979562100719825,20,5,2,16.070798963484712
28.051321529268847,39.40562571909836,2,0.14723891861331495,20.57397066384099,1.0654498507360737,1.0502806478013227,5.458067088532269,8.628770239625547,2.3538961347811487,13.130634974643637,6,1,5,13.197259482648192
25.973260555446263,71.00576490943624,2,7.4805406908811625,18.732675728195964,3.79187826217799,4.303494979304274,11.317947091693256,6.514585094871656,4.2279953249139375,14.21794954373555,20,6,12,22.858953694114742
20.92747984324498,65.62107719452399,2,0.9153511748280574,20.741012581877346,1.4395940391756903,7.858134691891381,2.2020142476428335,8.899116791086678,4.555369279941998,9.327682554119878,10,1,12,15.857137150031651
25.350688445830627,75.28964750173986,5,2.5975093610257582,18.800054781864574,0.4004947948794815,4.504351133900552,11.077015128051798,9.131539051024458,0.193764215524314,9.760627704978074,23,3,7,17.70568939423548
19.363446187709872,48.567754586770945,2,5.514902953513369,21.14009096651491,0.16596596308628442,2.6198793019307063,8.62229415255423,1.6731207586085428,2.2851586697558197,11.81539767077022,11,6,11,15.805878142247447
18.51623813898974,56.878299382931395,2,4.517325848760416,22.407732242593397,1.0616235503796259,0.2760317757301478,8.053738940918064,6.805618738910603,4.374833698171485,7.27936872219297,21,0,1,15.906401158232445
20.703325783096457,54.32830057982511,5,0.15774389771445962,21.320056648885007,0.7155149555305704,3.1302380295582735,8.682510288600385,3.1751186383764276,2.2704959013425094,6.264212478358917,4,2,4,11.983171556973682
37.26230223178348,89.04536783799085,6,8.239850584517123,19.471317470324255,2.599198507514971,7.133811111631379,0.37495942763204937,8.364290545484792,0.03499921791509397,11.986621653319093,23,1,3,21.810767904212767
28.99059071790034,47.534937404363276,3,8.788009580859264,20.12277591281343,3.3878661668305328,1.4761375622673656,1.1868031328342319,7.328515796555052,2.0178175942539243,2.3677135405438867,15,1,4,16.8884845686213
37.3164432230644,47.689034300806014,6,6.818729434967668,21.831436426233793,1.25023481388105,3.408793803072381,4.018098344882741,1.9874768752585303,5.235916538625178,13.509501745620412,21,4,6,19.419786116106295
26.649957566602637,51.272892529716444,1,5.410678586568224,21.53853250673595,2.311165819841962,0.20231461705112253,0.8876103977841319,9.387307665032205,5.711633362155059,7.7317328223065775,6,0,10,15.924358238451317
24.23632266170519,63.87564487741929,5,9.607378388994714,18.820648728728003,2.9212211079242127,7.217550032259911,11.851076513945063,6.834790069924235,3.3630998556747187,8.554971993899954,7,4,6,25.501009389399073
28.122837256804882,45.139364655824714,5,1.1995620774819193,23.069696841396617,1.5939507565573399,8.806830470511752,6.964946497742131,9.486331032375814,1.8381606182461547,10.245616049632916,3,3,12,18.669269606380773
26.790233772658205,84.91739642275644,2,7.379100536649891,20.851133473482093,0.2653024453522703,5.6852831768803425,5.848124053715809,2.0191117219340846,2.796385489078666,5.5670147283018405,3,3,1,16.896379021797625
20.11329368523488,45.94113389197581,2,1.2836061289519785,18.974215347158356,0.916739643711141,0.25872105892631003,9.426141418788525,8.69705094398634,1.4172211621840343,9.7660373888462,5,2,3,13.144255561747281
30.816526293804124,83.74894389361168,1,3.818447989234157,18.736959255448376,3.532263232354733,2.176253125495331,11.723510481743878,6.680728204156353,1.0087541654950327,11.009506309050105,1,6,1,18.669692418240054
22.320763650191992,36.20850381879508,2,5.854845091709787,23.793310647870783,3.2979210650195796,4.3846913529492815,11.461560001017297,5.522865937826461,2.961211658592196,3.533108849167283,8,3,1,19.502007666951165
30.39175909795659,69.39376214397913,4,7.370876905043523,19.689210667041277,0.3461301152956682,5.875812205614856,9.516778617464354,8.205128998610387,4.420103933164271,8.766120147650302,7,6,1,21.46866324186028
31.004021847963067,84.41913110629463,2,0.03716100271983991,23.451561527498257,0.8957948934689632,4.962763424704711,4.526090843530518,6.328638868457098,1.3347889562272253,6.282461769838651,17,2,3,12.410647783267095
21.04049706257296,40.12496630389377,2,2.6059788637177617,20.463511792613634,3.07666112849328,9.158660464112714,0.7915138989348804,6.696001605521047,5.457223877950234,9.245650433718469,11,4,2,17.16891535054464
19.226992542213363,88.0996176059553,4,5.3820039140982034,20.315528582719143,1.94359292795528,9.386363164015053,1.180523732748974,2.536705842560909,1.009365832504001,2.276825737459531,15,1,12,15.498030765145849
33.6152317213688,57.173001624930706,1,5.32873679161507,22.205573817896592,3.0398681267828973,1.0715246253916555,0.01382808953504977,8.170536886312913,3.350469458785285,11.654844630745185,0,1,4,16.637910243021317
27.196008475386403,86.74290650646147,4,6.37626434946264,18.059299726652768,0.844369886648586,1.3839087820733864,0.02283411869827079,6.5030270232731455,4.658299551217999,4.1892585591072855,19,6,7,14.14502686456652
19.163275910109515,70.60920261780282,5,3.0385358086822247,20.028537129782343,3.810792556681099,3.5805491223239807,11.237061587201543,8.443891787008013,1.2803308961336377,10.96203031951295,3,0,11,18.905657220659442
37.89732634339534,48.09521219241309,4,5.405292510889357,19.815874273150854,3.134429795199597,4.212348819005945,11.124203630489989,3.515269655433837,1.7786666818063226,11.994593857985791,13,3,11,20.02986406179975
19.155611219927334,41.29815149502639,3,1.897867774345764,23.20858856570428,0.7898092993040322,5.860666926611255,8.010645596457625,3.3171012240572297,0.30890549299971304,11.78395590176968,17,0,2,15.517814924674974
31.900704577171062,48.22410277350596,5,1.8687221440345547,21.1747412341247,2.2337968027199557,7.7315974978765665,8.720120690643629,0.23902964598464194,5.663690381161839,12.62752722958893,4,0,2,18.38276011203158
37.67357850526827,35.5810445557605,2,5.765639634226068,20.18742094334551,0.4523885123850313,1.3576770556174256,6.158501479800453,7.686053267945152,2.9218331602640175,6.0006869653592965,2,1,12,16.667524385631612
22.783602084318513,38.63207798059979,5,6.85472585045341,19.596475861798307,1.4457392605060102,8.026396960775404,2.854107073059989,3.3031438709175163,0.3858370503221824,14.572471149358801,18,3,12,19.25646518754641
20.844987373743923,36.27962642078887,1,1.2039996668128794,21.543058852863773,2.638485473902083,6.10028313475314,10.97262058930571,3.2721230970582695,4.980760879013911,2.3096362767428915,11,1,11,14.883766474156083
20.427698788448577,55.37661262449346,1,1.2278990190422334,18.91003884326019,1.3205107517150867,9.808844607950016,3.3322976083122002,6.8868451547476965,3.4160649542978323,8.255601249493541,18,6,7,15.939420802607764
24.06550295135191,77.73470257545519,4,5.653026914604505,19.477228611052688,2.6270335830318716,6.511676780825323,8.876055131395614,2.528689767727943,0.3317083052308112,5.513704198449843,19,5,12,18.277863081474685
20.020916220212932,38.48301325298041,5,2.7009575228364557,19.761672990388497,0.9791178586430478,7.160915047407177,2.945228216686556,9.090204865991362,2.705379423688138,11.618445848009367,10,0,9,17.116680579970954
31.84322683388264,37.81922599034015,2,3.923991022411144,21.647453685641647,2.884827122132268,1.952088664021695,10.441781016590134,5.380659912552167,2.6064182558194595,12.467902710302296,20,3,11,18.207299142894225
19.245835962601255,68.60573697103985,1,4.007484476475779,20.239529754098854,1.4383582956797163,7.688619553590362,7.8148732131057725,9.69477236045363,0.876490400638934,12.691102857731751,19,5,3,18.53668582536065
28.188442562995796,41.83097891808398,6,1.7855285928491638,21.034699800720297,3.1619250836457486,0.7926617768317368,7.7123402466807836,0.7666884458945422,2.522236854523692,5.859752723250976,8,5,10,13.351354495550835
37.93393707705954,35.8566022865395,2,0.013146334306264329,21.90262958259952,0.5467596588712542,6.565304361881861,1.1684068409030393,3.368253676457029,1.696842095189711,5.563826969459132,19,5,8,10.95233661289325
34.279405390120374,40.01091469233466,6,8.531518099690073,23.737629604846123,1.4479117974091409,0.5557290884870136,5.033626838030419,3.8147034341439587,4.199651371537607,10.800164350619937,22,6,6,20.13350662616233
30.304388764620217,85.42388375260657,3,7.150019688976883,22.589024382616515,1.8557298150987367,1.152258213095968,6.298902090595192,7.304207200805798,0.03295169903740014,14.066396739581705,4,1,6,19.634398670348027
24.125072415732234,79.28827516657145,6,6.905385581155655,20.431540683432647,1.6953820980023067,1.078662743165908,3.528435460933321,2.1296225793061376,0.6382556605339995,5.304667802619278,9,2,3,15.38925688818189
30.47791672583277,51.24387374130565,1,5.465051381133197,22.489652246383542,1.7323780180813602,0.524840648225563,10.571695342001588,3.753458533825711,5.511892854287691,13.837796092262026,8,5,10,18.897810291396382
28.540829278233034,69.34924603964356,4,7.009696545781204,23.698165085515274,1.7792133333802904,3.211389169458964,10.05203929813466,9.106425439575917,2.599999963926849,9.688998110056465,12,2,9,21.89867469566822
26.52166767780743,62.236540420082285,3,9.356883775476257,20.99628327392475,3.955214100930605,9.943524579025361,5.923450948110361,1.14550883689029,1.0570918480490439,11.593194285159822,7,4,9,23.933182680931562
20.614207534803988,70.62745580895384,5,6.656737362292912,20.462981598737336,0.772628413078619,3.4822536846153627,4.080374431729378,7.45324000658666,4.759358621214222,7.718596929601655,21,4,4,18.726501558373098
35.732084304809334,70.96026914776556,2,2.6509140192744995,18.46811219400442,3.0746553220344173,7.607759133385498,9.618507264067734,7.024851116274694,5.109555600458648,12.489143881529369,12,3,10,20.06495166491864
26.99569297642645,67.72404090359957,1,5.70560051740898,23.354222223905175,2.207155124426632,1.3231701585710054,2.3626973704948653,1.3050507659410904,1.2672840810114003,14.616407605950375,21,4,12,16.41374419353099
21.8924502364153,45.96608211223852,3,4.423244033662101,19.478605684761934,1.6545136724394163,4.544910802654547,0.8581957811235932,6.884906873685756,4.281599954428713,4.217484508065374,17,6,6,14.167748525101256
25.35518701754579,32.340385245769085,3,5.564191311121495,18.383747380914837,2.534114868701058,1.851158355648922,0.5485258328633726,5.697837893089098,3.6908141470016895,7.012272525003241,22,3,5,15.296953063660148
26.282595050578543,57.33400691940653,1,5.176104774128251,21.2232209195465,3.4141257723992156,1.9209717009320404,0.4641991307760027,2.875223371440848,4.470340267948529,13.21193639880904,8,0,4,16.734152464775054
34.550757911337485,83.45843308144222,5,8.587752852284648,23.07539787576915,1.866553455812344,0.9969003657403797,5.866663877642141,3.111411950525529,4.727390515439579,4.296747451534381,8,2,2,18.995989014259827
32.67228761122804,64.16983551111456,5,6.518001033810671,20.439810333738315,3.4592054758442705,4.320441530279321,3.0637636331923224,8.329922753357623,3.9656151383595653,7.3685247648318795,1,3,4,20.356173356999133
33.386097872826795,79.94346250211447,4,1.8875847793410394,22.698404820954096,0.3751933398361995,0.7553492074866941,8.284501456343369,2.3101498626622172,5.7373017507631685,4.159496426240757,6,6,7,12.39859525270145
18.220625288572943,89.49746057767369,6,0.6301677887537083,23.018376043703974,2.6123368879723956,9.098113563556609,7.846698888486064,5.127805294276744,5.185358155429912,10.428787363846755,4,6,3,18.846821538957133
26.32307996359523,39.81697224829658,5,4.243637886813469,20.726421352919182,1.3327202452834528,4.479003215719544,6.5042400857282985,6.811497373031968,1.3738289270282107,5.098148978592623,20,0,3,15.276677796301223
27.626883032706473,71.50665834851894,4,0.15610622257729245,21.545730395642842,1.5468613090886563,8.385661414378813,4.234119377135555,1.2990169433685417,5.481394777633811,6.950427370168818,5,2,11,13.80786473504536
18.383845536461134,70.45761442200148,6,3.182973858333357,21.20347379123364,2.2840790036172147,9.794644497055122,10.205474939828763,9.323538712163144,2.1575838066387547,8.384737557297678,12,1,3,20.16639098380037
23.196264174900683,88.7973268414967,3,3.6802146943922565,23.63517516980701,1.9196671931902891,6.777791788202396,8.516433039600642,2.6063431502838554,4.35925110821928,5.8626754225628686,23,0,9,17.574983949394344
33.2057964624427,89.13604403716802,1,3.7558887400992393,22.353034110550567,1.5271177540394176,9.015107571341733,3.2583134883799025,3.1883492300321814,5.088061900658507,10.838712095546144,17,1,1,18.058406416217363
20.74219411457998,71.20071670344777,5,9.793500243238928,23.552056864620678,1.2332936872789255,1.3536752050300238,6.020263947762119,6.661157381092574,2.6182225590860093,3.4462429057491475,2,4,5,18.65597661127883
28.706202629051834,44.616887518931655,4,3.0390087697246826,19.320059868371832,2.4732612089261288,8.299936458624359,1.8752545058911592,0.7819164713613347,0.3090512787743014,13.437409941375877,9,6,9,15.626374189878476
22.30403744034475,77.91335028783594,3,2.652274953786212,19.861421110996023,2.022318607318501,2.7121733320997587,3.9453154932228864,6.276126899186166,5.697968606949795,8.257425934327344,22,3,7,14.100274917191538
18.242415492877864,36.42174805266229,5,1.2938093106754123,18.425480839080407,1.2932365020435217,4.725980388421609,11.965682194362405,9.160299601857504,0.4348803169461559,9.446583741809565,2,2,12,16.936366193892173
22.82402915199083,76.84195825029772,2,5.110088356826128,20.999447740174844,0.8198440755102352,6.465826490943323,2.6861306432063516,2.4909055530142474,2.088657546989544,10.087685808545892,0,6,12,16.184733227811574
37.517475098201075,84.61176744868177,3,1.5367430621362066,23.243542076315464,3.0978727838550086,9.035435925352138,8.379628268617662,3.619077267846027,3.5786837866299583,2.7758666198697646,5,4,1,16.485735718817008
34.030742237659794,52.97000368610611,5,6.162947127307845,19.961080182784293,3.1988596981115514,9.10993800929742,2.86102374932434,2.3233395752125774,0.7052202458245984,11.840879821934688,22,0,4,18.756109647161427
37.19153288642067,67.83811769898483,3,1.5515977893834954,18.76969264169599,0.8551525079208107,0.9210237714184499,11.257614468069738,8.18768748912934,5.029237959535608,14.29724410464457,15,6,6,16.82807168652681
27.757080878527248,55.80856392580958,1,5.766733177592012,18.41067752957432,1.0465960529784013,3.645554888210584,3.7215941398844103,1.6760782350446635,1.2205329346586904,8.758803526272745,16,4,5,14.929241655812074
20.19472397355007,56.26590329928771,1,8.262692391746263,20.685001635141926,0.9565720900059476,7.931752066842167,4.160268895760511,3.4662823543585697,5.916021979854465,7.081293217350988,15,1,2,19.84874501037877
28.95918977947386,48.6222533464872,1,0.42524633519092636,18.98413046777258,3.5382789823061658,7.031568892322254,7.126317276794246,6.010218214251366,5.498600643390505,12.202346051449744,9,6,1,16.70772912906262
27.08754669119922,75.72777722701949,6,4.1974697491820585,20.07662417331062,3.096521524247402,0.2635244502082801,7.057341253379217,4.045544326659992,3.6273365233071804,11.36458845902714,6,1,11,17.579155936244533
34.887141654792316,86.17059384999031,2,4.610489672188355,22.91987884849462,0.2982940929999227,4.498894050569497,6.9489166775661575,0.6546931450707805,3.9600605357242795,10.462685352721886,7,5,4,16.652469960596207
19.961651615684893,86.44505155406767,1,7.910721434781124,20.304284296545145,3.330663799308343,8.292530951236177,6.879056020874889,9.477206676150926,3.2016388080520417,14.549568517448787,2,3,12,25.131696008831927
27.764822740435562,40.48687709249603,2,4.679156319455442,21.659225509538135,0.14740728290316651,7.376844373337727,3.7462427246425043,3.379004417585664,2.3466238117969955,9.56306748492812,4,4,10,15.491500292895562
21.000973293879685,82.48461897939396,1,5.6753578645632015,21.01296033493689,1.0127991639320508,4.118497923323226,5.212922680062501,4.456512127647779,2.110248582443506,5.228884670960831,18,5,5,15.04484424891275
24.4935185378012,74.24588648562732,6,7.912042535880711,22.31119975782022,3.67596553638646,7.351611223467555,7.121201317691725,1.6754533520336579,5.3499294404415725,2.321958623118931,6,2,4,19.61054302652783
32.747141547755994,45.170244041417355,3,5.597584929292907,18.936989753925413,3.4573251790648376,5.512107091366065,8.05524148400539,8.653502390459233,3.4597183566826075,7.895006388463366,17,1,3,20.60914364412175
27.52036258737533,34.03707677529087,5,3.5829941351958237,23.522646218901713,3.125738058898459,9.126289980682865,3.037548162283138,2.9142878786461157,4.9397623932802315,10.480206243233274,21,0,10,18.269385587914414
25.517765702915387,46.079836013062675,5,0.8584227762058227,21.86179678530021,1.8301889164369984,5.871271744005437,8.41770074043529,0.1982304339946228,3.0844262632363106,4.2378088004222505,17,4,8,13.003489661640918
25.889525571400707,84.73249420689154,1,7.299156295125776,19.625722389480643,1.2856564040800311,4.007341787943681,11.07931500135164,3.164025825879171,1.8421495334523115,2.3349285944465,5,2,12,16.701516604034172
27.188935368119733,67.99072049374634,5,8.71138150162155,18.739522248828354,3.5261833501618267,8.629206245682344,9.095132440125465,9.84059684532896,0.550556859778319,13.818162918532101,4,2,6,25.705729760885493
33.700330876741134,73.2632796538723,1,9.70064537020164,18.89835338487714,2.6282963610768486,0.49868842306640904,1.0107936338726606,1.468428728149952,1.9421808180499036,5.925316561869419,5,6,11,16.705083506876832
35.84169377880469,45.42914106654575,1,9.265998807715683,22.695977561376647,1.1820354201911738,9.005106436374767,5.629514641080252,0.3120248798852743,5.280705084390591,8.058642647811855,5,2,12,20.977276969647566
37.10669373007856,73.1632893344892,4,7.9741790883324875,21.528660319877748,1.852783511861793,6.9634681449778535,5.223166026468894,5.781755902289827,4.271767043302617,3.18392191047437,21,2,3,19.958749584148272
33.7380677251059,31.687290376675424,4,6.434719322457282,20.2845497443091,3.5260008890464767,9.40605860424078,4.038039744219162,3.7166654646750805,4.714979459226075,6.960972969572307,21,5,6,20.06707553119208
24.308137914960255,52.51928074638083,4,7.814601458306384,19.99740507712128,3.613821744312886,2.5050486912695833,5.895841678836039,7.949752992104515,4.6406052966033435,7.509052938968515,22,1,10,20.605293753125657
31.762694121730842,67.60520091253987,2,4.3208371285206795,23.13454802640318,2.637208375886918,6.949213646398613,5.275605280798545,7.318877638587253,0.7198345033888567,13.73567898119893,10,3,8,19.455562587822786
26.75206248110784,38.76579393247921,4,5.94776214790835,23.248575142688765,2.9302234428681353,8.094632669059946,0.07404572600832493,1.8541902809982658,0.9531633963469797,13.250947218984138,16,4,7,18.930303212763366
23.09341244092102,79.38021446681608,1,3.486998091391852,21.48757223051576,0.15719133291521414,7.021025797858767,2.8386633371048386,5.646323051550998,1.9034354930041313,4.4570265370295665,8,1,1,13.618748002200514
34.81743158851845,44.10187792871512,6,3.2670921498038274,21.14726439399022,2.4184020305487524,2.1033370228926507,2.5653857433881675,0.3243600745608488,1.8061726720074733,9.22880894665397,21,6,6,15.44065802652375
18.7685269792465,69.13686676910677,6,7.566917732760338,22.89868825245943,2.755970273483908,2.755895680728436,4.191114494913595,4.39478228134477,0.3964862295343905,11.50622145365271,15,3,1,19.753106132954994
36.03523984270847,54.31182855451978,3,4.539327823035617,22.49601107876625,0.08150858832092656,5.667423484526736,2.0934809006916604,7.140532219683575,0.9208290574152411,5.794057358439726,9,2,4,15.09386882541618
27.22954929249468,65.76261572865883,4,2.121612629310292,20.40195109996673,3.3754359518250223,4.467506026907695,0.8136173245381437,4.149587920877701,5.1373817014006775,7.127628789116466,14,0,10,13.796736171144829
30.74402953616561,36.44703315773449,6,2.0193816194186587,18.496432108505143,3.7131400466029643,7.351171884165283,2.3593542604201536,1.179541478201609,3.534269027890221,14.803456742608876,7,2,3,17.653030718686182
31.187078444115656,31.014767995296438,4,8.591723615699337,22.611000644176666,0.9517458096751521,3.7867669146632044,10.25024143703358,0.6153358698935407,2.0536979566778495,11.876517764541306,13,3,7,20.19983672769986
35.90235481413073,84.57386564281808,3,6.777604943626711,19.012206173641463,3.383183730787858,8.594805218597227,9.564472090374348,8.536594497811766,3.158867387180253,7.68334081559862,15,3,2,22.87990937102657
30.733393643344147,46.177800526030964,6,5.460460733581158,18.09826143887087,2.662050330836657,4.319204050367502,5.305154369108937,8.913269599491134,1.5678803494697342,8.943062145931279,18,0,12,20.036181739403812
30.278671695201236,79.18062016682754,1,4.009387359963594,23.059816051223944,2.322783279000794,0.40041280714792404,10.533780407745162,3.430924812177998,3.5030539040830497,10.135170611831013,2,5,4,16.909790959315938
19.3330408112138,89.961018028332,2,4.308173907871257,21.469523072020312,3.372503894756594,0.17364075884945707,2.791987417449407,1.6417232463075293,0.4477852994153917,8.484927214850632,12,1,5,12.851604052361804
28.36816043890408,42.685875479934666,4,0.5743519419494381,23.349996213214553,1.1424421429808147,6.467425860845477,7.01050969439078,9.786162131242211,5.415904193787307,7.35106041743664,8,5,2,16.743714011561632
21.003380016340834,45.910244471001334,6,4.549101448678428,20.90752849918571,3.163424710747416,5.405531182818258,1.7150985065569317,5.458638036012106,1.442679508101688,6.671546232076026,11,0,9,17.381275365308717
32.74867537442971,69.77158725807993,6,7.954549106220819,23.558886604268416,1.258083070672813,5.427446433562887,10.000808274592677,4.766550437158246,4.914453011625676,4.196761243970587,4,2,2,21.249520651363802
28.244438416253487,87.92691807603728,3,3.8798648009532233,20.12383048787318,3.149826171632295,7.9000901602844555,1.5669786899022302,7.41607747393279,3.959993197947103,14.657074648485976,20,4,6,19.762900919116287
31.604555584167066,84.94886089144464,1,3.835812525432579,22.34713201400576,1.80421602302583,3.7572023463971957,0.38232190774131825,1.6886933942136162,3.1380416545400034,3.188365155097684,18,1,12,12.469430805558153
18.833458012047686,60.172531203935094,5,0.157165830192878,19.8059190555707,0.46778188597232173,9.954469975949847,3.2813307608183435,5.799897234039109,5.578778764306774,9.813291098996837,6,4,8,15.50165591853965
19.695840320916066,77.70661695160348,6,4.578352625580687,18.00698198596787,1.526079441223962,9.455301006098523,10.81122107216428,8.901623564075889,0.9408790819269219,14.474831780211781,6,6,12,22.49846817409195
32.326467761253646,38.14475118599407,2,0.2533765294796686,20.27846720729374,0.9339731132390026,0.1296176715782471,1.5534849831173188,0.23068485937858596,0.7156648216139982,6.8741110218230705,18,4,7,8.229065073993441
19.441686719973468,88.64629105224074,3,5.703494280087611,22.426593078655433,0.40212620314487646,8.957427681987562,3.9680432243464754,6.729397068520986,1.9311607909406259,5.281477546251746,7,1,6,17.72296253010953
19.42513455530517,87.86119404215918,6,5.067833815823141,18.900145076679085,0.4411482736946599,6.805496503701072,3.796979916146312,5.514239557514054,4.981327359110129,14.421798737543634,5,2,8,19.270769504806157
18.24216950469775,39.82373747275026,6,8.40008498923999,21.028812199244356,3.1202855940161993,5.020903368160349,9.619755289162693,9.50800784474451,0.21120873714140842,12.422611326340949,2,5,5,24.363637772326378
37.1300279659896,47.965387488186394,3,5.817806109257212,19.27392890910429,3.5255914100898704,5.827474740940425,5.058304797360295,2.586985099222139,1.4364342438560398,10.515325459730548,21,6,10,18.564887281482342
32.75016718918014,36.009299850406016,3,3.2342735532221525,18.447744728514618,3.7085164777300155,8.418573632643213,7.3388045953762,8.588916419263729,2.5482131501200054,9.955849551153028,0,3,9,20.371711074743327
25.065028170041284,46.30305593389078,4,5.1623100941691415,21.704711891665898,3.4157846893218187,9.510373920730238,4.852596069994505,3.089857018832849,4.27764593122925,6.681639585924099,5,2,2,19.03815287340912
23.930711625753105,78.95734736491241,6,6.997063557499188,23.71180573382042,3.320896389141767,5.603336247364425,6.6174841816424275,4.298635760629078,1.7958784056650419,10.337150876873357,22,5,6,21.26380749889772
24.994064594916992,52.69893642991557,5,0.939637954103828,19.864225312307504,0.27534340606642393,1.8129144718858992,0.7492886882091807,2.1328756476449504,2.688674677384284,11.425330502300378,19,3,12,11.706766656894048
33.49307062362364,35.3038180288055,2,6.210740884704338,21.483874802159704,3.1604943788868414,6.397539838222649,4.488353257681618,8.635910157855093,2.0211029452269687,2.412502695229759,19,3,10,18.239603342685257
31.227412221408287,50.533531486734276,1,9.166262819779792,23.721620206504767,3.133130638625804,0.7621896838858067,10.261270052879444,1.9540966065360987,0.552361528354214,3.5299705364111063,18,1,12,18.280238175053103
21.70391135734936,88.88300005447681,1,2.9913029563124436,21.902900099968125,0.5251615764184527,6.351387368348678,8.292810758186901,8.590129932645455,4.432055908987521,6.096435478703094,20,1,12,16.26008952185946
21.482186706681688,67.78101571555217,5,6.266250948764123,22.038679813859726,2.6480369277385294,8.086118025268735,11.78194852975944,4.556133825705476,2.768276378666899,6.200669420302231,12,0,11,20.70263138617067
19.967912994267948,54.96965678436946,3,8.213294503502436,19.073571069365016,1.8100293458371262,3.533314364858869,9.455034448513718,8.350854938168208,4.875072717168578,13.706707148222632,16,5,7,22.729491768184058
31.206054394026765,39.9923108098362,3,5.118063974386241,20.95565807311696,3.600054093888283,0.7118442425517368,5.418116578701289,2.6448855910986504,4.168157502324832,10.89857018504893,21,6,9,16.91746745539516
33.287453244434715,89.17060783702169,3,7.179795340203849,20.20249648252348,2.7816334495826696,6.922261284129062,8.115365492394513,1.3273014137120653,0.3468912011371601,6.85555826355527,17,4,5,20.261946155856464
23.30092856650008,79.25094055578774,6,3.110103384892601,20.82574111434618,3.8039501454970086,3.393287501685791,9.31096410825947,5.549612649599018,3.000455402977671,12.519627984957639,19,4,6,19.11091866386533
18.418899220618258,46.88863814705516,3,3.0605845292514475,22.80495945865126,0.4196905810985747,2.490966518805516,3.2362039190560936,5.094370670557166,5.945133741692242,6.201533329123481,5,4,9,13.402225442786007
19.643433349528546,34.204121743271365,3,6.675840217985607,20.76419392647659,0.16242925780957274,6.89181758943242,0.7202146873870112,3.566073780035326,1.8472215711956488,14.879829949338337,10,4,10,18.804680967503405
37.357200696900605,33.39753344265348,6,7.054088739734839,18.37710406954701,3.894317431042184,9.695864689087948,4.87016721598258,6.628214185384143,2.957748602937854,12.16105750636504,5,0,6,24.214344084962512
23.908895549548404,37.22268897033203,6,9.370096995121438,23.43324996690518,0.3207686457796175,7.453223774257375,1.7360779452301829,0.9514282875751157,3.912194662044242,12.509070366099596,6,3,11,20.798718451410313
33.384462956762675,64.8461150168653,5,2.2483857471797455,21.268895324711824,1.544783283640918,4.913500405593755,3.3268934371500225,6.220010749151294,1.2135936022793736,5.392643016948308,0,0,12,14.405758257351916
30.493271377085275,85.72580527232955,4,4.682175960879691,23.546966151181753,2.599882489002219,6.005107224241481,11.362145945689598,2.1175609350023694,4.215043262190251,3.8854397237987577,21,5,1,17.946586942093962
25.638792793057917,59.80460568035907,6,2.505134731638914,21.434127072165747,3.520226693336335,1.4227890868578885,10.164991118670223,1.2895455602129713,3.9586600586500755,7.064007615136021,23,6,4,15.72811394109156
22.113745243911104,80.57672894737183,2,0.800921608802454,18.417817895850362,1.0183092728557042,8.132132856828079,7.109566014811923,9.09608180125356,2.249762800316926,6.345064756360408,7,1,4,14.649200096015111
20.42772836318813,56.75319719158847,3,4.032305279474877,21.317216361154628,0.11623284754009333,6.042950106114189,4.815080478388468,4.597957611538346,1.7066356038785946,12.007817821132338,13,2,3,15.454826040183992
30.300259360777332,72.51501274606952,4,3.740807472882033,21.454433594956082,2.085147161996758,9.658303979980174,3.171964322494218,7.634168715880244,5.514616207668594,4.265745557135572,21,3,8,18.283494010718165
33.49267561275576,73.91236423719005,1,2.7043411998218794,19.286039276057853,1.8844480810889652,9.79483368289948,6.857499356624,0.8911692844851715,0.7621414361828223,8.857061705699104,19,3,6,15.698273293695657
30.878085070822614,40.43782235420032,5,2.9699489113941646,20.82617450462626,1.2275727287563183,3.545866924404031,6.39792299607471,0.5746487800608335,2.59218474787311,10.166512897684997,0,0,7,14.254480914133842
28.606042664983164,51.67296353854871,4,3.6041180635127814,20.75664907124191,3.4955974700057966,9.88545935512671,9.369369700578396,4.948522129210648,4.6019017693327715,7.007151316426535,4,1,9,20.40984609807604
18.839024468632726,68.23812939228144,6,9.888376327800936,21.73725689412362,2.9972886863329387,9.568335281025902,11.136242265168686,3.155511515451308,0.8888225728523227,4.607895067602708,4,1,8,23.87283184922382
37.36977555188768,34.24179649106197,3,7.8295776596728,19.557684592043522,3.4324655327969866,6.398319638051361,3.9472476159602277,0.0490729250948263,5.59756520124565,13.643668398732824,13,5,3,21.838503221186606
33.97428383309149,51.692411265777395,3,0.7140120108690695,21.490490507689163,0.6472358379087968,3.3346442845915627,2.4755653290815296,1.8329464489886693,3.157514440587467,3.804920594311697,6,6,4,9.222167707273773
23.856440734019294,62.087967976871546,3,8.724131764867018,19.445712255821658,2.769647835761364,7.533402207477691,4.833595391348462,2.187755154904579,3.0288939269226045,5.949456861805462,16,3,1,20.060867411093966
37.599406587177015,89.77346958267832,4,6.333033263986714,20.678671633223438,3.9004069416754295,2.7123723135613584,5.250495628958449,2.8850635453109383,2.5456644647958724,11.835375931227794,10,0,4,19.011078579963833
30.037631792726444,58.472013757346446,3,8.905937601219092,18.736234196023844,2.447655567234769,6.298438966745806,0.4784434738123493,8.775355770433512,5.204701148967289,9.869049894056097,21,4,12,21.157264322895532
29.64845316414493,78.96340542685942,6,3.417096871302282,18.22380328716887,0.6854574611819446,0.24581613799564028,10.340358386394271,4.206025311319687,5.690648452882363,11.498392139636572,6,3,9,16.462998987215194
32.96146358859065,55.924037103997065,4,4.645188648117188,19.923523835950405,3.983121577872538,6.285827965441736,11.947108064009944,6.794323904770867,2.2804081573066677,12.513966200266806,0,4,5,22.006258760372983
34.23539576180275,77.78344335718253,3,8.962270573081083,19.64743050389845,2.113294326233513,9.516082847335618,11.07850431253827,0.1839609266153297,3.2543619015004284,13.640107537101894,14,2,3,23.59247630398683
31.129572146630053,65.7248880972065,1,2.725731359136815,20.44161547218808,3.3602360731049887,2.351430427062197,10.327979753842925,8.139256778828678,1.892538796992943,5.9593452002661085,18,1,2,16.716972380244126
20.561914927324,83.1957264901439,1,9.155008762454154,23.77189572000204,0.5974457897217254,7.7817948671577755,11.911203641514494,2.403289441964173,2.208100570028102,8.165967083754362,9,3,6,20.851353207663625
24.765350119889966,54.6565531410066,2,8.284997121442693,21.13337576862197,2.6643848710316855,2.9342354991560162,10.893701183698635,3.0903932891043464,0.17000136373548114,10.948031867178779,8,2,4,20.855315476054113
36.561672806520995,66.25826518928874,3,9.805579409092934,21.31906023682054,3.6504707928154554,7.078497487286414,8.260411448919807,0.4525643198703855,4.715612906462501,12.331693629511987,12,4,6,23.820496748456073
22.49231223687704,67.80112083712964,3,3.242575870163631,23.649606232724246,2.1280712764477574,6.999723698735254,2.001079785266012,4.096929059736154,5.815998844554276,9.511617930608335,23,3,3,16.873355011413835
25.443340476750265,55.0429765080284,4,2.357531800047834,23.526882825551,1.1546402423392177,1.8473774169047852,1.8762014800424138,8.525767727400451,4.617159311086123,8.678726313436485,12,2,3,14.817184097565367
26.64153765888392,38.65872262124889,4,3.3086689704572816,23.304671723402507,0.509687311830346,5.971279104210199,0.5853569587602325,3.787342581202892,3.1092685245687472,10.992926092604833,5,3,1,15.084992051064166
26.788099793889046,35.61356441474013,3,9.546497959887352,18.587968452178277,1.1837786609533212,8.591689531131536,4.9419704062513965,9.086052707563924,4.965059958846688,6.966376882139249,7,2,9,22.20679118404215
30.25879164989051,31.000293035977986,2,3.3307329605294154,21.80578446312198,1.4195368117074318,3.8253306943956122,9.705888925080043,8.674476031926819,5.147274258498441,13.618155850152823,11,2,7,18.88016205706296
36.861516754894154,82.41205585471288,3,5.6521181995723815,22.84859388296107,2.839820420919318,7.102769513489125,5.883551337586926,0.6196094299432597,3.2671357855696734,4.7588461617590685,1,4,9,16.74857025630948
22.8138542366501,44.18849473432167,6,4.036792825865142,23.013448137462568,0.7144856281184078,6.744300352345465,4.395860468538989,3.0527194378181264,5.62294491407929,13.492054729841618,15,1,11,18.684143645651645
20.43002752601836,42.69040495690608,4,3.9622014448178087,21.467442855011377,0.4244194228616305,2.575140018006037,1.310830370384997,9.104173075174607,0.18102115834194188,10.367017097049871,11,0,1,16.008112086673478
21.949409797198747,74.16212402556394,3,1.933786098790552,18.104973284917016,1.547758164135018,9.186435597857033,0.6210397090870581,0.2980894247466981,0.060576058971225866,9.808559906307327,22,2,8,12.30068836342632
35.73849800418539,49.20096678524351,4,5.3707954079759,23.84227740985041,1.8346144656365513,5.635120841162729,4.790149721083287,7.658082846087595,0.4887561849880375,8.109413224832913,17,1,2,18.948139013526138
30.91621625310412,60.3626815447102,3,8.494042549672068,20.83318021654873,2.51354020887002,3.5529265680552413,1.1991045622047891,9.064279791512671,0.34714629272070985,4.011698555022442,2,5,3,18.315685716158622
23.7181357847832,39.750663917847376,5,0.49485013553870805,20.36157537164159,2.8301252052037564,1.6435837570243672,1.2425780728557934,7.704913983358268,2.547665926693205,13.244143824813662,17,0,1,15.152915685698648
34.318938779372345,87.58474328771815,4,8.892265936634216,20.36969228206358,3.5571108353343983,4.7345835241976895,4.744181099647755,7.438143170059077,5.641926623531921,2.682941459196207,10,4,7,21.223043864384202
35.22739992726872,81.09488400103425,2,6.654729651372994,20.5449052803496,1.1558142621121443,7.301134379017,6.034121478032594,8.433557756171497,4.051341299951618,5.509553670319635,4,3,12,19.272389190662153
34.93028677380556,81.8273773779002,5,6.167380805749029,19.45308430903652,2.114431290767716,6.236402697709879,2.240194643694181,6.657895610320113,3.9567171674667403,3.4261877106276595,12,1,11,17.171472444780758
36.378530672791086,54.40642491432031,6,6.259002329239922,19.96400175449898,1.4641628272122609,7.270525595527633,8.215628235125243,4.230961887829716,2.3093162540212777,3.388859054714864,9,6,5,17.70795028483261
23.04482040346723,75.74167282243036,3,2.962698359544694,23.912145658648434,0.005686688123960337,7.917607523003841,5.024304008193731,0.6275555133505517,3.2025987370754176,7.07549594763153,20,3,11,13.998773004445972
33.10083857492557,38.63256932338681,6,4.151445038682877,20.209008001536567,2.31772729087971,4.4100476648944,1.1030704528645927,7.879674450144459,1.8250481792665392,4.085534015222562,21,3,3,16.859096563723558
27.2107899454828,30.517140155506816,4,7.992900059042146,21.160350098842734,3.2631843026845546,5.201661840242924,7.644409494752583,9.052536390408916,3.10702643641599,9.558015218711915,14,0,4,22.658810716046446
34.83997105780123,31.198375954681687,5,3.063810369362896,23.08976559585131,0.14575794441357637,9.864221115808906,4.283337824341666,5.1158646155320024,4.479965452288434,10.153066215317029,5,5,12,17.339258451944254
32.569813543232264,65.19610424427363,6,4.700202095726968,21.164566866653182,0.013967034411880963,9.680513958208655,0.6278577249151946,5.3251047445579,3.352154785519793,13.467218456422575,15,1,12,18.447872870849608
33.52894892999449,57.32369431487645,2,0.19632271387653333,19.946720529709005,2.911273626042952,4.148171247588591,11.375778956006307,4.032869841460677,2.513231035341377,5.895683045020187,22,2,10,14.679410070597296
31.12323675362143,61.080920934511184,4,7.335583529355066,21.142505861511182,2.7354389000353327,6.85179524206495,6.854363485268036,8.56882610833859,5.069532383562582,6.019318984255713,7,5,6,21.620066639391837
21.548575389394138,30.447788425033163,5,4.177021766786057,18.684517862634586,1.6234084213400837,2.675901783278528,5.732644428367648,0.14803303963580094,1.7246572787685108,5.202793422668769,19,0,6,13.373894822104752
28.900538377938766,55.36119717944554,6,5.253587684736037,18.78004173139662,2.6464195264836388,1.5269754563564841,10.309648738246016,6.245485496151852,2.8889215675467605,12.163534315370349,2,1,2,20.078428893139662
37.69339479049016,73.08408967205165,5,1.1468931781075864,22.16464519338401,3.8135442901240033,7.684012226237336,11.240885151764697,9.074130977587378,5.868883623829204,7.564781042425259,4,2,7,19.879954379579278
36.74776132994238,56.56162211804615,5,9.917142287874368,23.504763943558473,0.9914511862212145,4.361799694180243,2.6438624179945363,1.032223255322674,5.803929771136138,9.181486173582403,14,6,12,20.483771101571467
18.863474715940235,73.93315237873333,6,3.0246782698484598,22.35406880093111,0.9837063781263353,1.7705280365001896,9.721734020100326,9.59164537397988,0.037707699965953356,6.870027646560519,2,6,2,15.857481781722061
21.296296314588744,43.98113786381009,1,6.349896615964504,18.447679443944143,0.7449288190568555,7.588479235205471,9.972959121291181,9.676781640351141,3.19340045359352,4.03856808315278,14,3,9,18.097299059841333
20.63457546909124,78.78852026890353,3,5.812363448544654,20.417373666186034,2.8959469998950014,9.151703597940234,0.6528335361311881,9.29788965156154,2.021515553250956,3.3328862146735108,1,4,2,18.601529838292283
32.51959819970591,65.30587442720713,4,7.8509220392499035,18.015321529608382,1.4127569526853603,9.33273500457737,8.543329382139273,4.625460959719225,1.7473432184805597,13.287555062202916,11,4,5,23.191521210569938
34.355706597138905,42.645785965794374,4,2.9383695562196053,21.067240459953798,3.9547725359485226,5.963337084626196,0.7556145815949242,3.8297000303229733,3.577513071652083,5.451261861553345,4,0,8,15.285145389732795
22.270227326213437,44.20322855122998,4,7.559273449972372,19.159226909291107,2.858595613828605,4.796411289748735,7.1360789566788085,7.059477365220372,2.677825939165106,14.241058902163738,8,5,8,22.44519154639055
28.11705385903658,67.68182787417223,5,3.8250173068573434,23.20887989237194,1.4695075465895382,1.4186658616180559,8.030841325664088,3.186902179440917,4.397052489303848,14.314814736639388,21,6,11,18.497126938680488
34.814060560224,79.7963755927466,6,4.111609658463491,18.626010317214494,0.596744136253859,7.927898042561033,4.404704260211638,0.6834415309538955,0.16280514217297748,8.225980243248458,3,2,4,14.364450917336415
32.65603089532501,54.93766692174931,3,6.727125264867702,18.008600391882183,2.368099266110889,9.453231521002897,10.569449959891896,9.014221633620313,5.561345079385481,14.461646944958119,22,2,7,25.361686904922568
28.844744109836967,45.49802574765553,2,7.842857717404687,20.706876258682563,1.179613012385702,8.894604136173967,9.606140483609668,6.348560599317546,3.4055597527671004,2.370333812642038,20,4,8,20.662313352176643
29.806953809175457,82.02069641463603,4,6.668666361205591,18.932599823554433,3.6220363251851464,7.517834544376708,11.111516563456755,2.0715449829126786,4.104400213289848,3.191457536690355,6,2,8,20.634315268006716
28.1672109383256,70.1560975050501,6,8.99879520571152,22.42791829365097,1.765617599505899,0.04568862590776046,3.7786743195717816,0.1840856134828439,3.6275188482708494,5.163025839326767,15,1,5,17.545082342775956
23.950969026376413,56.88512923698459,3,2.8515902951006735,23.51960839068837,1.1705998581542167,4.077508746073407,0.2583336007417305,7.235159669313079,5.934789637857782,4.719514221372043,12,1,10,14.925774992792974
29.300439857180322,59.27401171675811,3,9.006167321019493,18.251628085815405,2.354207258282723,4.107141717018079,9.737535203970625,8.527999227643955,5.917790647778288,5.284291988117701,1,4,2,21.8384617442011
31.777706041001814,42.255388076183785,1,1.308635259433787,20.37349267149658,0.5478980038842587,8.94368232959732,2.675728271957289,4.056475756483271,3.659348610031788,7.879826295710599,1,3,2,13.700769671135815
35.46645831721615,67.60815780389063,6,6.595303190299806,23.980889856425698,2.2461962912115134,0.6565071691904834,5.605872486804667,0.8089821085314508,4.103779768938544,2.8179775933015034,8,3,5,15.696929212075426
30.72582707958496,51.52455063257332,4,5.4763065138017755,22.396031820004012,0.22444591407896075,5.312225838819265,9.807854062368369,6.486212377003499,3.7114190722210525,9.220047688078527,14,3,4,19.235633589028737
33.22243074086316,89.73871060046096,5,4.946359404155895,23.719125862234844,2.4275547269888302,1.3613440392711718,2.593622144103489,2.9692905223489863,1.864085543637518,6.022904926004426,3,4,4,15.643040005438273
21.20143269909146,58.81101091571327,3,3.109120288621783,18.984499711296934,2.1206553756057156,6.622939142659723,3.742905153435885,1.4394672495027694,1.1556813388376173,2.9301179178861156,16,0,3,12.794355521352596
27.231149488395797,59.15313637137679,3,5.037327453082342,19.328211356951723,2.0830639285558865,7.922554881781809,5.268959836053469,5.103965552062344,2.416578910881297,11.791720495774626,8,6,9,19.44349788658503
18.186632396541867,63.95110724464031,2,1.6177335638470325,18.928867443580955,2.7366575482311224,6.419592119716313,3.261898201985292,4.818437248922579,4.096540933809667,10.4945870004077,14,6,8,14.25550550261107
22.93357729043246,85.00536018712481,1,3.693209442116756,19.81421420265563,0.17782645770673877,7.9458514102062585,5.535857076033944,5.167704090773599,0.3358641258744135,12.31459084456315,0,2,4,16.680290543131402
32.52923430226009,78.04908599158502,3,0.9868091748387742,22.346304409974312,1.8389258585211845,6.074962977318803,0.11515973393432022,8.239323235591991,3.085831240865966,14.210041458503829,1,1,7,16.97890879730577
37.83619902698727,57.067804187870486,3,5.718465997863196,18.98967996454913,1.7761546521614981,1.8983911047487645,2.5462556730159274,4.8454588247768555,2.4503839644383385,9.61494817007707,8,5,8,16.549917286542005
19.983561991744317,73.12195595836775,5,0.9576788619962695,21.145404227299732,1.8391297673699971,3.826635185023747,9.990640315955705,9.00540579745863,3.164909047713712,12.227308030593798,10,6,6,17.06792527983737
26.029886317225767,65.1741299268457,5,1.6034464390516567,19.61525951468639,3.919563884261373,9.56868816197255,4.961783502156009,8.418106196221657,5.161359798549286,4.589375208925231,18,1,2,17.72212641886106
34.00141937398319,59.542022922074935,2,0.8546680148748131,22.975174674821492,0.5571138925770414,2.8817491277800666,7.636869212903276,6.511159492832021,0.2856608253423494,7.334770425076826,0,5,8,13.768861561587466
22.080712692577976,41.53894636706103,6,3.8131063995207795,18.039554432033633,2.76171902823837,0.6286238426335,2.787455131626509,0.5685185760530598,4.581744296170211,8.890922837442979,18,0,3,14.127631124729676
29.101698986045726,57.83617580729346,2,8.419584544183484,19.338689751232,1.6079845495142258,3.848299748955526,7.7985439733839925,8.649443894628353,4.00145935160176,9.035779478052763,8,2,4,21.85149131061531
32.661425920593494,44.74911522135448,2,9.068963916338276,21.63144454543309,2.0469060972980544,3.663071188441145,11.999686411755082,9.05572029446741,1.223087885838725,11.338385074813319,1,3,4,24.60824986636947
30.31970900520358,84.89052899109927,5,0.7188945460001339,18.580263011843055,3.0495756234247846,4.703088157324178,7.1434516727616595,3.750471345102928,4.405102017168616,12.347233333867614,4,5,7,16.098139802328273
21.760494692308324,50.12440880978082,6,6.34550140861627,20.797873295675938,0.6295017702939241,5.603034220812125,7.540302751702906,5.261517596566083,2.978231681273747,10.669088048322207,16,1,8,19.3549620966376
25.107691373714786,87.13584087200233,5,6.843854245920734,20.617243778894217,3.054340850545969,9.924232665070894,1.3382378935439698,2.810206706385272,2.8861487740664695,2.614191361532445,0,6,9,17.864325574661386
33.675835689707945,61.98331740568267,1,5.337699424320242,23.11513804093058,0.2813231307377584,7.562339421860171,4.8405776599918156,0.14716334007391918,2.898423089680151,6.565817907578155,13,6,1,16.556532877121267
29.084530282640333,67.89266272056962,4,6.669848614695459,21.75238315900088,1.933238044839332,0.35890764257710317,10.328698781794674,4.794510613191308,5.695404373507657,9.441707265819268,11,3,1,19.977260829173563
18.104592270858255,62.57642666935966,4,2.3369071544309525,21.838212372954615,2.968283430798322,7.127123282065126,10.011263683899987,1.2935897337763125,5.666187038020757,8.60230298074254,22,3,12,17.39761650494655
33.219815200561875,37.76283701800205,1,4.89644211819016,23.710845610734996,0.7702058214187977,8.242317484117583,6.268789324335863,1.8332471022658259,5.481648280111602,2.582360577700618,9,4,7,16.521207003447856
18.70622709880478,52.54927314047646,4,3.9087584903582853,23.89416225194025,3.0836625841416936,8.956307388843864,10.84144979685327,4.807108116222616,5.320452441270564,14.748275397687438,18,4,4,22.368903080911657
32.914675654624645,35.94876673665743,6,0.8970795143963106,21.92036839291703,0.6672500277029729,4.240061029024012,1.7152442184686163,8.670383409800221,0.22552854942640943,14.429371854128458,14,2,10,15.556545553215933
22.04961120330475,67.3772426510029,5,6.25556439722489,21.132008700912326,3.1969550277484853,3.136255681058495,7.898272855938302,8.446326717542824,2.4035695626728564,12.058903303204112,0,1,8,21.040496125828792
37.161469602387605,56.81245171202633,4,4.952151926715462,21.64752035078928,1.87574229176735,8.39324792723238,2.9866029180263447,9.65068421430034,5.369262381153925,2.7195921151662787,0,4,5,19.82174251162057
25.35881502604169,76.6790982942562,6,2.7517402690258317,20.294662230324963,2.738553327452427,7.776154093585388,7.746736861262839,4.826806185234379,4.530759333965551,7.592701861596974,10,2,1,18.263736003773598
24.538632326761583,43.22822885996219,5,4.736852604033714,23.924739701760465,3.6696258334767538,5.360424499658257,1.0487962692623496,5.520089097144623,2.739958813970423,7.327004185994914,10,0,2,17.69143455343392
20.977761006648894,39.873963505760095,6,7.75298018397503,22.230127556981152,1.633686094454935,1.178827844151522,11.323309141259266,8.221162343100088,4.639518223302996,9.254338222622149,4,3,10,22.0102231582556
24.112084309804295,54.37993385782607,1,8.01657762808064,19.746040766274987,0.9318301072910913,6.517613390681011,9.435984475085913,6.996734103996724,1.2491149548817246,2.7270699522554667,2,1,3,18.579395065936954
35.53301523656401,85.59512299310288,2,6.495261287493691,18.34659779383241,3.4686563864707076,0.6566756643287419,2.4115387787506894,1.8282210690233924,3.5987954726567617,7.507536397978903,10,1,2,15.176886180449726
37.926686752544946,72.6253089007447,1,4.677478334001638,18.268331574911805,0.6464665924191126,1.0036680469016723,7.647318822864447,3.981747520899562,3.197989691349963,11.851911120969378,3,2,9,16.388792191114746
25.366190610136968,55.13541748757512,4,5.7574963920384805,19.229477883159234,2.5259042073496665,3.311402389252315,9.109747686449653,9.291592920764897,3.4412821320644555,14.97410334437735,5,4,7,21.079993280855163
26.97221261909085,61.036330185258635,5,3.850153713556171,19.39747832551867,3.6930131521624583,3.7117549686806237,2.5133498619523307,1.4612714329278276,4.330772519678726,9.740761783910395,17,3,2,16.157740178537306
32.441418764054745,35.0527806706259,6,1.2655634299423824,20.490272963723402,2.6975868461412227,4.619740388902801,1.1199636925677252,2.093563740264004,5.698812547488463,14.22796004609408,6,3,7,16.159967636782397
35.723915609301486,89.0745537825668,4,3.856205973860919,19.289076069817522,0.7827243418000611,3.391429592187487,4.221357193148398,4.00660041921058,1.5840706076818634,14.981000255421861,20,1,12,15.936612125124764
29.860886683735682,69.98443828169513,4,5.303327560696342,21.785462585170468,0.6091358070529318,0.33788155434519296,1.629052094342784,9.398741327661035,4.5483046521997785,7.652165062916971,23,1,12,16.49490655082909
25.830513963556587,47.12424410780535,2,5.98834014650584,19.26752838486349,1.0092221244023643,1.5741568442573362,6.788540461250752,1.1381814161734671,3.870845812863273,10.692975608807057,3,3,10,15.80966838556396
26.252436816972477,65.14850365291466,4,9.358009760546208,19.127259233646875,1.5656273314263136,1.1511196583203431,5.08937891488098,6.7294236669306144,4.170870404557978,4.771796580793128,13,0,1,18.067739305231004
31.912362929936137,36.56894196413964,2,7.773334450306162,20.82742195680222,0.6366361273996124,4.311835985659594,5.549092057210865,1.321225239120657,2.57351799006024,8.18340376890124,7,2,5,17.475389532277642
18.064365272085574,87.95020012845501,5,1.5199256144467732,23.332011595942912,3.1912562657652703,2.1212892718166456,6.514361728094489,5.245010355837869,5.667471577580359,3.0193500590479676,19,0,5,14.55192772293763
30.391786749196815,40.48709927300196,5,1.7418220665292805,20.809832924271806,1.4281413704355548,2.935452928949668,11.784625751311218,5.3656351324013265,2.8779374999255802,2.378947120583428,10,4,9,15.818235928243686
25.109860208827147,68.88181908331285,6,1.0049475923975404,20.483092467433003,3.7443469436509056,4.715674633647263,9.511627996813306,0.4262610653419452,0.7295507363947191,13.607951355060822,13,0,4,16.190854229878013
33.88394662554168,44.72726775233583,2,7.381817272209178,21.468569444758252,3.369963456141296,2.35561859810528,7.553657939794208,9.54117790771573,4.084157883309533,13.15920431111946,20,0,4,22.91554833497471
19.85981279646264,73.05368295891215,1,7.06122278491857,19.543282072509772,3.635273051206746,2.459291043860593,4.364467373752033,8.066226302358515,0.7732146825751305,6.056840557351106,2,4,6,18.053558193174947
29.76404533896781,76.60928203441686,5,9.863629016968812,20.120619326942606,1.17797086001416,8.331441773865686,0.3248322376435815,3.02854201526256,1.9360500072859754,7.940389568230869,10,5,11,20.38600257691116
27.619457797722475,70.40518373468595,6,5.220234176643487,19.28301153400278,2.2949261752887606,5.480868680606496,1.3983313286250207,1.3062429180973534,1.3680340641468758,8.416933953718784,3,6,2,16.369151296220508
30.846510518104548,66.86996761531155,1,8.264149288488818,21.4308599676461,1.2857980721694298,8.567594515799968,8.770407006472604,3.456267130240487,3.233606363343734,8.7691146016886,8,6,10,20.93651996251005
19.297071889659367,83.5481456371207,5,5.764398586427876,22.18432536941529,1.0277940463233906,5.1452591521921045,4.430447138903074,8.942765462442336,2.0850232993694893,3.7494230585625843,4,5,6,17.325869908700888
29.599675748562625,34.717602659385484,5,8.74086712527437,22.04219184594343,2.4283471248102027,9.092642324233216,4.013249230111738,1.326835968433,0.9591194210205054,12.075763902109747,12,2,7,21.421946955837623
29.229691759190473,49.85488594681171,6,7.210210393027515,19.52890690778857,3.271981522399128,2.5474207149300154,10.66774030309019,3.4931709832477598,4.744886186506219,6.521604003218085,19,6,4,20.035457302681507
29.213201888323418,44.897248777850756,6,6.42884014991253,22.6778892344878,0.374391224506617,6.166700334472011,5.814106686165253,4.943044246648291,2.810949722628763,2.4120373559892556,3,3,10,16.664923027001805
30.069753331929096,89.28083772392529,3,5.651226709830503,19.53572199149958,1.1030750454642857,5.032317738538788,10.794924688957316,0.32884316786656376,2.7266942375305767,10.795299794708024,6,0,9,17.220262559479973
31.529358744527244,53.363386780012405,4,7.2297052444297485,18.901869307606578,0.8205367235445089,9.186909266831929,10.639662124826396,2.680337126513016,5.318177720425208,12.788407449303309,1,2,5,22.996284421417165
34.0997799936154,73.95676195442392,4,4.196538426710105,20.098852492123164,3.193400692624257,4.184795778573312,0.9621755005746535,5.956338935677179,3.2329461626647795,13.935648227189029,19,4,3,17.66479754781441
23.396414402564286,71.08350983286027,1,0.9657658070566411,21.586464535025296,3.7334882923688775,8.548238132665675,11.344355741202428,3.2396458121585225,4.2593765751901405,10.767269168282555,18,6,9,18.179384474289805
34.50098820360124,42.724874248642664,4,0.39986128797840803,18.852010912826387,0.31977084073343587,5.63904050605864,0.9234586032906891,8.705254403532592,1.9683925658175254,4.486627222375923,6,5,1,11.819158644009347
27.96511364526907,44.339860812693075,1,4.790237316091739,21.888522672650737,1.516853658828964,7.085429518604974,11.562073382966553,9.367654187192153,3.3677369428194694,9.667146908720692,19,2,8,20.639155623040278
19.541165582686624,46.87707381318205,5,5.992915822201414,23.178407977520948,3.658036170874627,8.868930931195562,5.431379011192684,4.415428654497237,4.358488117836393,13.852905781095721,23,5,1,22.38008427780759
19.171018584879583,54.66763669556275,3,0.7884903057062542,19.758843061548422,1.3785528821851933,9.969064147047952,9.130328109054915,5.320204754162222,1.7788320198884,6.557281269231103,20,0,10,15.284530206987696
24.684766373921214,44.05950393903161,3,2.869035489121022,20.701239696690717,2.8506457452548126,7.311395586477195,8.473732406278241,6.308082683110099,4.131204892176967,14.393559383061234,8,3,8,20.801123833618014
33.69793954222935,31.17908896481087,5,3.2203220597548707,19.36986255375107,0.40266554607737204,3.1452195291778273,6.221939691894342,6.645349660947898,3.4125789830707935,3.2698279324222606,18,4,5,13.895586936429419
32.15361869481831,82.76358340843173,6,5.6279553520825125,20.167570374422368,1.7775501264485691,2.990119932921097,7.433457826027719,0.632579444004846,2.6051589790345204,11.464685670772084,19,4,7,17.76259104617519
33.77229929344813,87.93658988285304,2,2.784824560427891,18.131823424815046,2.013203102366514,3.091038248919642,11.399018177990337,0.5367943026615951,4.277817369879676,3.5588452424618704,1,0,8,13.877192445434954
28.345381128832187,50.494223221894075,2,0.9564859955600669,23.722616377276964,3.030656311940241,0.9790832029949825,11.128217887958883,8.65587674247754,1.90142621894681,12.385378937767024,20,5,11,16.428414429237566
26.80397995910981,50.31041276552837,4,1.6485674094655012,20.49534127927317,1.1552986023193048,0.5359889192886935,7.851912603109042,2.198720467926888,4.287016480201331,3.269523629995031,15,2,12,10.798528252220347
20.94905053412568,30.425508766462258,6,1.739478016041932,22.733220658908483,1.0567542902021083,5.808428763236976,7.892624147214303,5.841055029438083,3.306684444267902,6.234425520843411,5,3,1,15.724364144697208
24.56385507218623,70.81504129982244,1,8.426949442227615,18.85586062413906,1.2118706807833255,8.105885272216923,2.9632643207020566,6.246718145136086,1.4736231307449137,12.099202284779459,18,4,1,21.138810693639517
26.680387323477504,79.52639374491773,3,2.843196869782915,22.874130264602393,2.222786035174963,0.3613453981536019,9.943481936617486,1.6446427740024072,4.00965280184419,7.982512520066512,17,0,7,14.626221739032115
19.772008593592346,38.796498021600186,4,7.146917339147569,23.160883865773208,3.504017653859003,5.666342964218405,7.591239996024922,7.615966267696498,5.308586364224546,13.474924123187018,16,0,1,23.66932544625701
22.412239054224223,39.57998096202904,5,5.678387463393058,22.292862772126075,3.3237655858452273,3.7176112122282925,9.914985503981164,8.65945618297671,1.8600839592319858,7.222592206746535,10,1,4,20.37043082288901
29.964505881274775,77.40499499828627,6,9.77038753616442,23.419249949900433,0.23178262564400764,8.924852025576186,7.894228923455719,2.853776813176979,4.873991310140379,14.934455563751161,22,5,6,25.20754778244894
32.713262284783795,66.97744490124867,3,2.7282266888020223,19.003182776808817,3.515820445168094,1.4538692888088622,3.59184031237938,8.778401809234373,2.0167821384411386,2.242772309784158,3,1,2,13.315223401462298
37.966950227858995,32.69163345766302,1,1.5837302052920021,20.85889097273172,0.3804374968735673,5.634320050095457,2.273776832769759,0.8103716876456457,4.926727430554074,11.048808679095739,23,2,10,13.523906534251704
36.66226662687116,67.3528194277369,1,0.5203783769456038,21.720657192096944,1.6613922772754788,9.709207069947926,0.9235901306778653,8.004639262072368,0.3069062324807317,13.906539162162815,7,6,5,16.23106800624932
30.85130399070383,48.53506337062596,2,2.4095966228128054,21.577157824184923,3.0616177570168848,3.4503296646506265,7.031939187121523,6.401111609436933,0.04329188325383404,8.967824149162741,23,0,10,15.449783463813427
26.42496106588144,52.123509328250755,4,6.840708864153926,23.16624560715779,0.32604414413577265,7.417769112935055,3.40861629010482,5.831107893853174,0.6795723076126079,14.850620103459404,17,5,10,20.72397334062838
30.723547294164653,76.1838850978128,5,0.8525822463686061,19.294148207837313,0.16159872110786733,8.824511550400855,7.566114175089771,2.3013274482494817,5.24365684664724,11.204318516522179,12,2,11,15.746402220955876
33.71303236160464,78.65611156035663,3,2.4470184514965854,19.0538629952332,1.3199832144431767,1.8621056247172874,0.7038773386052584,3.618418027799849,3.202331118357943,7.58384182447104,20,2,11,11.35550698331219
20.366723818467747,54.02139761038984,1,8.55308368184012,19.52027156914771,2.919702431429259,9.925271802620038,4.507956780067525,9.103043842702093,3.564607770511785,8.699905911005324,7,3,10,23.82994454853161
26.198097793925765,86.82917616038128,3,5.829529493645202,23.349300296477224,2.087025750288459,8.093866650390302,3.1266385844373072,4.657410864257507,5.053232810165543,13.407104301528188,9,1,11,20.85595396937831
34.79604571271234,54.38776307712433,5,0.6952154025319546,23.646162495945447,1.6680074824387505,1.3756425811253958,4.444008936013357,5.943800843627953,0.30387483084980715,14.448585477564,17,2,6,14.503184946903772
25.67665903866088,76.3101621138066,3,0.47683144249763276,21.417780625619983,3.252293270062887,3.1088470051483763,0.6514011570790448,9.358515327960218,2.3226422555108073,9.226521541163013,17,3,5,13.458525711222856
29.437445424543732,59.03263587385554,4,0.6112287532576688,21.00823160742312,3.0668370487769785,6.249700383573437,8.690177026001358,4.664884403232421,3.858542156694349,5.9929531926232755,16,3,10,14.64285307579711
29.755387217243964,83.85193959132505,2,9.418750501472527,21.63231364807594,3.1441728389358583,8.849177626043925,1.400367997715679,3.8826923839340877,2.4280809861412687,5.1112263208149535,15,5,8,20.007962601319875
21.689525062672786,84.46567461901071,3,8.498714285610546,21.697845899080164,1.8389072957968078,1.9483552259227743,0.1728315161778391,8.932021110481209,0.19278120388474185,8.201626726106138,5,1,11,17.684606219890828
25.244708833045767,35.24500847226503,6,8.449400420187747,19.021828229660976,0.07779696996812513,7.312055825454951,11.355469216672002,9.10887954505611,3.905661925013935,5.852401366504912,13,1,4,22.467704644958907
24.690225774838645,86.18959987861354,2,9.242167622435458,22.11846528973878,0.6885478939661209,2.706480132180208,2.3145165883805987,3.5463825930198856,2.348407767436793,7.470877408441555,4,0,8,18.417668853684948
18.523934170641297,79.53209049122495,5,5.052553902509103,20.714106614090554,2.965201713106503,8.054164506276646,9.936735581345529,5.919896825502069,0.11525400983136125,12.848068465851412,14,2,11,21.043136197826716
18.483835277827104,77.47864285876001,2,2.47344671143344,21.10429175308827,3.0126938869985,6.834420272750333,11.573647197085492,9.63727772833238,1.0231103019201515,8.13583861643432,12,3,3,20.15966237983412
34.63394087351547,42.05468038113135,3,4.013480042385181,18.18189962601093,3.8891944508053453,5.229090346686073,6.4094543948251435,0.5547069513939629,1.3054930970038234,10.331425570729966,15,0,7,16.95874365411134
23.46141619945625,78.30715252527989,3,7.1886407288381085,22.587339795186182,0.7607461076407711,6.498659624090001,6.313417920570557,0.3980241952058383,3.0636950301277386,3.1713889014456855,15,5,12,17.60743028709436
28.36157532477631,81.00796408110222,6,8.760328715212651,23.01256776760729,0.49170715261058007,8.764452455338173,4.409006939800916,5.165805088689808,1.1182494062004096,11.90765398612084,16,2,5,21.924748890999535
23.97451147177546,47.34902006724906,1,4.350909266995243,21.71652932360728,0.5551585349440575,3.864258598464837,5.1071383773047385,2.9124014362658848,2.1679636345558477,8.277755154097896,23,2,12,14.054683273232362
36.813584902306815,87.13560470173942,6,5.3538095538206125,22.492341811779976,0.7391524602965611,7.692501801560287,5.784904763440082,5.818498849341502,4.503994581289397,6.692252993606027,23,0,5,19.09979352723101
23.185935177315475,32.99160878394986,3,9.317829932762532,21.136236019032612,2.113873358031498,1.5890543487549647,1.8251328446475505,7.2429535293359475,4.846319335926358,9.942862569554045,4,3,6,20.226514316470404
26.593136254778702,38.99455519482838,2,1.0749863710942908,21.710120273871333,3.900845851896606,7.011855654419016,4.37684068728431,0.6907433752097236,4.772477884413457,3.325815303462723,10,0,12,13.412645154033234
35.45460500969204,62.25486828309086,6,8.62299216974124,20.36743019077943,2.357725932002428,7.506573624717106,9.793301311313343,8.823674758021948,4.170497102432532,7.381982481553092,14,2,5,23.705803689480035
34.838671335836175,64.54754826733858,6,1.5930748225193592,22.751245590375078,2.0907522625865713,4.429976967544552,2.1887774349776694,2.7688700123695598,3.2508738876287997,12.542641603248864,2,0,1,16.053865987699293
21.722028356925545,68.70900499805421,1,4.8386135029062025,20.809625581586957,2.693424921535484,7.936221052995773,8.758238963449385,3.8134748218019423,3.303781765651807,5.406832684335496,7,0,9,17.284492492893072
34.052866195914206,31.018147758927988,3,2.1842312866305957,22.081277426513296,0.2957215630326262,5.57103365877877,7.8190392032182885,3.3703675196405025,5.720325358204126,13.883249769238017,2,5,11,18.115487613403708
27.163737734757852,87.62200647732782,3,6.029476306906042,21.728576271717028,3.261416536601463,9.362743976694658,0.6875733033919094,8.398348580891987,5.267212476481248,9.847366792848682,3,2,4,21.43101109830178
27.659377441707104,32.675285564048636,5,5.585734217082661,22.2138871103145,2.5875181732768042,1.1246643596136452,0.26914642125216526,1.706522001621008,3.898704718012962,9.030187460135101,13,1,5,16.262699435669894
20.669599448318877,38.583717163404145,1,3.8000736424075185,22.71129525075134,0.6847667183621007,1.3082142626518178,4.230341550940189,0.28673218311647264,2.8109696627140357,7.1944230092947254,22,5,1,11.7532235501091
19.612030275142494,30.84087105156342,5,8.633035148451244,21.07628088955797,2.522861684797721,8.424274420445554,8.306043325582094,9.718016117192292,4.37442249457198,11.645992782515634,22,6,3,25.751349969588723
32.5587861394753,64.01150599764568,5,6.598133202880598,22.87839569553401,2.384831850263481,8.42361274566352,3.9650151283279387,9.80632475221104,0.3762953850608244,9.33807958650262,19,3,3,21.65213930258398
27.929223047105996,85.93601303525833,5,7.212051249619437,20.983543423629655,0.25941194197920225,4.712247512082587,8.012799607205926,2.5769282988018585,5.667649179969791,12.355049590335511,5,2,8,20.704946680829377
26.737014052303593,69.95682996482785,4,1.5065973820766854,23.739805937183622,1.0677287913830251,9.639622098722306,7.985497716335779,0.09352635104255325,3.285476973628136,6.311825936661533,23,5,11,15.170566957281581
32.590164573047936,79.35944810882563,5,8.831656779756177,22.516030491688767,1.563766491557125,6.793893186267032,9.678655471491224,6.4591710219333365,3.016742725257115,11.1261874535902,22,6,8,24.89516743326997
33.3102579798222,30.796872207514806,6,1.670401636200184,19.026849898476385,0.9795541179079206,9.82853246762062,1.1938273764461371,6.484632827647695,1.7450089592804479,14.264754750785787,3,5,9,17.96171377712878
21.17816335338707,62.52091790878357,2,2.227849642099602,22.977506828180587,0.9726467511817631,5.3239539520131824,6.925546694249564,9.403567144657202,0.020336968614525386,5.6389443645174175,11,1,10,15.199890300463165
30.204502989552825,57.57377865033131,6,1.2805513849688044,21.309525964839803,2.291793894789673,2.0161334424801556,0.749965434879774,2.9847051074256026,0.36745915455549616,14.75302179271884,1,0,7,14.15593520653287
20.70708164555371,59.938076653247585,6,4.403592079688155,23.906765747843192,1.883436068241756,4.443931270291306,2.1113656832800536,1.8950417789648744,1.5780507479002288,7.336854295951356,17,1,6,15.378641831323497
33.027501720580915,34.332791120111274,3,8.877092317523097,22.312914262041165,2.669168726912032,9.804868419470145,3.9060108342737103,6.163823471830579,3.2492775522317547,2.500920520129383,13,2,8,20.43705257749251
31.139103125342793,71.06612166415844,4,2.524475196098596,18.506344479421145,3.8256283484396674,3.704139530294075,8.488670885153592,5.636710655584293,0.5014819011913103,6.6501155002954135,7,5,3,15.282365105283567
37.13229242166916,60.19322489151807,5,3.737534204229532,20.369762565662093,2.6422241784048475,9.570164331348334,11.686535700048978,7.177367937066163,5.832312053633988,3.9453501683521397,7,5,10,20.053256237312038
19.379160327128425,75.90893099167585,3,8.46066420075422,21.1036524160396,2.328383729130167,7.970213476743165,4.110249772630928,8.851274032904454,2.465764697513562,5.955709865796038,11,2,10,22.01132130782904
19.141094423025088,59.11743804370292,1,6.178152797588892,23.034081618958812,3.390237966661991,4.421063277929974,6.25373382483221,5.597451874799894,1.897904845724252,3.247605025425405,0,6,10,16.79463835933466
23.643741493864002,38.96289817358593,1,7.516163936462768,22.376073205978635,2.528292442268143,5.418710319575836,3.1086671450692247,1.5007525979379177,3.1511788793155677,4.316646871586276,0,0,8,16.417398650402824
23.23411367471812,68.89541724466932,3,2.140000494361148,20.216160423669834,0.6622450812352039,6.074390772822955,8.105875447315377,5.981289433616429,0.38991955228787045,3.647086405156258,3,6,3,13.94658828302931
22.939575981439997,40.34318172630997,2,7.1648986333257545,21.920596125015773,1.2589947978338514,6.657660847303056,4.399030415405358,3.74101567431258,5.102704041441777,2.5651917954079426,16,5,2,16.721163137098806
36.12509161042073,82.3436738012889,3,2.276105786417725,21.461465447390275,2.933441130737618,0.7669921661511969,5.77915408125933,4.5273502860910355,2.761662811268077,5.850422846211904,9,2,9,14.425630280758158
22.990923996990123,66.78697434415449,3,9.87313982210661,18.75631565371444,2.9535295321080803,9.335880524162132,6.813754510207545,9.59484390889166,1.0700124686158725,14.23248031960054,0,6,1,24.68276534254347
23.43899452257262,39.43223301341725,4,5.598861561267373,19.409152157991603,3.9480350012358367,5.969997131006655,8.23490795888732,5.549470542425377,0.9704065766994734,14.342112528928354,10,4,10,21.994827858175277
33.187965248359276,87.74028344887242,1,6.95639258043137,20.046733876285884,2.5078995136092264,9.311492196038197,0.7206199354770391,1.4964715887894242,2.1657261224325133,13.00640445420057,20,1,10,20.222950078113765
26.9947968490108,61.10192780011924,1,1.1840158414150281,19.172900438181017,3.598180752343622,6.318984712883648,6.658813125439124,4.43158607124516,3.4401768798590453,2.1578267920090197,16,4,2,13.394620924786791
33.534211139103625,34.3739071122993,5,2.5065598004156953,18.900803074980153,0.21832124235810824,4.310154890097511,5.173969173773232,2.284305026161629,2.5014351476344503,2.3656051024329106,9,4,7,11.555226231069545
19.307323151287704,67.60997426490403,6,1.3974065956435433,18.349186620781722,2.264889379242594,5.669280115363322,1.6051810377560054,1.3548249433293003,3.5807840304634793,2.1346466078206774,5,1,1,11.705386483569802
27.751423873467687,45.19193442076862,3,3.901707152717231,23.238615393653582,3.6793920988087825,8.29503274040285,2.4964400199763404,7.1223411233503295,4.232866469404486,6.7663211115798765,3,2,12,18.197606230663613
18.672272003665654,78.22160711263814,3,2.8413586420539847,19.73366050778912,1.1489769407127821,3.2612583145167373,10.60668109320165,6.285690691389,4.490932574041715,14.743353499332573,12,1,5,19.173560559316133
19.25306406910709,79.06932441397143,2,7.3292225963056925,19.741923623601398,0.6195064151768368,9.564600570759188,10.461312109202842,4.977888665177616,2.40573335756558,13.658891593155536,10,0,12,22.530827095324426
36.12874906688822,88.73684135127971,1,1.0870897962815118,19.237368824580933,1.4020406403870411,4.6595519780573635,0.3999630530840985,4.232382957908463,4.3020198693425815,5.256955781484392,4,4,9,10.770000427742875
20.784907422351903,60.11217186147022,2,7.520593684503682,20.852384231183297,3.1689446689770753,9.562370020973864,8.272817894835027,3.2221773082087815,0.8490261192524613,7.332533256166036,13,5,9,21.018162231025403
28.64841364550434,57.29741278366423,4,0.45704824638587493,21.085451807534234,0.3388032587252625,8.807566147432631,6.65024775764825,0.8800871221850226,3.0785772017008206,12.717568733124846,1,4,11,14.480916280226594
26.221912052014133,75.20853632678885,5,2.0201783732239242,19.24968815175048,2.4013546334763376,7.6766195641581225,11.277790117766983,2.9926964753019347,0.4350883011598101,11.861585654324392,2,6,4,17.395224712174617
24.94686652517685,37.948239380515595,2,7.919649919646029,21.6514220271819,0.5425264233771059,4.674377994372061,10.89606853226899,8.383946229617859,1.4646337817775839,3.724034477554067,2,2,10,19.775035509216906
35.99666691374545,62.81493082758745,1,7.427766411078949,22.337999757562493,1.742129766188985,5.869451443143201,6.954742954228344,7.836753945873119,3.4991201369990854,3.4010993688857964,10,1,2,19.006971624976256
18.43646793550979,62.77485600785106,4,4.763261139188634,20.24304051579271,3.8639080062066227,8.380294123603257,1.6674590558220435,9.723177239412413,4.442524113251522,9.068366869367402,8,5,9,20.26989262479932
31.275793723511782,35.36838736862323,3,0.4998271507755181,21.512710181144634,0.780577079387546,5.440558018647006,5.517780284031602,6.560671121310387,0.5718561803337134,3.3274536402383177,18,6,11,12.358977068419321
37.26788868427101,55.07904513041481,4,6.098937416692993,21.013811430986678,0.13606619538412934,7.38189576538491,8.70197240314807,5.536397575683929,1.242419080443461,12.725242742769352,9,3,4,20.366922122844137
29.20336366923684,81.19708791403212,6,4.067241039740984,19.173290390136614,1.7088133559121705,7.906590510067632,11.420839621078457,2.9604448324287,5.95138928717439,5.293245666240139,20,5,3,18.376799431563956
36.73644924066184,81.36921731967962,2,3.1652815019796976,22.38006593264747,2.3107823507606198,5.130952456686847,4.365952869030991,0.7686024251356016,2.0259458606237066,4.448286861699442,5,2,3,14.36309815843897
19.045157585720474,35.95425989518086,1,6.404106368265342,22.808718166944285,1.1900709401255787,5.362475183536688,9.416057711442622,6.180183384861815,1.7042446023958762,4.413729327546195,21,2,7,18.0515817857717
26.375866381483227,35.44325296486985,2,4.366145622017264,21.892758693523007,2.1670720135067696,1.978347172218824,8.200089039380686,4.88162191675772,0.5115425490738965,2.58800982891504,5,2,12,14.232078408994308
23.203155819241022,45.761728620116116,3,0.9242110045317864,19.943376166626308,3.8136077850079486,2.447391777070842,0.9395133257071455,7.590745133976107,4.169056592018527,10.343852655461582,0,6,2,14.346717673066617
32.61641929961459,82.48596375323962,3,9.159504705123444,23.560754966455807,1.2470831496644816,9.049431831942119,6.695722203435455,4.118579284156361,3.049520306528618,4.138448364504663,21,1,5,20.545395753340426
37.62594180994493,37.734155104409936,1,7.78493099453379,20.732150327970746,1.2377081247971633,8.403296126633181,2.20210600247263,9.8555135786437,0.945305267099072,5.033393710454307,0,2,2,19.721704445801905
23.130601248884957,73.19980815764677,6,0.5637819129055244,19.595270912310585,1.9310715915238172,0.10122558540114013,8.202591506133174,3.9761205486343387,3.797389401566443,11.766978474439762,21,6,7,14.174290944060052
31.08349202948149,36.06993717678619,5,5.250638701906956,20.44940772493174,2.0612653435654176,8.693875859880624,7.321018163287671,3.3307163491158076,3.1545621441664218,2.747256320365406,21,0,7,18.266911345160416
21.961952655194803,67.38827122486953,4,0.833775628986283,22.15245055144926,0.005463703500340866,0.2523488558680209,11.676577099605996,8.709863767505805,3.3896717883953364,4.635686464734371,18,0,3,12.291833441590477
29.306605091432196,51.36403794714869,4,8.37289859058485,23.075590713955496,2.4635005248193593,4.582804029423283,11.224591981497714,3.9550642301893513,5.969128833418494,3.941530763964159,2,4,3,21.143221590217614
27.278649733766724,77.33483777795202,3,6.130139610519718,20.139452995697233,3.9894293946588433,0.6743272611090267,0.1124740031865743,8.708973191206802,0.17167636765078287,2.0630371717242264,5,4,8,14.974463430386066
37.44010659263074,44.021426929521816,2,1.7244913357306846,19.39574667605625,1.1680321978818262,9.68823138457169,0.9603531620603953,0.2735428562385023,5.489832965678279,9.011447930639362,1,1,7,14.17989047206173
30.170545453929332,68.35210976339759,2,0.2074134280620077,21.758958791011228,2.5232401850661166,9.723192558042161,9.229611737154734,6.925933110655878,5.051344569493826,4.470441985615023,14,3,4,16.35249694872143
24.990127441736377,44.1409520745531,6,0.3158101214642062,23.527290600637713,0.018486620136026755,6.108709419666171,8.227716875712922,0.718528734990973,2.4920569479609442,10.22778454921412,11,4,2,14.281101725027515
20.281915697758667,72.81961698672923,5,5.073654720648298,19.09976018135653,2.417306449187593,3.9220491082353357,9.611347182202696,1.4823246308495186,5.285678121830176,8.523134338028376,20,4,12,17.7275349080753
21.024936574698692,82.42068207364493,2,7.3437347867677385,22.8181162937962,1.7882732377112718,5.119927501945794,3.2017790720198835,7.000750198695912,3.891367454237095,10.68241468574837,9,4,3,19.374435709102347
22.5063385990247,37.6081079476056,4,1.2084045133395915,20.859643088924905,2.1211726138586946,7.622993204819157,10.191873225149719,2.897233412135247,5.336127100207262,14.760336410805618,18,5,11,17.682361827929512
23.019333226805962,81.99574131573021,2,2.2128406591495753,22.79707502377255,2.175619869969535,2.2319295972018374,5.309033663857631,2.104334012793995,3.568385293578875,4.858362658178338,20,6,11,12.34822945711958
35.01232115682276,65.61451526485789,5,3.2725994516953225,21.033246898639746,0.7078118771994149,4.417224912169294,3.1429018160933007,8.015261376293441,1.296895435915077,10.65640288403853,12,4,11,18.119156998641923
29.224455765650497,37.62662945202144,4,2.18076782061153,20.263966645813316,3.0798724875171613,7.372686902530848,0.1272929710187083,9.46246864173697,3.4573283043106393,12.836941340782825,2,2,3,18.485901669779008
28.467818227487328,55.65251132158272,2,3.9133656268715864,22.180446001257906,2.221878484041356,3.953924778371273,10.456368417835126,2.323806485383013,1.0743734875808235,14.44602096244108,17,4,5,19.436355888937165
20.29537743738435,39.65161760910587,4,5.596150057650762,23.403763767569384,1.0807778379879767,0.31996522092696433,6.424126190882069,3.171959562356853,0.8449675661237581,10.090346367761333,19,5,7,16.349886678429616
35.2027938669887,72.02087333199417,3,6.849367482413093,19.921510382221086,3.7495261862617295,5.073944190551197,11.704585005023912,7.140733060064102,3.924367391528542,3.7008422731008093,4,1,4,20.361208382833187
32.456286064169674,75.53208806507698,3,9.637751822072286,20.76448880996623,0.05109484001622411,7.374111625395466,8.576176674807114,8.152928705558761,5.684859699213509,2.7000227768288436,21,5,1,21.62788534628163
19.353367238000033,36.34779121636794,6,9.308436696831945,19.376403760179134,2.9037488559991567,9.768164091845602,0.9650057218773429,9.991623003272926,3.5309758752446703,5.620670806018108,12,2,3,24.20289897827734
32.15670194459537,60.36839116167866,3,5.701269748289145,19.100456781704104,1.5249407426284152,0.3704615319735072,7.058294236825709,2.733707232535992,4.7747257978933595,14.06604493135394,13,5,3,18.179893959224874
28.870764346852923,78.87750336155503,2,7.341500564563547,22.66734085435305,2.0901793252452276,5.399206021509771,0.20549447788016995,5.566185887535204,1.0101861795973244,8.980113780689539,14,2,1,18.56418916478588
19.634506914935564,86.16978249305978,5,9.50872204625428,19.203984700130654,1.1660389977823264,4.499386621389575,6.693382250555185,1.3401894145470405,3.925262197133652,9.530972002253158,17,1,8,19.857988951492576
27.16601283057313,60.8110720045062,4,0.8347194454140483,22.7599090280067,1.285008705053413,2.4244878929093994,4.202419957188969,3.3084010509849735,4.397864828978831,9.937832870065536,13,3,4,13.294714147525683
27.69392574260094,87.01675341668442,1,0.056347598614291394,20.575302311041586,0.060664858443605585,6.377627200472377,7.719550016625187,0.4496857122460285,0.24968712308616725,6.318798252689474,18,4,5,9.950011605171294
21.315490803265515,62.141338227361786,3,0.2979976372958326,23.970292340446296,2.919380354847609,1.6362249285578212,6.498890474955249,2.108385428363505,0.5829859022619721,4.360681520156131,2,0,3,10.720262331942351
36.913962940005646,53.65142967599448,3,5.633493623729638,19.184048509147736,2.843193643202874,2.838647673148528,3.1362038809738606,5.065449767845925,4.689485283170096,14.40514201111531,21,3,4,19.299605591817524
34.99950742961324,80.89218771317373,1,7.628334253025342,18.557867955076958,2.6174328016288886,7.817573901751244,1.948207309269888,1.6375912284704297,2.6397001287730366,11.820005949296505,0,4,1,18.975296980292466
31.380446746582166,59.57896262748534,1,3.670749507450346,18.452598417620973,3.5118027223360317,4.60411740025555,4.856537836100995,8.893833101726091,2.4334860172932675,8.64365158962625,22,0,4,17.70376683932535
27.245911220012143,58.31415063387138,2,5.452391747276186,23.012508028345202,3.605070322233736,9.936706469198848,11.842035778195255,7.10309011429648,5.5222175816350685,6.897167205347688,23,2,2,22.38761820247157
26.23531083169017,59.4187493645897,4,5.163663185485369,20.626657866350058,2.2257772777010216,3.8646074414879408,5.228383686591259,0.2773600253943109,5.9517949461217645,8.276039584666048,6,5,10,16.70156304654307
31.019469343019082,80.80710011218471,3,0.9477089159201957,18.01874609788423,2.739293968268251,4.632610661002163,8.9854456538675,8.767015557252138,4.586307221433858,2.437647554514072,19,2,6,15.151589412472479
28.90863738813811,79.91649250128313,5,3.21588264224049,23.248628175020016,0.04399360428183918,3.0025776208853405,0.6836823072644487,9.773209941954688,4.755562645910112,5.217415591846541,6,2,2,15.907983359203845
19.24546211763771,54.21119954641267,2,0.19435155182301989,23.261526041461828,3.3853722355007947,2.3629360619104545,4.546389173008843,5.018615697670036,1.2499259854416274,5.259178075155487,16,4,9,11.894638875360169
28.250052975406632,49.9979915922315,2,1.1070568880651088,22.838500044112745,3.2656536965179903,9.222814111948171,6.963876446388046,3.1461067754957774,1.1533526540399937,7.789515420304211,14,1,2,15.258811123872475
34.128072344656786,59.515681442347756,5,8.118582229097779,19.489910898149056,0.08099447369397961,7.48826640128731,9.014358159941786,2.634644494000493,5.884096891706961,5.071499724332335,12,2,4,20.088165370343095
27.184797551939162,64.36635058422654,5,8.294134972483189,20.236516320403037,2.171300866966873,3.3340253220141336,6.34060388780472,0.8741949421854867,4.170550315583349,4.410943055093781,23,6,4,18.97376727468086
19.03913155108537,44.30023263767982,6,8.019463200450698,22.469557351172902,3.626622281749078,7.0015598964572465,6.1835465496093756,4.916093780690309,4.120258787876319,11.951860846728813,14,2,12,24.026397537720747
33.72556398768066,77.63730508293543,5,7.268186409522366,20.936118752445513,0.7255519481251218,9.657837504365606,9.166882951166029,0.5014002210273605,1.7171278263015977,13.615570401354635,2,2,11,21.92633796988182
22.027275642719488,59.18896594394538,1,7.933128463999017,18.922959460341314,1.4105796862283926,0.7404796561391391,3.759452607826803,5.038371913275183,5.318876103466495,2.8728194740826645,16,5,1,15.72428292302824
23.172416697760774,50.042732905197575,3,6.709823412695184,19.456789587166035,1.3242147140747242,2.645044043708593,1.0873262504567105,2.525484407250931,0.2666423831656817,4.725499621350787,15,4,11,13.959680264849338
21.294127068645917,36.409259577839435,6,6.698333388162886,23.835537220509345,1.423761901599006,2.005785491950014,4.165805652208869,4.764319555781835,1.647542138788148,12.057928472013364,21,0,7,18.266403470021626
24.60430129742995,44.33070962421642,1,6.673617974918081,18.90607870456264,0.16754412182040834,8.697831636444102,1.9079548253932157,4.183841263444537,1.0808479445146,12.60585226526564,0,3,1,18.123716682592487
33.1350301137727,86.95687030535902,6,5.140427896782041,22.356484540069133,1.1160707350614656,1.7919032955151604,11.5913304496012,3.051142520043012,4.266576471998703,8.502081327080704,23,2,8,18.01418356466568
28.387717190078746,48.30598120917159,3,3.6334723346484443,20.868109839957235,1.1794252508009424,3.080759959896641,6.9301385697203,4.486382395166729,4.292099942346307,11.033476491935346,13,3,3,16.280669380745504
22.09762548301425,40.13155736202212,6,7.30195266161555,22.49160995731296,3.4634881939583644,5.438607733261848,5.359205175931423,4.740338892456524,3.2083889271970745,3.0088039908693114,2,1,8,19.177955381721596
35.556601563040815,57.64036749929959,1,2.986460135867416,21.966679446866358,1.4084640285268102,6.2109435558694965,10.944622537878807,8.336917615752386,0.031557314587050245,13.043873483346404,19,1,8,17.995988121563084
35.591637099030585,48.42526460161492,4,5.429021314776192,20.635003143325957,1.7888669595742055,8.081837625326559,10.80433664840524,6.657833434322702,5.242531931412111,12.825473833445804,21,6,10,22.740044562048674
35.41156850092014,32.10955501627165,3,4.333556202178813,20.123464948098402,1.5229522395215547,4.0732324655390375,4.988367348890515,4.331565976813519,5.733522797967071,11.014226611867185,3,1,12,16.642607543425537
22.775924227630785,49.38871303676504,2,2.766222770937011,22.526155526136755,0.4826937984063271,5.342447226538928,10.496728346997724,9.052419375757363,1.2138747305204487,13.912250655633835,23,2,10,19.061328736385963
27.02478688361976,62.646517436368114,3,9.746899204524633,19.93884723755896,3.961427030902496,9.654620750442053,0.7683111977161476,7.557407765033082,5.053396363525582,2.6192454248346406,8,3,5,20.93882229796309
37.6997931228175,63.102742321198015,3,2.587516452018195,22.72662888053141,3.3033007628189233,2.9736173664340626,10.628629743990562,0.7571689710828977,5.839718710409728,5.002525558861497,20,0,3,14.73803404304747
33.44024952619981,51.39353527061332,3,3.0929306372303,22.07905839799471,2.1636812281094673,2.480942111653248,3.7270023426651804,1.537458292658903,1.9618447401898733,6.713089693734945,0,4,11,12.348047087072832
18.543348424511198,56.83816537515604,4,1.6158750175806824,21.466015021399013,1.9054579775566856,7.105991913417515,6.781467412087455,0.8166788361087662,1.110340971591364,4.061655363074086,23,3,11,13.045723971594992
19.30409182520984,87.93107509408598,1,8.229806253142906,20.212805309413785,2.5970189018520364,7.711362712004718,3.2362629992686918,3.1886335977897886,5.865240312338538,12.592759597543223,13,4,12,21.155906662527702
27.278627536246656,52.6409086338187,2,5.865894005544893,19.23048814659825,1.3057245940929527,4.147789031803083,11.817594686032074,4.356466208031734,0.35845975095266747,11.843511899230554,12,6,11,19.73964971425214
36.1844041172312,45.49360879559898,1,6.130392564723857,22.262518807443982,0.20113148141791415,2.1297891822189063,0.8613598000353626,5.042459227598743,1.6557638516068933,12.05228164803596,14,3,9,16.31619153346384
28.774035959054284,44.60802264400561,6,8.205614117990978,18.548095363023485,1.6172672544587487,7.789226558113923,5.363463441367813,8.51412198696779,4.452175600553798,5.786815145206057,17,2,1,20.886191044070223
27.956250160685805,57.46587676224805,6,3.4291965862987936,23.82325353693456,3.935910309631443,6.704928952790381,7.451857858002736,0.17956285783114923,3.70412088978489,11.914922017895432,15,0,1,18.78156898875573
20.10947399913261,75.57120892301664,6,1.9363342538021378,23.872487487692926,0.7293872235108911,8.762278012802394,7.387347028047485,4.282884057451235,4.107064278541562,3.5997461254259524,5,2,2,15.794182215156841
31.135602094485883,42.35929105130839,1,1.9840536399390396,18.781335695748833,2.1108211686118894,8.443264643271213,8.865100677178127,4.109983736821633,4.248549242912702,3.3884063025656945,21,1,10,15.08031010621152
34.44206321200451,72.55776762844609,5,7.326198214622593,18.623611937833815,0.03408558528631467,2.0519518450423337,8.692983915864517,9.474759366593021,4.116865344221895,9.59274576903605,15,0,6,19.494962718530285
25.608400150151247,31.268989400964976,4,6.141151544624474,20.47630036249818,0.48812606071433917,8.323391800886803,9.517712462403642,2.410369176241929,2.0534474224624986,2.632692563903398,10,5,2,17.663883709225072
33.51223701850655,55.13597867903676,5,2.063388785820889,23.782099633563014,2.3487668018684684,1.7517374111890371,2.8114489138762995,1.2240581190546895,1.8690013596547361,14.202457716897118,6,5,4,14.532358588824927
37.289533078016234,76.5519039121672,6,1.4506539464042356,20.40186539538668,1.1896557180313398,8.637039037779054,4.446077920822734,1.42260212183976,2.5707992673623137,6.2750032719810935,8,3,6,13.969211156387017
22.07532918255378,50.32397734646588,4,1.206873051619728,20.18281265059401,3.6227379458424993,7.703209340326783,4.584397391763272,5.2014272392782885,4.846101455870181,8.201423890764499,0,6,2,16.835580950303537
28.466592623894826,63.82422608672397,1,6.277986477030377,22.221510353992628,1.624679063828939,5.698610742823985,11.470075930921706,3.909038035054664,5.629626212100099,12.571980070252684,9,2,4,21.209558927459426
23.74275916169151,42.298753969554646,6,0.0011864491085000761,19.072387419571363,0.8321343885242101,6.422216758104462,4.911742285022498,7.541420283639894,2.73147664197081,7.200687237733409,7,4,7,14.104697111439261
33.857088380676785,74.51972346757034,1,0.1831934260354373,20.179940901442507,2.182367077138814,1.0407927087475821,2.662430528456123,3.231823721535428,0.5145968232977327,7.598389273345117,10,2,1,10.176572622813206
29.55186731762315,33.13674619612558,4,3.895531356260953,19.747844677646928,3.1798945407038506,0.3988518148633202,7.588133116701009,1.2796175200235482,5.629791193965657,6.523271612569554,4,2,9,14.279923726642485
30.691648351006073,81.15255869253002,1,6.913498642761624,21.609207735783755,0.07767878478957924,3.3064674173390864,5.127202977902739,3.86875789721034,0.4825692513848281,6.5724047597926525,5,3,10,15.77450330803681
33.95828319231788,41.891783185300085,1,6.950393764974039,18.976517317284983,2.0220804745201653,8.2140581141719,3.000960757388979,8.830356173225551,0.9546576390195327,8.083419079855247,23,3,10,20.539222027510263
25.9194094532491,82.46388190249985,2,4.301182736076906,21.292207533637416,3.093706226908585,4.657855731799726,8.581625693498413,4.055265534210627,5.206068077620018,14.29707118082895,23,1,7,19.67726134355773
36.301801368140865,51.15175447803104,5,6.910736066045696,23.145279539621068,0.4143546185281166,2.233940300532069,2.3031034397727415,8.336277224751479,3.3088712430816685,14.168235567653944,11,6,9,20.505071910260217
28.6605773449228,73.3610144684692,5,5.210961795801254,21.08502328024561,3.6111940757325818,8.345488999148158,7.6002484879121806,3.7153008585358105,2.1161171871786353,9.087101597015693,10,0,7,21.602511335531716
21.159096456706962,49.15351786717131,5,9.769314167973153,22.10097970258851,1.0580696398673974,2.286272586489729,5.1663685168449245,2.813856239164547,5.585458119480827,7.927477373935633,6,2,11,20.747760354104532
31.917982363376048,84.35470027407885,3,1.6246021383683307,18.451488106067597,0.6824144308513072,8.154937232409418,3.830005971968066,7.748627299053457,5.763038333041251,12.506094983391838,6,4,1,16.937408919939795
33.86522700876509,37.59822753110246,2,6.006672677056057,20.694033475482257,2.3570242916106983,4.529795309181482,11.351787209847615,2.0923452767137665,1.984576164806503,10.852079040175992,11,5,7,19.55300204003955
24.335233541350533,40.71118735635592,6,4.912387759510036,18.569359004615112,0.7001245832721157,4.634948872672818,3.8928900937773587,2.318307061698115,5.21054486400345,13.460324227574832,11,5,11,18.043459313770292
35.14358513997506,59.58180750952813,6,1.9446634465769441,21.59677005471994,2.7188060814847286,2.7271960985824215,4.170088489799619,0.4981283807596637,4.071173111255913,11.49795393675279,0,3,9,16.197894089773648
36.122865095315326,34.91630634228877,6,7.499904321417034,19.686326227042912,1.96040832799372,9.001740208993525,10.44766036959805,1.8784571128199445,1.646948237393466,14.380476183798482,23,3,8,23.0299303590123
23.538089747556178,41.758811082105716,5,2.7550801993199525,19.723594985950488,0.4398238470487197,0.8878527569413408,1.5485203545059187,3.7881539360979866,5.64859608644835,13.521194628280519,18,1,12,15.893211453919406
37.67042945430444,86.62598293272086,5,3.8170981909354165,18.460600422869884,3.6499605383281923,1.444063013035245,1.2968249957527327,3.9957269871490375,0.3784146757996172,13.118239316205758,20,0,4,16.211997344122683
20.81423056097517,88.58937966887322,2,3.7483056958753003,19.861427168644408,2.6928216398542006,6.358847682462078,3.3924934090140297,4.206280869315733,1.9076537951817536,7.090125687621132,3,5,5,15.136448192926535
22.0403133680498,52.57555975982532,1,2.442044731879488,21.040063062642584,2.183972106135072,8.501152657563482,7.099631079293518,4.796929462353744,2.3775696642891697,7.020760376955889,18,1,3,16.19478570286793
21.684496784760523,85.39716126083613,5,4.307053316984052,21.50796061903057,1.497362461400523,0.954512501852276,4.611601921321656,5.71910615759151,4.1439193054584,11.635636917948696,20,3,10,16.661776979346836
35.879794200157406,62.6894805404059,6,4.733458809276183,18.39999330765494,0.5394396186818868,7.337522494166082,7.302653770028101,1.8942902459545718,0.23059815851709375,3.088737081221119,18,6,10,15.160296379132822
31.085851046499236,46.18454795242602,1,7.442216728093075,21.908755114296422,2.8300734842452884,7.4251153313948635,1.9170075725332159,6.139441830760658,5.33866141108995,6.1887879102041845,10,4,12,19.39744516056369
21.04208566444546,72.14392326483592,5,7.650685743770371,20.93325456452097,3.2546232801162374,5.815227301649282,3.1374101852081644,3.3655458746928857,3.9546176609068855,14.118909891927427,8,1,2,21.35232620221218
26.806468367366982,69.53410839449143,4,1.5855596829166207,21.22144804748541,0.5032753997532504,4.867280481696631,6.781948005749659,7.340107351391284,1.650136986879057,7.8513159353838,12,6,3,13.950374489099342
30.30596050139604,89.34751914652401,3,5.927722993275321,22.99678004260677,1.9782704981525696,3.2108775930753453,2.6057904271047883,5.572044501863175,3.950052563345401,5.508677239263805,21,2,7,15.913220446126891
19.669281699787668,45.902837244557,5,8.961977982793956,20.0533586718292,1.9393847479699584,3.5146179243266653,5.073655565885339,5.542686268381061,3.22154351951537,8.193878623625455,18,3,8,19.849555730052316
35.648327368146774,70.32357015970413,4,1.0878660888456082,19.04430666819021,1.3996468328798706,6.744334724154708,6.871774523900275,6.854869885928732,2.0176545724490973,5.751664939942838,4,3,2,14.894418212303444
34.07207070883071,33.12142530176681,2,4.729140445341385,21.310861054241727,3.1573675815672204,0.652872912139103,11.683810827370973,3.3301899095356733,0.17157882242892963,11.987391597630253,10,1,9,17.497635661626777
28.104135471532764,36.81876232180316,4,7.503531224083427,23.670131505211433,0.39811913522738784,5.849349875446256,0.9586398945311183,4.292329405614755,3.3066040584812546,13.057866129887023,23,4,4,20.8068786795965
37.34253230518341,30.235102497065597,2,6.114913343823432,21.107217715086787,0.82007689948836,2.787321924528471,5.524967742850859,5.82897868432882,0.4930890887850301,12.174557214836444,2,1,2,18.263906314662446
26.35521958550199,89.96764086358039,5,1.0058565659662388,22.99147304471704,0.006411075674026989,4.666059119439425,4.75525152890557,4.215556205157256,4.86105813488642,3.9376117378276296,4,6,7,12.20206857628185
37.68220638072995,78.13642182884867,2,3.966061253509724,22.542192326766198,1.4919415523320594,5.589796184501985,9.890894993414136,4.4425747443375325,0.5311539133686196,6.368743153610374,12,4,11,17.61255069634542
31.35839997607254,77.20338088401245,4,5.07239498216864,21.10998472205899,1.164712671601488,8.856593436343312,10.80356542834121,2.7248707278904316,2.57243565210106,4.781623259910489,13,3,2,18.206736304014935
30.69342546507883,60.58356451729078,3,9.958456017162728,21.885328665920536,3.467975935032626,5.790748883323547,10.88415802237638,2.873850262565758,2.607310753075275,2.5563885444856043,12,6,7,21.440750026186496
21.3190979059157,48.0040249743264,1,1.7860790932365278,20.440081104579953,2.9832409763046193,2.2715957163901903,4.501671756499125,6.989574070047862,3.337209972702415,11.609280520782784,1,1,8,15.364790945516544
35.63855516609288,39.07585706776055,1,9.824237671601125,21.18377213458316,0.3378887862490876,0.7945945317237701,3.655861762745784,0.0428114202680574,0.23704734072435518,7.5686745584977455,1,0,9,16.011059361811146
26.549793758412303,47.08048433078782,3,3.761497842294439,21.04371453174381,2.9638236602494814,6.269883995909717,5.389647005461017,0.952904222083385,1.222994685228439,5.59610015242375,17,5,12,14.994365614779484
21.24466811564959,52.55827331574835,6,2.0032048607382134,22.25466217774664,2.701600885678228,5.450483963511391,4.127835671661636,9.488098895045058,1.1970071040298018,5.997857606490651,5,1,12,16.589837147814183
18.25215039951518,75.37860581881765,1,4.14109082123996,20.459887916137696,1.1268970944013188,6.71797896576062,8.626211766818322,1.8701808186300684,3.593823688143192,3.7552140282400046,18,1,11,14.086553912036603
29.19511367276765,62.37970733418914,5,6.1399512403481715,18.59860273573284,0.06184309881844019,4.59396579137337,2.5628525835549905,4.18120891874874,1.5818131958122879,12.74788823449783,9,6,1,17.448787715014902
28.547992442453527,34.64901759332896,6,2.1349739391099587,22.732257136881735,0.4606496055548499,8.25125847333028,7.904209008886575,8.49685136123002,0.8651698852680425,3.8710183159029614,20,0,2,15.982442433583765
32.387072447383176,31.081740537534735,5,2.9143908330212778,22.109118019969245,0.9997643384742374,9.201796822386331,11.12385039725401,0.0010237252584688328,0.11011843379102682,6.398111736168181,7,0,2,16.487420938695845
35.80516106035604,36.13993077204379,4,8.545465017352898,23.700740732744194,3.2664894646092204,0.400044222236271,3.358962836353319,9.251791894708498,5.043269011676113,2.0960431463867675,4,2,7,18.786120491314385
19.58813169286059,54.62992282184276,4,9.990094616688678,20.572297055087176,1.8612513036312346,7.440865361631209,8.122687399065892,0.5348862389636866,5.829289182725015,7.673349893224843,1,0,6,22.646886404294168
32.62992980680725,85.9915750229411,6,3.181726914984264,18.46923394146657,3.673582105836201,0.3516054474684216,1.7227334586885399,1.7086904952401072,4.219571959849069,6.612407406917555,5,4,11,13.229531293174647
21.748238881951643,68.2441488725533,6,1.4885680394994028,18.729713918179456,3.1565938377931997,4.4509668687254464,1.4566073051671093,0.2910354333240939,2.47627455329161,11.348326090608099,17,5,9,13.473320599455846
35.16354106314328,78.1095539925309,6,7.931708199940416,22.639917259218468,1.1484327193760273,4.6160321677132,1.387733736778392,5.195200462345984,0.73206565152205,11.299077212717446,7,5,3,19.87030889384648
34.38127027723312,57.98247567027291,6,6.0045568727514524,18.406543696671612,3.381448626322052,6.962183975250302,1.6623380381441866,9.430943100855023,2.8506291089698914,2.5022060152985564,1,2,8,18.30626176307469
28.815875099710887,51.69996499170257,2,1.0040114337560113,23.44695686957571,0.46689936164302814,3.5240329820094694,2.5939784437133038,8.390366115940365,2.743930339860454,3.5062309793427175,22,4,5,12.034036749324029
32.204855972466234,36.50402236299736,6,9.46771481436021,19.689900667771113,0.14447008181601229,8.209013383182187,6.753965947221532,6.397485462646788,2.5192578536202257,13.760138086248988,19,6,5,24.73351698805323
24.287002263674967,82.55598133117229,6,0.7804952839989199,23.39327424347595,2.434152483653263,3.428640579458624,9.20382778338645,1.8548863757359701,2.269821487206247,12.293378300187143,3,2,10,15.613509117718571
27.42335797865629,76.98960174167416,4,6.253564016336411,22.641041092805676,1.3669721395185546,3.4251788834148744,1.5222842845309894,8.695970985269842,2.980520760308817,7.063303599063773,14,6,11,17.596283628175907
34.43273795420943,40.087085855863506,5,4.239372558935814,23.22720621775014,1.3177027466505886,2.22760667658647,10.440179287088696,7.54775391136719,0.439084274600952,4.162868288661292,23,2,12,17.130020280171074
27.185303943464277,60.73563383257563,4,5.566239182399358,19.284238150619796,2.7488327445267497,6.838689978380847,10.112595413162712,2.668477635474832,0.2297675803713557,5.3901567287317125,19,5,5,18.21218289617749
25.155965306508836,59.2424884752747,1,2.132141956601444,21.57416097488141,3.400415311291615,0.7658722741705981,8.728656318034698,8.050891633958567,0.38376170232315987,10.554346885347561,23,6,8,15.817452134812228
27.884248945006,67.50549316119171,2,6.8811039925065165,18.561534792434536,1.2887020213608058,3.630550858847675,5.111589593537676,8.771513380318488,1.1999908807126618,14.291408820228487,8,4,7,20.58605225895992
34.56498504874437,86.77121363947568,2,9.597196891333397,19.213684605236256,1.3000552880900034,2.6689074614956274,0.018686817906309994,6.9822601242967135,1.6684215335145083,10.00459507953791,23,3,11,19.321902250693142
24.704160947417456,64.78628650574878,5,4.584258740449156,19.85941336402361,2.1354041571695483,2.293356351014152,8.817179295603562,1.0038415097052822,1.0167457173959475,2.3437928240296206,19,5,12,14.806750187847427
21.475231862714875,62.413036006717114,6,5.229582775682272,22.44487554906014,2.612734408321759,0.6098331717394123,10.547833736117273,9.842468433298002,1.5115002800025679,10.459335652569106,20,3,7,20.092861477079115
32.24028040661561,33.019375976079836,4,2.398116705688813,18.1482862763309,0.8116231822207114,1.9038311572480715,4.023436514062343,0.7600098896598628,1.1150243801588848,14.281771357718828,5,1,4,12.85018925916778
34.51956425416164,33.774448561081435,1,8.918679837510812,23.418703697232818,3.6507166116474905,4.462444101987014,8.615850734653424,6.544739881502338,0.904459557633037,6.662333157993492,8,6,6,22.313083066757702
20.012749570470667,41.240807479607334,4,9.711744051399583,18.424821082277532,2.6176660954080484,5.037414552673566,0.7445713723353804,1.1052525520579626,1.7578959701990693,14.136223826803912,12,3,1,19.433758424358302
22.797482255118894,31.948246301504895,6,7.862968850860543,20.258941172067765,2.500647245472393,2.6950467378979335,8.513938457659712,9.054133586208218,2.3850757789952644,10.718057727817056,4,5,6,21.82168113614805
20.839439795219878,74.60117373420074,6,5.42773502159804,18.486537769971505,3.616782544271073,6.502435084665671,0.8197022501867166,3.4997768342237876,4.465600647818422,4.467861274291454,13,1,5,16.320777939440433
24.95882823164333,73.3998182396378,3,9.567968245086307,22.613807058620242,3.6290603223779083,3.357933376569746,7.0462360306641845,5.115030223878057,5.7332996570282475,3.888972632378314,13,3,1,21.174981508237735
27.007019578108252,38.16337406589858,4,1.538500553672768,18.847889840416542,0.5422004825059572,3.6724583824962007,7.170639430743524,1.7876158436401057,5.513791861095936,4.291894782986892,17,1,11,12.105338250459669
32.97652673926613,80.16473404771685,5,4.7849085989521845,23.308541461574745,0.580302015919469,7.826243341211074,3.625878653085834,5.465621897831378,2.8556026956575087,11.089919468900932,6,5,1,19.643558697827146
31.02295169763348,39.28716209076672,4,5.376057067264131,21.181331919549155,3.0477947957605904,5.519667214249021,0.9494727249207782,9.388399052389893,2.768070533862684,9.663776721761966,5,1,3,19.40441762109421
30.418571349568623,48.07053521984153,2,4.919164197523767,23.690836916732376,3.827519782175882,9.531748511940243,11.392017296549247,9.016330706331567,0.7541873709177449,7.922066422954664,11,5,4,21.9447484800004
25.047498932193086,44.9386139496819,1,8.024182871787032,19.742165476849173,2.6660547140524318,3.593012012651382,6.426928848199358,0.6389592020223589,5.830440759617802,5.423611468967028,13,0,1,17.42377054727069
34.8289510616952,52.33842591438287,5,6.7040289101636406,20.725896911270347,1.6452679944286803,8.278404959944034,6.957097501486351,3.7825850647433734,4.560586782930795,13.794005703884713,18,5,12,21.942155844846575
27.42574334796329,45.27982595339771,3,1.2665846591826169,22.16548177397747,2.7338925590949823,7.383375358077649,7.380250668365685,2.674313630421663,5.085409563246534,4.778665438028315,15,1,10,15.290311576308486
37.58209876030309,59.33705558630712,1,3.464513073430604,22.991479875425764,0.9152463054261553,8.90188927441895,10.692575123113862,4.813614771130888,1.404981993908482,5.6868808321278586,23,6,7,18.0192161476738
30.682842765914735,54.44447288128113,1,3.3907684838688636,20.52814252647364,3.991865199231135,9.56791372923081,0.723067734561091,8.337291623350698,2.40651590444984,2.713935906496313,18,5,2,16.38890654227051
20.525294831290054,89.19416944675959,2,5.6563219279292865,23.354595229962985,1.7243408714360724,0.07676518076821015,10.719453214230395,7.388517856494307,0.6158706220722543,5.579228950449732,9,5,11,16.71749432263747
31.52355124150868,33.35558100769354,2,2.9145841765789693,18.707923249946372,3.726744010034782,0.882977478675161,2.876118103335289,3.439781921638474,5.644878632087532,13.997669797300254,10,6,4,16.068118312406508
24.50208030863398,38.530882583241095,2,1.172717695539106,22.25210831286057,1.7231922114550997,6.743388212275086,0.9354029951561693,3.8266582956219697,1.7149753147625328,4.438852302321498,3,4,12,11.561897790854273
31.72654393372195,33.16955363451615,5,6.536826656571354,20.089193893281962,3.712559124487694,3.901998596966062,7.887190225575976,6.542549920082402,3.5760585740926514,4.651517370030298,19,4,9,19.641294468142174
19.392822963248115,67.55047169894254,4,8.510369385350225,18.608012904795583,1.3427417659196625,8.191251017427465,11.723707731080204,1.9422516883264784,0.9133201737043091,9.799706153938281,1,1,8,21.272937788486384
21.497628743519186,33.27055664482317,1,9.31608095465924,20.319987340812023,3.042171938623227,0.11979829666071251,0.6869047956791507,1.0272802014449134,4.816779930229924,9.37039537685667,8,4,2,17.56542438045886
35.114745178115726,80.1863842425674,4,9.725784176594757,23.281293746913406,3.804008049636065,8.069774029964304,5.113461816448391,2.4258846421092226,1.118068003582109,4.287461197199952,9,3,11,21.375554404710407
22.543591140470298,60.716317840915664,4,7.81116846209014,23.88320322773184,2.5839227127830733,1.3524199830365224,6.357414304125429,1.240324313524298,4.856306346367417,4.005443296080918,7,4,11,16.348665985076494
34.7408225048588,61.62045747489202,2,1.3970242829190216,20.356799142602895,2.7102609030995044,2.9024904396262796,3.0254275692418813,3.5198424324732636,2.4105752876689754,3.520700523783729,3,0,9,10.868189876144134
23.58552176908821,63.695670462731655,4,8.531118242367246,23.318498326838252,0.4115449812882046,9.690782002607547,11.794465789835616,9.375657840594263,3.4665420994224188,13.1941112596597,12,4,1,27.194301600982257
30.857638201174154,40.248822378372644,1,3.9996007338247397,21.05792649745127,1.8968797886556037,0.5159811354816812,7.69155857524593,1.2029947602516777,1.6182526845476248,10.507657873050285,5,3,6,14.341135267722548
31.88301147019662,41.86141818686925,1,7.299113137923636,22.302090225983648,3.54702162434715,3.4904061245267393,10.132208074160538,8.183221436090667,5.296658738526864,14.394793734105031,5,5,3,24.00239976989591
28.25309506290106,49.12903937238028,6,5.312680049608359,18.272228533642938,0.9636393449228726,0.8452877564350647,4.989332183660563,5.346480314381527,4.55921066312964,4.155835753566197,1,3,1,15.084699661250863
24.106213533934625,65.60978494931109,3,8.286061336487837,21.34387183190414,3.1534520539932522,8.536044060133682,4.247470645737813,6.329030765007971,2.125643783725409,7.9878471364621015,8,1,8,21.61274183702588
22.252887527421922,42.607066556412875,5,4.255057328396886,18.42097161726594,2.7028395432157644,7.030161225374231,6.637894738573107,1.7008236801808196,3.5121842585329865,11.659603130476658,5,2,6,17.708190349283726
18.663787091248523,36.979903627995675,4,0.6179381074002077,19.611707742562796,0.8919438589621498,8.003373878157293,5.223341311519677,1.5137331147189448,0.7739307541539462,4.776128176183707,4,3,4,12.442596470466508
24.078928024814477,88.20701318510592,5,5.568237108824708,21.400885955212072,1.1311648210718577,5.272795117619728,8.579376661641534,1.6274367681181057,0.9628337435268326,10.900797662414444,1,1,3,17.77021162911909
31.063255810625662,31.318908888577376,5,1.7129055466767318,22.842982598530085,1.7102436004827886,3.5772001967147125,3.1898170825415364,6.670628763917479,3.2020657235231846,8.159443637873046,13,1,10,14.587005246411739
36.766096368969656,78.1618443201613,5,9.655176323529226,21.365361862823463,0.5005168620829026,0.02273619605126065,5.395092373108795,7.4778826674172905,3.843592600388118,7.60077442164467,9,4,2,20.372539272544216
35.42408964526104,77.28210897450133,6,5.269630658254916,23.617149246691262,3.653485188632828,2.779273120429142,10.741592967528717,9.20244944499519,3.3445902823739555,10.384969379013695,14,4,5,22.933578292954724
33.32129553070605,47.83284683070576,5,5.535587938372605,22.861995045455014,2.957430420288222,5.145535467661146,9.073294804119953,3.9819235266713546,3.356447987234847,8.080027915685,16,1,8,19.808345335029447
33.76894686506597,38.137596960438806,6,9.072657128148178,18.937440876630617,1.4598564000143188,6.643620364760835,2.016841980214733,4.619693841001401,4.4537408454160285,12.660168989628366,6,5,12,21.309382990470365
31.299698069519906,38.7377188023254,1,6.245852451511748,20.333750913767624,1.1986619812198471,2.2893742145875673,10.64237795269917,4.695950159958125,5.414444884580158,14.096777777073791,19,0,8,19.096970693040753
23.205737151320058,71.84589703423154,4,3.027293771897072,22.010912563840673,2.7583154812495096,1.3890084628813426,7.068199085342257,2.698979027865671,2.3255852728071282,9.655163508771892,10,5,3,15.99622014101174
36.143900614116596,68.56839546517043,6,2.9609461691337113,23.63043618965574,1.6968836878109643,2.0161486202987144,8.151446199269799,3.2823265464399665,3.221599772766231,5.907728514325228,12,1,9,15.527547622129633
31.41464623811668,76.9647404550832,3,5.0157864990645615,23.926295212468027,0.9173462876202909,3.5407605169111998,3.531078790191193,8.468202360767561,5.358143906276635,12.103888392905514,22,4,10,19.782347988999902
29.2088126196088,86.24887034394628,5,8.66608228929159,22.579118627776843,1.7206030118950295,1.4837829120147628,5.29853116362789,3.4372218458592165,2.78567193923384,4.21636669470538,20,3,5,18.121075844819675
20.21978938426962,71.51564179599552,3,7.9472934073627854,21.442615833476182,3.485187932890289,1.5681733442111168,9.681749746875012,8.690961019234852,2.670893739003507,3.2348807675154445,16,0,7,19.32860795058814
26.94111087612851,39.35109219308661,1,9.627405860568448,22.539658138427953,0.27442654615985385,0.43751700006755323,3.968114625158185,3.052677114830531,4.599086742814009,8.743509695700618,4,2,11,18.077096651656454
27.207165424038525,44.60655700592464,1,0.7188612285220364,19.639418516783685,1.473432989127648,8.567251943544528,1.9807393861223193,3.398831625426503,5.263806755477941,10.407565838600348,11,5,9,14.14631322454477
35.2912721904534,80.53162385238687,2,2.6832606896433866,19.701618163557796,3.8493576920686614,2.197586240607424,4.539658955801767,5.602808717789113,4.426033510439251,12.854973617374837,3,3,7,17.161587700177023
28.93296440375577,42.55836455005252,5,0.8020770781372599,21.92609607697394,0.05932736981832365,8.219024390612871,0.8306240089126571,1.0312684714322584,0.6007463451052313,14.41776126745794,0,4,10,13.95872043317456
25.608010979408192,34.351339017268884,2,7.5107919390243625,23.231013458399463,3.5625612701248746,4.3830938613723855,8.614277501819188,9.22062267166209,2.788625960795036,13.35339511619281,9,3,3,23.320654140691072
37.53600657021319,72.19680324253503,3,1.4083368915038363,23.818856935058122,1.4993347943086377,6.324378147136091,1.7729509052903736,8.203998386385193,1.2718177379363076,14.85309445610012,1,3,2,17.726501598820338
20.214411866526312,54.15158132940852,4,0.9988631799760672,20.04800760498731,0.7580728183018284,0.7570213615819532,3.4215108847301368,6.705038275075773,1.9040873929190183,8.184099991219274,12,4,12,11.727947952750998
26.450968566238892,85.20240315275421,2,5.616722070995576,22.779321738607923,0.059918989886806884,5.835804987801847,10.572972066646706,9.881250136981269,2.812526420019861,6.114989038132428,12,3,7,19.398824008277717
18.840493503428107,69.01530426561969,1,4.114847121191585,23.10918483172496,0.2820912055951843,2.8999540317330172,6.485971895481253,0.15999361346902052,1.3291720108585283,7.9761816227049875,11,1,10,12.568087023152914
32.798082415338605,35.425138667499645,5,7.151013387624671,21.73903945818836,0.6873734568967689,0.9520995315119574,3.856061287157708,4.110603164323229,3.095602024572964,10.373696503131455,0,5,8,17.280454838920935
36.361531043983014,86.87139403521965,3,4.87015391700273,20.08555129337858,0.10163695351831281,9.082324961678355,6.572002680178629,8.583430583316742,3.859655294162014,8.594335924025838,9,0,12,19.144584333449238
23.600746591009788,45.513435818414756,6,4.253345959404528,21.714531391642808,1.3433994723600184,6.036280423494908,2.6193319155826726,4.330172797739914,5.249390004646787,10.243557684247381,19,5,12,17.186833664037383
35.16683353598242,50.23274942437715,1,4.255004487469709,21.506693425869077,0.1795724574976827,2.4170762724401893,0.3020775564673217,0.05241336809270636,1.2687637071131983,13.52739411438991,23,6,4,12.19486973155334
23.844364609237957,54.13562482101253,6,8.718763803988546,21.639153034778946,2.7688642473779095,4.19648010722407,7.244789747565636,1.5775411559595398,1.863390182803696,4.155554261797184,4,4,1,18.88019807578786
36.2154032328783,33.07345778425879,4,3.9522565072246643,21.715561282726327,3.2756284541498393,3.5690013407970533,8.569511193416751,4.340724123867524,2.4348028865454063,3.5634322008407615,9,0,6,17.1548629744523
33.07923807193568,59.79092533383629,5,3.333971277696335,23.082349145230168,3.5498556942843664,7.005796658578214,10.557381185351755,6.679478609527235,1.3472806178623147,8.480744567953618,6,1,9,19.844963099485003
34.09813553682877,37.39910946451754,4,3.3853507702272934,19.020489079603983,2.196512723877341,6.074331760274941,9.262600332776683,1.6265426838482255,1.992240423973794,14.762985528757463,14,4,4,17.8088795902876
18.36013111200909,54.058219601301104,4,1.9660079681489029,20.20376368569101,3.7860381647194616,0.19782176061886814,11.12013240594618,4.480430602983699,5.300103119512234,2.7675655156234322,17,1,3,14.485655745831274
37.256207141480516,51.04258727952506,5,8.606888505739894,21.516010364104268,0.02258180223906736,1.9782698960467349,11.831441706514443,0.12788537735544225,0.8319287520670435,14.82524496484052,19,2,6,20.735558304417562
32.53341984140646,76.3704050055902,5,1.4663081502758157,19.699966431669758,0.5360732886564907,4.781279722408616,8.93922537294958,4.775005222342973,2.662485561959945,14.58018599116232,3,2,6,16.682004867913857
24.095021907722668,78.19023069796387,6,9.086107377996054,23.868918732504234,1.1726639229236606,4.454857922537906,10.415079609964009,8.959244762391759,1.8658018546988595,5.803793683893099,0,2,4,22.022781927237297
34.58789329717694,39.20477294334528,4,2.834677219110062,19.578901557613975,3.1560977678169473,5.1667488194353055,8.084778038738218,5.9676803152359,0.46298833059753997,13.583049352071932,7,0,7,18.611232137847065
23.6304239682986,51.99307124275357,3,8.99426822173847,20.81777328385419,3.541556560535428,7.1481083330631465,2.0512534944992296,4.406556312271691,0.5767519749017902,2.1008615879106713,10,6,11,18.647242756773377
35.455076791322554,52.4011896619099,6,7.908206568145771,23.26419027427841,2.472537805224311,6.82008998498227,2.1804291158674194,1.6225933569432438,4.709279474910817,7.902794898399829,2,5,2,20.50063423514052
20.25160780823874,39.084626636165105,5,5.819875209503587,18.480381975961357,1.5329453776365543,3.7281342214199142,1.3231134757831575,2.0241856351651166,5.113998115474063,7.227605386084729,11,5,1,15.522894099053916
32.073719549215916,77.90721030307142,1,6.694700039185991,22.92412801256551,2.6633824143442557,8.775816279385952,11.315696639922283,0.765099500700791,4.448445603666296,13.734554088133477,12,2,11,22.407202187323374
28.813969532898206,72.4336997001254,6,3.258440908249277,21.426050213848022,0.7235974880974645,0.6293257044851874,8.073020374072563,7.424110435606,3.2353743260264376,8.139850286952793,19,2,6,16.10253219268011
19.930689403908815,41.42290717782208,2,5.7422861432766235,18.19081224491802,1.8314962086897282,5.845098951117265,9.478917005586295,0.7713527757480731,4.635956790871498,7.433203795355653,17,1,3,17.08516704119205
22.837876565176778,52.00331451562794,3,2.9240290072669706,23.417477351800613,2.03017639329316,9.496854925695297,3.9738880418923705,3.8394882873420166,0.9120945461649539,10.314729934852078,11,6,3,16.310459769920573
18.248080725546295,36.348301491390856,6,4.022728138904617,18.235181012734458,0.4194848840448584,5.490814378253212,5.525060520921094,7.498446935127548,4.681209603577033,6.885389451227976,9,3,1,17.7444303846684
27.37535930929012,67.69239582558264,5,7.646625552292448,21.091306777627757,0.13549064088642515,4.55106300812856,0.47735438204031366,7.128226994134951,2.5408513125081296,8.97527438100352,20,6,2,18.77206739454094
24.025305215200007,37.282315472917176,5,2.4393256381021624,18.294187478194086,3.0004219894005844,1.3391758869642445,10.668088805221169,5.77532166585275,4.501893205979988,14.422365477206975,20,6,3,18.334161151715133
29.967149685955178,89.15605011749507,3,8.388460158375377,18.42720059084699,2.138825437118834,8.101890952716113,10.236041152939297,5.71307734126068,1.3664963665183312,4.634025014509515,14,3,1,20.8498324858702
23.944756154172346,76.84092448127174,2,3.758828536649965,23.32322588554735,1.3289548075117419,3.7379489004091204,9.417736018371532,0.9032808029190609,4.995260524382142,7.965866382335214,2,5,8,15.626201502243307
23.998382230139693,53.41431297503971,6,5.32169960856181,22.59495328177466,1.7489145266446005,7.01245909484688,0.6996248121742981,1.7491527175448995,3.408699274599403,2.199905346511197,23,5,6,15.382398627793318
32.86386397463207,64.71383593676126,6,9.419604875628734,19.18164703946935,3.830813652973185,1.9754688040705704,2.0909968269292047,5.347444571072108,0.044025062135188975,12.949082060468127,14,2,9,22.227699838359438
18.962856719567068,84.68050897298453,4,6.8125563018687485,21.722807839285522,1.5396550876558024,0.4186320293214907,4.010047893053537,3.4808032825557977,3.115603008821507,3.196225694366158,16,5,1,14.478458326810241
36.05789990383974,63.245956823749566,1,6.456041128446274,22.768077410587296,0.4139169066150923,3.0546745252800056,3.1567521041000606,0.18937101093339015,1.8616768765521297,3.2319104847105082,15,3,11,13.511648619245763
35.045277487823626,40.46990918387731,5,7.116077276050291,23.33754384820119,1.8544087182533748,2.8141386145689085,10.061518062372823,7.9816673287916355,0.3450111713045334,13.476911915545802,1,6,12,21.619908352955427
31.35609366452813,52.72220133486956,6,9.181113387605613,20.80984156103488,2.5921934939122746,8.734752535272744,2.338029098407439,6.538132671074966,2.683857533929562,7.3208483708380605,0,2,4,22.945652871973238
29.864431402147687,80.58869190178473,6,2.4851370922151084,23.384999264407227,0.048452464399566075,8.64673778584754,6.385493584067694,3.257854666690967,1.868820931039922,10.934840814695965,21,2,4,17.34169687942027
35.846049962793046,68.65278095937708,6,6.132412057993384,21.04710043630537,1.3293622400607221,5.338942226013806,6.856573173831746,0.9820519729237398,1.2263409833972527,13.152002812938719,3,0,5,19.319894473625773
21.70660359057429,69.04346306002802,2,4.003938543836522,22.129368253066147,1.5740576805217992,0.18998945572193615,5.100142165950447,5.912007606420349,2.0947320150138093,6.8682082088329555,16,4,11,12.973765837839785
19.579383243816572,82.00928914130935,1,0.11855293210243922,23.874176156550835,1.854859383055783,2.2832466292047604,2.8882551807655106,3.485495685666451,1.0776432973374592,5.400116925437261,6,3,2,9.556732794184658
22.790203398190762,83.63838344775027,6,1.253008964061092,19.41571073516716,1.2067367746978213,6.390125942134332,11.523531490573578,2.553893370081426,1.7988723661359507,4.20373391413944,4,2,1,13.736709967187583
33.891565574003806,85.18755430676617,3,3.249918952635884,19.011127656494867,2.667689033863493,1.0140840143036756,4.96079090722827,7.214692530161589,0.6920062608424808,9.892552369021828,22,3,12,14.960832728088949
18.693405334529665,35.69095159518937,5,5.649999711819157,20.052112949867222,3.778836894903249,7.0062226471944715,8.72771994643998,3.2815006104943576,0.5058755413348317,5.279541867118835,3,0,9,17.60342630697355
29.656136701669794,62.64756011778606,4,8.814747766962716,18.986394136321856,3.6559927041588614,0.11962262958743475,2.2085578518747466,1.360484915969128,5.460116560251634,10.245743815677697,19,6,5,18.602437364907573
37.9087503238262,74.43057127309912,3,7.911141182014395,19.704976834229246,2.657573659236067,6.825367753692704,9.87373402243474,4.816537478295935,5.416594807459074,6.122848150350094,19,0,8,22.63379008698645
35.11392187675079,75.41561070762083,5,5.533336724227704,22.457911940223624,2.0275362645770003,8.445392428593795,2.590701878804001,8.284657882495068,4.968031191978784,6.521098260575012,4,2,12,20.505980789437935
28.428913780871788,66.40297211820024,2,0.7387041790746762,20.865144215527724,3.3032605057666373,4.692177196461163,8.103679482876315,8.496587841996273,1.3819532051753864,5.238487190517244,7,3,3,14.816790268058293
19.272818185732845,40.00724011102045,1,2.859062903949786,20.250247766969412,3.343748751434254,8.290809901100376,6.0779520176702615,8.493431648003485,4.355343661586367,7.440086690272645,19,3,4,18.17225044423843
34.627470287714196,77.84523323649987,1,3.667086478922439,20.21234403165476,3.31829221127878,7.815277332438696,1.7586856917771176,4.209198394014817,3.5382727935838876,4.107688987127332,22,3,4,16.387315354420267
29.97957016354421,73.20668001089675,5,6.217171852038426,19.16717984940032,0.6313837514775988,6.714191501676771,0.29939035387292723,7.909342112394348,0.3074004820951599,6.156186157791327,8,0,6,16.519442389099208
20.298659941191335,35.168146292942176,3,0.6492362297984111,20.68446872572197,0.10172936544776068,4.451492813978336,11.16897918458167,8.502307679654601,5.397514505090118,12.112442279224105,5,1,4,16.25574418115045
19.877145696467124,57.828589480462576,4,5.301935545004733,21.747813352129057,3.9327736389924404,2.7190404440149383,1.5082861627744784,4.595382101926465,5.987892522767254,4.8030455911784085,3,1,5,16.16873524393381
36.19253638873185,40.43864397130822,2,9.014645761447072,18.83492900710934,3.8386167828838964,8.608639621688686,8.459417144242979,3.1873938892037943,4.2523286365937665,14.312471829533733,4,3,12,24.062478243056674
31.38400525876157,50.24862274277831,5,7.054326956974029,23.83687716882129,2.2575138435550524,6.485903796629483,7.832219507363809,7.019645468105937,1.3890468910184317,8.407983133416979,7,3,5,21.834261869410597
34.58573598633511,31.084865532341126,2,7.9707680656275635,20.6596870585604,3.972254866869443,7.980168352505762,4.100640509382318,9.04469272355995,3.326457565038294,3.389960603651904,19,4,8,21.05967873207154
35.579578005645345,54.01979210464549,1,6.816756483590734,23.68776550050837,3.0821881790714425,5.519669277288919,2.2245947946567424,9.721524851245123,0.6562829511726798,14.259795755886362,12,2,9,21.99079990416942
29.435447040966444,62.99261526937263,6,2.0658911217259224,18.807953559745112,2.069520733813802,1.718664344939247,2.1399389934649777,2.9022480567715547,1.7926753182701471,7.936817450124243,3,0,11,13.05467699995372
28.348927035100825,67.17495556962521,6,1.1048382006601865,22.603295719036083,1.5573242685728896,9.794379395135364,7.0239342366028685,9.561710561317172,4.303536116482817,9.240547501632168,6,4,8,19.748665582078637
26.608548206419805,69.80942070772261,4,8.294906730049089,21.70582830326127,2.3714528379740725,1.827387514576374,6.563055535488546,4.992822467074934,1.8064453928871114,4.40753206944273,21,3,12,18.699056525119165
24.338931755822387,80.17747878614759,2,6.955044360155283,22.920384717260227,2.063208406661917,9.112415010249034,10.511220244202786,3.0603470430098048,0.883235428982182,6.333016842419035,0,5,5,19.88734318351115
26.691919217174235,42.9277744365438,5,5.750615588163682,21.604067537731233,3.9752101068047843,2.08138646044974,7.680036940943236,9.88398110223529,0.04482711326171418,11.147294460213187,8,1,12,20.59140283337645
33.477593114603124,37.22890934630808,4,1.8928286496824598,23.777019799456838,1.961841264036948,3.737494417464359,9.831299712966295,8.778079751238439,3.4350864253923974,3.6116021416580515,4,1,12,15.741080335895562
30.03846862030263,81.09223031387555,3,6.033449653117534,21.761590985579147,3.343684344748629,4.400834445374267,0.3889567494313053,6.924165892752905,5.812023136810661,9.415965041455612,9,4,6,19.139242450055423
35.85046579909692,39.39676889355899,6,0.3132178522215978,22.70762475206681,3.2544952925529653,9.213759895281452,8.051917764343141,8.949422301216396,2.9047980744824455,11.015795960653922,10,1,4,19.846858007480755
26.867600287583755,88.48560488017172,5,1.1883913439395943,23.265490635200205,0.2856250940231604,8.881985709130634,2.8045036611554517,6.814878727049168,1.275671643883835,2.02387632336464,17,1,2,12.610672771820195
30.14179157437508,80.55229376391821,2,3.118901498044245,22.28750082726276,0.3480270692425247,8.23220977952436,3.034067519588522,4.404037984420949,2.7796801378570852,12.888493605420019,4,5,11,17.37860891873537
30.626151061839774,60.05259635337595,4,4.437382774111644,21.14541993937896,2.6392404592055847,3.766751474957343,8.646918349072092,9.48049557054005,3.612502325558256,2.732332847018122,23,2,11,17.839686665269824
29.83394324612651,88.88528549532151,5,1.2056449582200035,19.636902472580523,1.0364320269412053,0.04493246828920161,9.521195505899291,9.63247677716093,4.808209901044377,5.209962485646349,21,3,5,14.194660818346412
32.05267546171032,35.84260374648025,4,1.199401838575358,23.126955680374017,2.630108138788426,6.815833201075193,4.460825701662632,3.1417509728973836,2.716071664556896,14.52608367776632,23,6,1,16.541894633052376
22.748669367496127,48.1839456705061,4,7.258936605836355,20.88346951613207,0.57850357725412,4.109538344652038,9.480921802419674,3.543953345633306,1.0377123875281689,3.0535303524797617,20,4,1,17.609377661999105
28.247275550915813,68.29346490243668,4,5.697194065334856,21.724249358010354,1.5882729088232157,7.570581928374356,5.324936104228268,3.8272044076540457,1.1280596965563279,12.737227273454069,3,5,1,19.888135138933595
20.084496056166955,51.00041210839073,2,5.33741980777665,18.47535922728552,0.4098810653023359,7.948520460835502,10.291744180444569,8.221459517172413,5.398356098692434,10.475977765448896,18,0,4,20.823813677095128
25.69022655289625,85.70235311884751,5,4.524344951175499,20.9841079387611,1.1283723072625573,4.397234029174242,0.2988452661431116,7.911456508431024,1.417451332486679,9.77892210322496,15,0,5,16.50212491193567
27.75334137242529,33.937565290669056,1,9.76543106344564,22.18894586411907,0.3531943604306851,7.481025653169484,1.0019408497782076,9.831151047561281,4.368105750605467,9.56187173550284,1,5,4,22.76861413390433
31.044485190909448,62.96470992365787,1,0.4980028289437677,21.50443145960262,3.8823146207907158,8.399372805196775,9.31622168721218,4.652136770323601,1.613692680448681,4.163961778938728,14,3,6,15.39473859191391
37.01062105172407,65.45197604370688,2,1.8062717616157742,20.69132913627423,1.5802337380491003,9.284761316015,7.489075533963987,7.36767094067595,4.323372362362949,10.69468607922061,8,0,2,19.015902583091687
30.013021330967117,69.16368742663344,2,6.475077574012373,19.340563900498015,3.604755071592744,5.824553324893943,6.70824304362622,8.567204698454749,0.4701823787672186,14.371212668879968,16,5,5,22.55701348299389
32.87187832353119,45.339973399908864,6,1.3636565385124133,19.858021200540957,3.884687076115393,7.784787690598826,7.367745688062881,2.212304381339767,1.2443582960330943,3.0014485705606813,1,1,6,14.566254977968715
28.125321189904056,51.873985651191866,4,5.893809380091738,22.203746148973806,3.6382506405102877,4.945648702096471,11.162287529065809,6.205554275116324,2.4522077472530595,6.321362902784646,21,2,5,20.581645573701426
30.682080627526627,80.62083177989865,5,5.6776122548108,19.345144193036393,1.8198386574648353,0.4166300042996207,7.866444377256794,5.477076763971988,3.0918994803596576,8.139272035232704,5,4,6,18.00704121366053
19.41864432267547,41.69656613820959,5,9.710051836396419,21.73035969185329,3.115589190328229,1.5522142779918335,7.7697133999180314,7.428270050004,2.1177063736286446,5.0197852927986,0,4,8,21.306056732595042
23.08783161683694,79.61207083040172,3,8.833864870490224,21.53842567533722,0.6147979350201038,1.282245092396701,9.113650556474733,6.954279826176693,3.4410979666610713,11.631586130633133,7,1,2,20.545124095159313
25.237061864102774,63.75932537416455,3,9.455533437674525,23.822504876321183,0.3793304552768353,1.7176559011547887,10.39944846767792,8.127926108516373,1.9522190195425557,10.952096962261828,10,6,7,22.19453434487541
27.44986710013027,75.73125067164493,1,1.1360236947397961,18.36469105490802,3.507605871322912,0.10212749612843242,3.1429497388602594,3.1114519035146393,4.070633674362613,3.5311025344273004,19,3,6,10.527467064351326
18.912974910047673,72.81644197580829,3,8.681484372541888,18.64873564377637,0.12448058281299357,8.587068232651525,7.400986310799649,2.1635639167359413,3.0672422438542224,9.403011299507037,22,2,10,19.332076282731087
20.800481951066352,42.45068972309274,3,1.2909066172830597,21.03650079387454,3.8893094035886797,5.601493199490124,7.007699562629703,8.051987309074251,4.23065563712947,6.795348697129871,14,0,8,16.03507074806619
23.536286155826115,64.12876418603237,1,6.329321785439889,21.16265895212181,2.6885355202564516,3.831500030112677,1.6181937779801103,3.6056343102722996,2.5858737672914076,4.968965588861068,8,6,9,14.662790717817291
37.430653818021014,82.06338916830555,6,7.200781606780023,18.23956595283103,1.6784520856024354,4.0977887157697515,6.243803686928544,2.8757355792657844,5.259000822231874,13.02781745178261,1,4,8,21.01427886156459
24.626940142061017,55.92697420811576,1,1.6085349814928585,22.955132525156714,0.5655013055242208,4.633510937188695,0.8346061768855844,3.3681852552686955,2.292796637996032,2.7107620727505286,6,4,5,10.893981238171142
27.64082116224165,87.995446213399,3,6.326593759295397,20.968340988617374,2.892924603818849,0.7388350041959257,2.2195150488280757,0.6635399105102746,1.8488020167033639,8.07607362156067,16,3,4,14.022915777337218
21.921954254767858,57.132906006103084,5,0.5246049291199406,20.07986247984317,2.2524470176134113,2.7466541157992017,10.955556983018166,7.731443461572676,3.3425101069873957,8.17905031205687,2,2,3,15.711521295377363
30.215601421515366,38.56713820007308,3,2.932660857428302,19.913122623689254,2.8445080297862773,8.51626437092085,1.4309181785081218,7.1515965854007995,3.05503472405493,9.411591165647714,3,5,10,17.01208179569836
23.613664310319486,53.3660808046604,4,9.211584939341167,23.168443089325088,1.671688822515684,7.436752362139845,6.946995598161534,5.5269245382874,3.1085884401935298,4.568724554422192,2,0,9,22.232978661695626
22.139851568768535,87.10214438343223,4,1.7173116290186918,19.180397198569082,0.26504033224364676,5.634055382539078,3.8817683519168833,7.160849799072093,4.776780545678825,13.325613984681253,7,4,7,16.20020379288462
28.33145256891958,49.183250960391256,4,0.652699924503275,18.962506232595654,1.2598888022029078,4.80703984669963,6.66375948871935,3.7313316674829524,3.531580615832695,14.548934628064703,10,4,1,15.81278603450078
18.110115983208416,82.08588959202376,6,4.436781996554594,19.2790711753397,1.2600830128587632,2.589731849908994,2.819682509428837,2.9536907611037955,5.311592753296234,9.136413596063404,15,0,3,16.11155789163302
18.153280652984506,82.87504090091339,2,8.506182085272716,21.75013528591178,0.034716633350643455,4.712549696471054,5.332553456131922,8.623009893481457,3.7145819000355615,5.329629696934387,13,6,12,19.128659445284825
22.381376182037155,51.01119145991767,4,0.7667238196828996,22.865585133770455,0.038324060395694026,5.978552760668148,10.408001197779127,4.224545702892062,0.13020686456648556,13.398743641260076,22,2,3,14.840205719601267
18.734427250016424,34.995459483037926,5,3.555353652304085,19.985872162729077,1.3230331488017733,7.126379514315806,4.514603733832276,1.9591217178469011,5.222361264315566,14.846247689967642,18,2,6,17.965238249362418
20.160515082613827,73.4734745495291,6,8.997748345593262,19.040771988688878,2.91049353919685,1.666401877523238,4.236371256011228,7.490439156123414,5.038706956170702,11.644433262713305,22,2,2,22.11010858147643
24.777212986775034,48.69073794083916,2,1.1815554994445432,19.255165005771723,2.4961749216674995,8.131102684707773,5.3534169512359835,3.3587185428619257,0.29309920505709686,6.338158156276706,1,4,4,12.889931222263515
34.051713591596254,76.97541685545434,2,3.1066850591194664,21.715102671107104,0.9560705868260362,3.458112770338225,1.2059141309317831,2.1185130089972715,0.7517067514679519,5.068263811242489,11,5,12,10.616398812998103
29.440972867386016,56.559290895625985,4,7.784206115357039,19.47621135728538,2.4110506086886847,5.0325808329035535,4.6481642950566595,0.2721427771589202,3.3381360644651688,4.036047428604275,10,1,2,16.42986811259465
28.25335451912833,59.1160045405573,3,5.432109871388043,23.2636813881082,2.5895103822379664,6.079043165963325,0.08280300753798686,9.706017582814578,0.2571154071851094,5.054207591566259,15,6,5,18.02092600176504
23.869776464162435,76.67456440491222,1,8.32333140633583,18.623348126485883,2.090279691299996,4.880951562210333,6.040765741787422,4.672893839477671,2.467007870060482,4.955547046787177,10,4,4,17.47989375736968
36.63507438865633,52.941799863697675,3,1.115953930487984,18.19421120403312,2.08541590074729,5.71956904154119,10.175292949817152,1.6175787302793965,5.852163888469661,14.576445278133534,2,3,4,18.491240834307355
25.940300824743833,56.587640719374875,3,9.205541713797228,18.530269475765422,1.478991492250557,1.1152346468287122,6.6248772473715825,7.578111595507295,1.0366568981634865,10.362099139917195,22,6,12,20.763471984799963
19.74185533591543,52.571428126177324,2,9.349117945152088,23.073858722317922,0.49357745501294703,4.321554551086352,7.292702138472233,8.876511280462966,1.2365749394103263,4.170681117731513,9,3,4,20.234537407369203
30.341330322356026,52.040430916636794,2,1.5531302014670634,21.907377117993967,1.5419352002016984,2.8046747093622635,0.36676045511719657,5.279679925988612,4.0580902891239,8.344536372204775,4,5,4,11.908915458465671
20.27676786953203,61.556794614087565,6,0.33875464406750044,23.746467798703502,1.38133726458731,0.8602615388687018,10.314179761392902,0.2835945878454216,0.2638692543051575,4.400265611551862,12,6,5,11.672668003337469
24.90446285603384,78.52796667006905,6,9.898413819555689,20.017779247618545,2.367890371504233,1.9164922563199427,4.620042633603102,3.651429614012456,4.924116969071868,9.878218414780969,23,4,2,20.970222238798684
28.148238774356177,51.70609871535395,2,4.822515923024245,19.276068768058195,3.4250406750664335,6.024445664274584,11.69823216728048,2.4310163563176035,1.1941869152037532,6.43828065456385,5,4,6,16.823348035807822
35.48445049370352,61.4552832322642,5,5.720754040354313,21.371851435882494,1.50150065936154,1.9668640265145032,1.44558443436312,6.363974698559645,3.1893249845356726,4.542704723865658,19,0,1,15.935776218546112
27.870931606802372,70.24363952655605,5,6.159047336665763,21.22696967476049,2.8389411115987406,1.8106401011909334,11.336062617422852,5.188578017517028,1.492578965646779,5.15628284434632,2,2,10,18.71310920811912
32.045175320633284,46.1663667782193,1,7.896684627805027,21.54614392917193,3.247321509985874,5.528304323866363,7.611490876035877,3.557368437326703,3.9532916226594006,10.77628294627847,21,5,2,20.913720383527203
37.856336779981405,46.65136829414355,2,8.119879690459179,20.085203175962093,0.8470060549231846,9.047025067069852,0.6280836034871293,6.485051380715374,3.5232965534334935,7.304463826863705,8,0,3,19.432344022372583
20.629782397959634,86.00478762140729,4,1.9392522431977388,18.03538164022072,3.6066007075188744,7.886928506398298,11.660388934040775,5.844292820984014,5.67863840245904,8.67106678315994,20,5,2,18.75560713093068
23.49463051039039,73.41207439986532,6,2.3663674063352658,18.2101899176437,0.2817797527174424,9.050891105198504,0.16647681774316947,9.06490124460262,2.673604533462344,12.677405683464718,6,3,3,17.134945278314294
25.891521511952927,64.63120057339853,2,8.768330289463721,21.982958768535077,3.6068773551907634,5.8298020229651515,8.768402024291895,5.968029522800831,5.24927377634572,10.520478234201839,22,3,8,23.99550197991124
26.436563570776627,68.86320326523672,5,8.195176047505864,21.13954828893289,0.6545315705167605,4.099295604586072,10.674359380657135,5.077118847116317,3.454931019130507,8.011376307490146,6,1,3,20.68087958657623
26.220421505310917,31.7579665862051,2,6.176193815539554,22.926067557907643,1.3486784113372625,7.296413655419434,2.1097386507618885,8.236700841540623,5.486775913133681,14.402738466181685,1,2,11,22.133896867538073
36.152220051131096,67.0861779337018,5,9.946991591248498,19.802459152720782,2.4209408806726533,2.613640281826509,4.120286288373702,2.0241966926064325,1.7509323826078422,4.788566253723994,7,2,10,18.969765430195253
32.28065288933713,60.57053239345211,2,7.351839435513236,22.892833423387053,3.622733463083301,0.7805395800540371,6.734752086466322,2.4356461783906234,3.298566287641713,5.756895902818717,17,5,1,16.83960400502638
30.158104281814076,62.74498078676614,4,2.158367681302489,20.55294848070926,1.022805762260941,3.446147927311356,8.157711430139557,7.835731351079906,2.3401778494066354,13.848608859764562,0,3,11,18.02195661816149
24.187454357255643,51.565429609849026,1,8.466440643326782,18.580190313278024,3.054295653866302,2.9923669748701744,10.462510413535131,4.423502270323385,0.3953839047258616,13.09192814848975,9,0,8,20.639148770955856
34.475807684425895,34.888433862776516,4,4.1473263637014,23.867469375544164,2.841743232963477,6.755389278171422,9.132845650539672,4.09235862092499,3.4455948163611514,3.6907462250413383,5,4,8,18.59554690454837
37.101210229699774,41.60035401672313,5,0.36152660541289183,21.07161557487312,0.6388350485686685,5.5136267881181436,4.359973725827253,8.870779544778049,4.765370403512474,14.089312437089458,17,2,7,17.16408359738008
34.42396565100453,87.04468279276031,6,3.214212778116706,21.77687108377408,1.9178557783373118,1.3826298405578552,9.860637741440021,6.101090342930682,3.3372217661466026,2.132193417455955,12,4,4,15.007427119103808
18.031302103829457,54.52197373625604,6,7.635512340593853,22.024783118937407,1.9260203727105285,9.085041797704697,11.592920653044159,8.029091403998184,1.6760529849337598,12.691471419822278,20,3,12,24.8365384592279
30.72802740366814,58.00098934985185,3,9.602062071864733,20.174473513361285,1.2184472586266004,5.933389405048041,2.7238341748996326,8.098388706096864,1.582974220106417,5.624431444553412,0,1,5,20.40812222312181
19.022707628842014,33.16258739120634,4,2.7613641630319385,22.485169919172826,3.1196852661431813,4.576842254237769,0.8891471214531528,1.2002665831176862,1.4270312456247263,4.452540963329477,22,3,12,12.653595179347016
23.152144406674438,32.25397377263884,2,2.4651632440971505,23.221598792106104,3.703735409492394,9.371949271186535,5.119436783302751,6.5370239646970365,5.877789770662858,7.833225192468014,0,4,12,19.025694142889275
19.190494006955433,73.03088682280546,1,5.636165855983001,20.32312185848315,2.8662898344112673,0.9730184879790083,10.576765247490611,9.525163387060813,2.395317247369979,13.662077598651425,11,3,11,20.452625738534355
30.075909058987754,62.28567984726668,2,8.116838996624468,21.94200531978929,3.8918189320912586,7.895929381397178,1.8034980585503368,4.800270896280772,1.9012185818570235,12.216672348023177,7,2,10,21.83267157343689
31.731798269852135,60.522359052976,2,7.465256821609466,22.542742943863256,0.20187388432644937,3.6466550572000935,10.629578254584121,7.321824255223351,2.5108084544714444,14.571894842350193,20,5,6,21.962208176833517
20.289752761318102,44.58747182536012,4,5.599589025628165,19.140755386134487,0.14889074035758076,6.953897509239716,11.906556284834,5.667328999445128,0.6947875590989054,9.032984828866661,4,5,6,18.89918053892884
25.67677766089959,74.68504389779534,1,6.313896816144785,19.995576506375805,3.575434709972987,9.307254276476787,0.6480267705978764,2.0484597424097153,1.1761171697009887,8.637279299086291,2,4,7,17.98269527367582
27.12473017911084,40.094194746509515,3,2.42098957326344,18.65277507828573,3.5912014787864095,5.177130804854173,5.943076486265808,1.9519364571890885,3.0534128507433795,2.1694158911118664,17,4,4,13.448673568784322
25.38106043521833,41.3960846196612,2,4.325742650033506,21.61325078548922,0.42848314035152946,0.22638823428747346,3.946625936559003,4.338331651859725,4.793082983774268,4.347898577719887,5,1,8,12.936986770748714
20.42050000970386,57.64273028089653,1,2.5536562652029993,22.805626174925138,1.4297841962756985,0.2884823017233795,4.724158259175732,4.829905738094238,5.258560140689137,8.469063844349392,3,6,2,14.515808386416765
26.37895580374951,47.17679172671645,3,8.844179748446377,21.665031939509603,3.341578312451413,3.305608190853765,5.419617028155702,5.031324426464713,5.195908605501664,11.783371589178916,14,2,9,22.322723266645244
33.02356095616836,44.84777887398878,2,1.1255450736551575,19.078702985862265,0.5141627100065835,7.816582193950619,8.876447477414278,9.550007575025525,5.668505210543169,12.693833514270098,3,0,6,18.887046481657844
19.42015329066511,68.71425867319991,1,6.7974055785637075,21.278210946156825,1.0697122904368284,2.8826134307358275,7.095596438054116,1.0025454413747648,0.7546291426691167,5.682462431918589,5,6,12,14.61092046382682
19.60360028163807,69.05830471311268,4,2.6028319716502346,23.00960489115846,2.7239841474318123,3.3446860088621766,11.534413058601363,3.8052673429782855,0.24582170604908238,11.261944150217632,17,1,1,17.112596094994114
25.095425836719684,79.47102418799575,6,4.7557740971846645,19.816348776469315,3.9275962179119914,7.844607131975687,3.9931751908744086,5.145474351210202,0.6343873082967917,12.770882725851454,17,2,1,19.16915320969694
36.8345142323785,55.06251401837855,6,2.994127802466328,22.995909013515842,3.188555360281569,1.1618917391928085,6.498048989792913,9.63112739400902,3.6044535199947068,6.872457386221077,9,5,8,17.791776462676133
31.371452934458283,34.38510546156901,2,3.2324531705947166,22.70773970261993,3.1092704912575493,8.468129619628856,9.759942371204364,5.043148170070383,3.336713914659447,11.042226215214715,12,0,10,19.578277989825352
31.573399133451296,46.41998309528746,2,2.6039301361102196,18.130444847020048,1.3706506547645474,2.6579251555410655,4.476341003924162,7.752757201208941,4.027260378421875,7.684654785660908,19,6,10,14.067831155083164
25.2383998167573,88.80032779180902,1,7.527929211954386,19.436728884513013,2.645372286685897,0.5122307102890822,5.583590407330915,7.4927810804221915,2.2265438424943715,14.813479215838093,21,5,7,20.087414754067865
29.87321582417077,65.77551451396212,6,3.657158571790471,21.257654434786353,0.45235315572331203,1.1734270640368927,8.219694632222721,5.664440494284721,2.349532835707839,2.086678086966514,17,4,3,13.796273654804033
18.20262368055487,72.58422508806122,2,7.263570177140827,22.305704220115555,3.9690681327339967,9.525548867388236,10.328930623251676,1.3070310198598334,3.273450539149506,7.386485515312706,6,5,8,20.5945013029134
30.721920928190844,30.441469777524873,3,4.5606993010401276,23.283183153916976,1.922337271015961,4.513239550438684,4.988177645085945,2.1875870995826032,0.474336680583046,5.428313237434493,7,6,8,14.878166783762907
36.26573895152474,61.09234393095125,2,5.472460421002872,21.846253909607366,2.5552314730575136,2.564381059984581,6.383405665760881,2.4014025862150126,4.799232996816613,13.046575191881017,5,1,7,20.381440732665684
30.251469366896384,32.25171945190819,6,5.432874757134874,20.282065027497236,3.504687594725815,5.212709501791951,11.701467423490069,0.38659647655133855,5.537133288586164,5.732635830598643,1,4,5,19.452420324069656
35.4739718693269,64.15381272548689,5,9.758520793435888,19.107763240423893,0.0038598473742559314,6.823466533938003,0.5096299433640481,3.7921800985779077,2.324071204375679,9.069991156514625,21,4,8,19.967689660181122
32.479461109321875,85.24625097816453,6,3.670624557109512,22.560215132774587,3.903929710385232,3.1879840804406934,5.378744599914535,6.105137223762348,4.43743456357381,11.623502826564392,7,6,5,18.84788870189925
20.411168328073806,88.10514783002446,3,2.076840953975976,19.24068935594472,1.4366372486807726,7.2527120316102405,7.631782213550405,1.4426629873897912,3.293008321661266,8.463993561561853,9,4,1,14.084343445844919
36.049066145716836,62.43316052333545,1,9.117919403666022,22.1725831288095,1.3583629655833054,2.52252050907202,0.10112949074550182,1.7503600979866274,1.4160515659702897,7.33523314591504,16,2,8,16.080007742272038
19.3288768871155,57.49228831513295,3,1.7483928931557324,19.087269704227243,0.5802533443706155,1.1233723204404056,7.161438018796975,7.0698632840264155,0.4067867390165185,2.552734064432044,21,0,7,11.173630480834314
28.679349450955275,86.70102565490964,5,8.344228458443446,18.546323101856785,3.4327376411341644,5.497082203690948,0.6743994559561077,1.6925338881256369,1.4753934640809927,2.2981181938108626,11,2,7,16.25847821307549
20.84274247586915,70.41658991980171,5,1.502148954669258,19.506601342239207,3.483358143468962,1.511186758941303,10.2907007597782,1.3533557761895654,3.629436927866008,14.445188535741506,10,4,2,17.026325764440134
18.234132214618082,33.89395677230457,2,6.587243342274062,19.709578833150687,0.07995599577956103,9.4048487869914,9.685033146102791,9.77841886456428,0.2413786561565494,10.362172747502836,16,6,11,20.535727324323013
26.44068520255278,57.94353466004985,2,1.5054081326453606,21.88325480696946,0.2229008834932653,0.004490281318507705,0.38706164158315515,0.14735280743527923,5.017144384347311,12.728299378020504,15,1,12,11.259707496897583
23.900814153083125,44.414701107858235,6,9.230858192394294,18.965300206452355,3.673366642534682,7.556960999665465,0.5856482946885131,3.254081693543628,5.821837161873885,8.245698968922966,21,5,12,21.82261925131741
27.72000987595206,58.188259286920896,4,5.650082826528312,23.58184147792133,0.49147252910960626,2.7947320395691087,9.043367178739228,0.3493666139064211,0.5010114716587883,5.400552950222334,9,6,12,15.950953557321755
29.54399773469102,57.3279343203817,3,3.2927383914008757,21.32617011805364,2.4837098558678354,8.46086861772367,4.434538710939725,8.380481935945857,1.4801875843460859,5.828991136878699,19,4,3,16.792928102301232
18.874781446178947,64.92868816888452,6,1.403227749635949,20.945590384898793,2.4786018006732635,0.6015088374037525,6.900309455259897,5.835357142675709,4.053801692665467,2.565391040577048,2,0,12,14.37047618728526
20.460065902474913,51.40622942095507,4,3.7119223614599397,20.608167085850205,3.478921340434617,9.530005982995714,3.243939237184607,0.47951852893822644,4.836481940550581,12.281485712271131,18,2,3,18.45109173591169
29.172847929008505,39.85622696735568,6,7.050200348688117,21.399608081701146,2.2906164217027136,1.0139488383301343,2.0756265132491967,6.1536215402720025,2.07596455012618,9.560420149079011,3,0,12,18.972471219357665
24.863347063453165,60.22316607539737,5,3.8495088392854715,18.134681802970693,1.7360456452425153,7.878827550354454,3.552925410570738,1.2309639263328676,3.0914305819587473,8.250423099549568,18,2,12,15.968501967911555
32.58346975098896,79.81217306074572,2,2.4609413609544406,23.940518247474493,3.897523130364182,5.173422136356044,2.960564402687857,4.957326077220559,5.350556417777655,13.079861580682515,8,5,11,17.487208392522955
31.04583297183879,69.84073368405615,2,5.774094482938173,21.345146257165595,0.91526190399588,4.30394791877585,5.379689258872013,6.694129145425122,2.306390051696377,7.782985359152074,19,6,10,16.981513737376083
34.912087259798135,50.30207195551295,6,4.178218528371196,18.211170012841066,1.050872070732733,2.801557859102716,8.960113983452235,1.48507032834031,0.4892296407750558,14.323091947846393,16,0,6,17.220474258549874
31.849856533384504,86.13138136553144,2,1.6580623603029232,21.5398656281976,0.33907861919443194,8.413695352490652,6.649552895123479,4.970504077459692,5.9693647313739095,2.1720748819719886,3,0,6,13.740150488372262
26.598621547802964,84.73245427495092,1,1.539879902774568,20.622472549738074,3.901267268619777,1.9975139753295013,7.3101396952766216,4.5741092907704495,1.0816812327792973,14.800012695108599,16,2,3,15.953540479537207
31.45933244788865,42.56090396304593,6,7.074619902218547,18.144226179998455,2.8254408353504616,7.212412749928592,5.640943157497011,9.157504769232789,0.29269090559231614,12.606485921814988,2,6,11,23.201310776682288
23.50762348510837,32.36505510722178,5,9.746718955162564,23.546572512944838,0.04838834996560415,4.4579165102800635,3.896803682433795,9.957013945753053,2.4639215844999938,6.6142096282851846,19,2,5,21.948235499332355
24.126269975564256,74.47852250104573,6,2.3309407086205636,18.06340123244288,2.81725611031615,9.9849500714727,1.722105904325855,6.544744466317358,0.7287811277605918,9.739726281541566,3,2,9,17.997985894296576
33.779703198415866,79.65661568094919,6,7.731486008314899,21.46723006126693,1.6165444444547692,6.113990201697726,4.254785509368011,8.548591556204268,5.872400306554778,13.239865158018292,8,3,7,23.618914404092067
26.928390328031643,88.07187395708132,2,0.876067024504652,23.770744485757344,3.8701987669413658,1.041896038237684,7.982383394566382,6.468819574369336,2.2847631363735763,8.260778590046183,5,5,9,14.533822823459174
33.96760681036705,83.39018364529863,5,3.815759190521817,19.425626981898155,1.1095500086495722,4.195211891519995,8.805329075085846,8.762862554309867,4.954866797454648,2.663646255846008,18,0,2,16.012490268807994
34.44844747336557,66.03208609238489,6,5.06688152808257,19.52507444546158,2.8411453548555934,0.6629898038519577,5.630178526898563,4.332720518982978,1.0596323370267056,13.748049068715606,6,3,10,17.03291548753506
35.15124675322568,61.80314035274285,2,2.687469452897683,18.002538771360914,2.509736601497583,2.8565563438911457,7.739967294996548,6.079898578336359,0.8328885405011097,8.721211209408224,15,3,10,15.15286388153261
36.332704716824146,31.670463075755176,3,5.295784165142504,18.398107031927886,0.04819989958499482,3.4331679488110467,2.526492982611027,8.451695231534469,3.895758780287317,9.087044135620037,14,4,1,17.36064638132984
26.619704410265925,44.79938681068667,5,8.826144276638544,18.269330469462528,3.540867717329494,8.531766083396029,10.320795848687476,9.180857202209175,5.455860814859011,2.178336297082973,15,6,2,23.746054682944415
24.377336366422774,57.576885103975584,4,9.444379623549935,22.935937702130552,0.558450641411866,8.379874766075357,10.391237408117096,0.24682733317183292,0.6872187297599106,3.300858909265517,13,3,6,19.94768736900196
29.643974931882276,67.71023400501407,1,1.0055695437304946,23.020425419669515,2.6543551159913323,0.11557219983401201,3.843935127270304,1.0395269228754456,3.5355237939895323,12.106171991916273,3,3,10,11.865577994295718
25.423448468752554,63.43510999910464,4,2.718459339842023,22.360200505107137,3.102193803177156,5.3227861500509235,6.572546871539126,9.311720613381269,0.5096369485079097,7.654341532772159,22,2,7,17.316983443827358
30.021483336004657,74.55815938090143,5,9.79133917517725,20.11647007510255,2.523710585993844,2.2354375560328243,7.279944340982631,5.685087697345313,4.872977664071318,14.974758067413534,1,2,8,24.622735459075436
32.11171725287649,46.78601585322245,6,2.7041841040224366,22.927526699333054,0.38845547005463565,3.2009309804555572,5.669160465415679,9.90192093933863,5.455835481430215,11.04380978427296,6,1,11,18.3938429880514
31.768100369842738,63.89715645914839,2,6.92707351143441,21.23864712145729,3.9007165450187644,0.2165128552553519,10.933705842693445,7.926330427168871,3.7727658193466005,14.344814877081905,23,5,6,22.14357300705345
25.491057740402425,35.28853460344753,5,2.5345369387036465,19.82586165887954,0.9472716580848894,7.49745865445313,8.876603361518185,8.181401837431444,4.130058615247679,5.6315776610135,6,6,6,17.63771068549809
21.337204033975055,54.81993141499242,1,3.5636559332103825,20.623660614686344,2.511459079775476,9.505897757524014,8.070125911304793,3.861225076510072,0.3326187876721354,4.289996345675551,5,0,3,16.007762719212362
26.61058676924415,75.00964997727607,5,1.9127898789689746,18.394606619007455,3.1887122330452446,2.192670403138518,6.241118658428487,2.5754138783499902,0.4378631213164974,6.89566253124698,19,5,9,13.731203325283653
20.851882881638176,71.60405120574265,2,8.563001936971451,23.669452120499482,3.7569440396260467,3.4177286704783247,1.018167959264908,5.982591739818802,1.0780233359563205,5.441991091563448,8,3,11,18.74200662507941
35.801940703676166,89.43856423033074,4,8.82648763819504,21.71469850411104,2.4160421170236313,2.0643399472986426,1.293856531441159,8.790320986349991,1.6429708039912636,9.973753847025282,16,3,2,20.4404369308128
24.91754921475715,46.67346755926536,3,2.9691250791543156,22.387404869583435,1.0362165966524626,9.300486636415286,3.588106346928231,7.25698508708314,4.559136701039123,11.677746600737335,20,0,11,18.382176555240605
21.089194944466477,59.891357950438746,4,8.2358982417063,22.05950022251926,3.346556069627866,0.09355967907426765,2.538267220426961,4.72175140173945,2.6125754820773945,7.227267668250326,10,5,5,17.292419774758336
18.508955198115018,49.771824826439804,2,3.5824165003698405,22.006499907125885,0.652879863800286,5.8386228129103515,11.430371662895931,7.532004760410383,0.46949812048017914,3.16799834883316,15,2,3,14.944214079566766
30.916447725729686,56.43618684355049,2,0.990194228951583,18.10356591298344,0.08912971228428246,8.707639611221499,4.917750223820785,6.903976232075948,5.115870373708107,2.342315499031578,0,2,1,12.83236898578845
30.738046349094866,81.41700779216329,1,7.580763972920734,21.15222767870908,3.6325954337696067,1.863071741153468,10.519265263905023,9.130514249049291,5.9629602154617665,4.834360189633159,15,0,2,21.566515760119085
24.812083331625836,71.0525445113092,5,5.964462488988447,22.930261371753204,2.301555832218424,5.8999529136208215,9.816956203994778,2.6355722313150345,2.7301577562303603,11.52233666677019,16,6,6,20.88278128314503
19.43423777695302,82.94647148085491,5,2.743824436707504,18.2671131084696,0.2785659632452746,0.5064810486488491,9.750843272845138,1.193114592570097,3.0705840334534287,4.880181372962584,5,0,10,11.812686168638312
26.19257789790464,42.21066649991319,4,2.52999740511847,23.73699410332962,2.318917548492021,8.145851335678094,2.5884903017622185,4.700511629722638,0.47105663520579055,13.842665408491948,21,2,1,18.015300482562733
24.22434990126787,82.40166707048628,3,9.756233704823213,20.544958098035934,0.5800566732897945,2.7442912277293816,5.367861756009785,3.6108081086215114,2.2981045853237863,10.471365620765093,10,6,11,20.198069484344526
31.542412794700187,33.58573645070307,3,8.625010408930914,19.739372952308226,0.12554402558746025,9.887534171952607,3.815423899765674,9.748611470669783,2.2308261593406993,13.207165283159492,6,0,2,23.062586737650584
30.115584989053808,83.31595682622915,1,8.097983293737647,21.190928169851656,0.4660961899630167,9.220096204897768,11.644932046067037,0.07504187666253603,5.794749077889346,7.015591422510555,15,6,10,20.165560115757287
25.2918745639508,49.744426767643674,2,1.2801770864166562,22.80728512705822,3.100429714023881,7.3251596993271395,10.52093161554804,9.333830619797961,3.9625890549615805,14.786148212799676,21,5,5,22.072532702078757
22.357851085099803,48.875258004843985,1,7.551872742482605,20.848530370611826,3.0226436192543993,4.9684264137149174,2.9990839316771165,9.55079222499964,4.693098961481529,10.833479341769209,1,2,1,20.697312579121363
37.760719323111836,60.725314601919834,5,2.1454022120328653,21.870634059518352,2.4172725396611328,7.665891118609018,3.7622443297219386,0.5095837676845605,0.7699923035885357,6.640478381583112,19,0,11,14.234872406214613
27.080032423922297,86.4414112633939,6,9.773889432082408,20.99948632720116,0.8373131596512229,1.3060904754276215,6.346910850933893,8.89569851145667,2.5015612904560722,4.763008726919109,12,2,11,20.163046508490783
31.765484715604742,32.86688188088432,6,0.520891879622577,21.787633539846954,2.9558682631812343,3.101996396141712,3.343269421576592,4.707788396314428,1.1493168138433842,13.264907307016632,12,1,10,14.659609159939198
20.811059351567216,51.133858504244714,6,3.5213848356024355,18.82818549117982,1.6321810688602705,0.26896388576857055,9.894359599042936,7.6615073645386635,5.161133869704828,6.13527758638041,14,2,4,15.357543352471797
27.711793993187957,81.39431932100015,2,4.286478407787152,18.2319803170686,2.04301446850536,6.450246416097402,9.830775334857734,0.7925553113494743,0.9142342515468034,2.5767351531923826,14,2,5,14.471125355009026
18.55073439738931,53.763268646128004,1,8.242029115622545,18.821408434184356,3.5905627733052854,8.055376380815144,8.692085253951184,9.552055941180805,2.633227314017155,5.622563265635988,8,3,5,21.776003023357426
28.109102358209,41.94941385582402,4,7.6622281800404615,19.715028867983573,1.8314300949525015,9.462855535131677,8.271722457072517,6.075484750540642,0.3219016905225245,4.332867809512063,17,5,5,20.634751001974998
37.28034814235404,55.48765087988471,5,3.749921449465896,19.52013637468864,2.5054646154059625,6.865071850502412,6.567618089939297,8.986943033195438,3.805765765202631,6.156505807687858,13,6,10,18.480259369276375
25.684134259716004,53.13315008950016,6,5.655602934580408,21.691052097963883,3.847005967351632,7.320912402227293,4.165347085299807,6.7296309420994715,2.8915484996865652,9.972460335115215,22,2,9,21.79389519164299
18.779920251498233,84.9249720880022,3,8.355951636077304,20.735336544805445,1.8055595953359895,8.95455778234951,10.043261433278909,5.368102940564082,2.987800634640669,8.505614536703746,13,0,9,22.389411334121444
18.61911581838687,75.71606254458582,1,0.18199592151052713,18.23287188616108,2.242911592770761,9.363780288581262,10.305986055021268,1.724956843264327,0.6097134635506578,11.241054970449982,3,4,5,14.255820852022305
25.759735198937392,60.306933344640385,5,8.021780995244722,18.209195437902153,2.337658499533792,4.912975498697057,0.5941136263700089,1.7795413020880047,3.083887111302413,6.339817802277854,13,0,6,16.919595306316477
21.20049872926388,89.30223400329427,5,9.468960253420422,18.543528012723996,0.9628462354910172,1.0978738970827429,4.7834329670889515,4.725702919530292,3.3827009446953338,3.557509457269518,9,3,8,17.339649938372006
18.467041926563716,57.9166518765554,3,0.3206452148417116,20.118486944405195,2.9476882491318097,4.664173098721572,0.3195309654026941,8.704422156413772,5.777040520063994,4.083481022150976,10,0,12,13.440835870302262
33.124272279003534,33.494269849216515,3,0.4558098707818259,18.037097705782376,2.9065481130953903,5.5607386287228975,10.073728736395616,1.1521867788185625,0.1993360997130389,12.364675941940089,21,1,7,14.53527290132364
27.170460177637814,45.73645930889909,3,3.4451400556602008,20.96392359258084,0.8542269659827282,6.3154477139554395,2.125118958264502,9.983851496257438,5.536281656949379,3.2738785498473453,0,4,6,14.913894326126599
23.78489543945309,56.16422881315876,6,0.8776956376767453,20.164017985855814,0.053352179338050476,9.892845573092735,8.086401177798393,8.759122565014994,2.877386747589508,12.375640829923718,13,4,4,19.23752283118421
36.00166366032961,39.414157448767206,6,4.792760802938883,21.332647814644957,3.995766282273812,9.175632152907706,4.28850981233244,3.9255877066465352,1.2606871529458452,4.764181556252744,7,6,3,17.85255138600821
20.322779204010512,86.85390757944258,1,7.2871068508977865,22.324951368496805,2.3263509318427587,3.9636420274572846,9.79278543878598,2.5311833075776513,3.993276497707351,10.819260034345401,5,5,4,21.01671642366735
37.11837657910638,76.01093386906638,3,5.668992350318177,19.505836892879127,0.7241281695040054,1.1345368627070984,6.116242803045174,9.219960951656542,3.102313303517758,10.100251753515046,10,3,3,17.108684472646424
24.279334347547056,46.09723202566636,4,1.9643190907274033,18.94250188577346,1.1342619300587176,2.14791598222671,3.8928230934186816,1.232116192366357,1.360530098578369,3.2773856778857366,13,5,8,9.861871762101186
35.768073446173624,65.44827201107495,5,6.548113000303577,19.668321335780327,2.4711681688363996,1.7379962283342054,3.886448007008885,3.4728993541916453,3.7609610750134035,10.65622552708997,6,4,6,18.099451205147382
30.058857529589233,73.28694942657432,3,6.848544791789158,18.010579091711435,0.5504623241923214,3.5601272714899657,3.9231269090589347,0.8391234849399365,2.8395736511092693,7.8175973969725945,21,2,6,15.937551568613644
34.53414719482975,86.47673573440788,5,9.324459556850147,18.720077733154685,0.14912254843582584,8.76489283945232,9.462950603031636,9.534622797312103,4.1340877101717215,11.193105171654699,6,3,1,25.456157005736266
37.68026326420929,82.89812095052463,2,1.4679689737704904,22.504982182118006,3.193919337818974,4.3796850614871925,8.533387185920082,6.176229486753874,4.134461568776356,12.861160291504863,20,5,5,18.955807230672196
23.768108756374914,60.911533568292825,2,6.923361649097234,19.33684105440171,2.863384977407667,5.672773713978572,3.830569288158396,3.3617964467343873,2.8368919140654256,2.5134917996695245,18,1,8,15.597440411467765
37.22270970815186,76.47915718758105,3,9.114272188531475,23.965797802824234,1.238406592531934,1.7916687483871485,5.882497067323236,2.754831653703942,2.3447772655298498,10.423516814419703,21,4,11,19.029277124012648
25.789637898048408,63.7286852296551,5,5.015641533206342,19.006989128188856,0.23396551109827657,4.928482809843965,0.9138406263519046,4.440942935430248,0.3794654485621054,3.364451758849153,9,4,2,13.900096452807023
25.710238094738447,63.162233402732404,2,3.617996798630564,22.73263029339296,1.9450836433923104,8.73627721400292,9.930003220313077,0.9137847700727086,2.963079587765057,6.925382467158814,21,3,3,18.169227903414736
24.807742085090112,36.884517500291516,3,1.7074949422115826,22.230266830953205,1.1047451597022357,7.734632635180768,3.1914577133249513,8.893489302320821,1.4586901745305685,2.164820578354925,8,4,12,14.471720876696033
28.8281521469517,37.568259480969125,5,8.667868864897576,19.932792856897844,1.591116869254591,0.811907157990216,10.670701702064362,5.109403769507271,0.31948478775390865,6.2723695479412385,17,6,9,19.633249275693483
21.08290086356974,61.77201690134744,3,3.9424637484059444,19.98443486139579,1.0958773855024115,8.620722687501152,7.1615603161551125,7.250981246833042,1.9822813826246115,4.201613040764261,16,4,12,17.31563039035479
29.074229707160224,46.131692698740395,6,9.248824432676923,21.38130948580263,0.7010704797036973,2.7382809741992653,6.813841946592508,2.3374584169443215,0.5248141123668306,9.231435833007145,12,1,4,18.89265113729141
28.83409624820008,31.262214147628118,5,8.477582981307762,23.114244584895353,1.5479591473455554,6.657162493399673,1.9526249077706588,5.037492608766879,3.4784509375714134,8.659529319755475,3,1,11,20.644756088553752
33.2380362520974,73.37035223401273,2,3.7663985179719575,20.317121664716787,3.8595764939112613,1.4638290514273133,0.8344243150801973,2.1108613632695583,3.0220143882784596,12.31256746394919,20,3,10,15.156519892147578
34.672999238751714,31.949195801409896,3,5.739143089462625,18.36707928551044,1.0649114680398681,6.746443700858022,6.6313989717819215,8.160946146205971,4.754573984376526,10.31949707546749,6,4,12,20.13149972773039
26.80882700624848,65.71661046624328,2,0.27174036293921455,20.24651506141378,1.343866576187938,0.3570142885716332,5.615869479062688,7.752750098410392,1.6058012618354978,11.290136484468398,7,5,5,13.058349053257855
24.046664987029875,62.351627647638864,3,2.632214028671347,19.24387603945645,1.3169681340985226,6.006447010702178,1.4361964029271514,1.4820232419639945,2.2291743928200165,3.202241008165782,15,6,12,11.421972855432031
23.186697946341887,88.12888143466827,1,7.102728485692497,23.635242102390105,1.9211552791621611,6.459401707613442,10.02705267021824,0.7450690073606625,4.133702331830438,2.3609427521313897,11,0,12,17.437338940860403
21.89247673409744,59.0527883608585,2,6.779109458462668,22.183646078255684,3.3740221551711342,2.4449671405906415,5.00688143010858,8.241967365547197,5.957667121389068,14.604040015451394,0,3,11,21.171884844445643
19.152951643980497,33.81608618266784,2,3.5336945954175105,18.30499598528009,1.60849036619858,9.3697608971048,3.1254936046906434,1.0964790473926378,5.425018544678728,7.551421310609485,5,5,7,15.119573269189297
24.848959576694266,63.1012780683877,4,8.086080319094565,19.75793122357564,3.2245918561321676,0.4597238720047947,9.45926511775666,5.484839806853355,3.124949390660867,7.134666792832352,0,1,5,19.078835526622857
23.404953842615665,80.46577023696608,6,2.358360518998711,18.301295789524843,0.4600484377301486,8.917093267849388,10.956769881323243,5.3448729793140695,4.067683775199683,2.4551613394270633,7,0,2,16.030700709041696
37.32834771732814,89.8109570568864,2,4.612705331522716,22.980100022248717,3.5796288187284526,3.8189748764253095,3.671552438268482,2.02944068132156,3.191533959455875,3.545840480296871,11,5,7,15.274791202364767
29.154176525000878,55.82059042134435,5,4.725306353109008,23.437778411442963,0.7412163340957383,7.139147417025059,9.311398624819766,5.913564658847827,2.6088331914267737,14.226161058292043,15,5,11,20.85107622308256
24.945540780610152,49.21792454980455,3,3.4081676887001713,18.673677635034448,0.15680599633010983,6.515484273479355,7.830235884102161,5.0275520746460325,3.613786137229778,11.032985857571216,0,4,6,17.256702632700797
29.60935201987392,84.39919781711993,1,9.546661011251672,20.641740276052175,0.6334179215082534,1.682462160279955,11.876733405049102,5.091892223731389,2.318995351953424,7.319756644440544,3,6,11,20.44867716302798
20.78393402691391,41.47452774456728,5,6.966840335151013,23.591299691018556,0.7629991651626078,3.1899927558985874,2.4479124889347306,3.596999764246691,1.6811301344463643,13.75829372546768,18,3,9,18.387676040752503
26.88087498404406,66.9257349019756,5,5.3919933532730155,18.871270120288024,2.0340165104534362,5.296734809125338,11.528147934077452,8.384285569251674,4.234043416810108,9.668606970073442,17,3,2,21.0254219262955
30.524686428421276,54.34286545085686,5,5.1051509338864856,19.75142154393789,1.799753171012223,8.465102703846068,3.783264680518676,0.843705628682494,5.231840477284178,11.70408463161133,7,1,2,19.19862231758773
27.77795663584903,32.46494189733332,5,1.5929609247109655,19.825647901035936,2.8634976677268345,9.548600759354688,4.943451576851667,4.386230478486693,1.7281458363038913,7.61079433316141,5,2,8,15.781377777557939
26.035576013086484,50.837308458341866,1,3.7218689706809824,18.18034987321199,0.2038043431746539,0.20586633337241755,4.3059097697464175,2.5981635816451965,4.241349706433323,7.609864861035309,12,2,10,11.342847727369234
37.87696777799397,45.913711350160476,4,6.727733147291074,18.217639408139945,1.990825005504338,3.525582554710086,3.2214083650605105,8.484332519621812,2.6041140221475043,2.888556497185961,19,2,11,17.042354733079783
35.60629524297854,71.16546923660921,6,9.245702196867336,23.716756962497477,1.3298849076935233,6.681439245824627,8.318670977163523,2.2508048405255354,1.8125102231074834,11.541652499205538,2,3,1,23.09668073625575
30.468119163188803,86.9274298615151,2,8.164640593918385,21.426555653917525,2.522825328364034,5.277294332426671,7.069743848710135,7.670248235658001,3.726665871259124,3.28852624498535,14,6,8,19.79397540903025
29.387547223645655,46.082831242718264,5,3.0038980395997115,19.839889928571708,0.17479889650007374,9.43022115856759,3.6683033483051575,6.115153223922026,5.636486773464922,11.935476046959307,5,6,5,18.644348288452278
30.413209596491683,78.68795634910092,2,4.339566256899333,20.27204796423951,0.13973923567263746,0.16969434535947792,1.5865494782193155,8.747902553800294,2.110148887960524,4.481155142469415,5,1,1,12.160918792743795
22.026242156448667,33.32158901630457,2,0.8291752071279457,22.289057573070146,1.7090064055851864,4.377393986176359,3.808507652798481,5.93793942921077,4.5568758130783245,5.215774271825009,4,1,10,12.988668903242054
25.902754865286372,62.28726060238879,5,1.0217232303558077,20.19910322132772,3.245357916806048,6.688038478046222,4.5747757402061975,5.5648436640351395,1.8881884948635823,13.932566822864642,18,2,11,16.938762001451124
18.789190657817986,34.23300382259367,4,4.702303869987151,19.36656241855973,2.6843762565410985,2.1758371386795594,4.5678413174528405,8.01129939581513,4.8232102870896485,8.130379638258752,9,0,1,18.07781088714462
27.510920749736535,86.04197946783836,2,5.302194068171001,18.611024049598797,0.06682436764626365,7.258713861149484,4.287114405151085,5.624864664982302,4.559908346365415,3.6281528406624277,8,2,6,16.148440123745843
28.860491679153263,75.98107683344341,3,2.6402709569691396,22.373598070308223,0.7138883768564894,0.812286282213085,0.5846700746776428,8.445420589800381,4.593796629750555,13.766060143754627,13,3,12,15.516807119681886
22.554994722064194,69.47699467227554,2,6.427826891859413,19.08339010005135,0.9069258580697719,4.510385294813154,5.568397294818204,0.4931802980911759,5.986248408011441,7.881161249874937,21,0,10,16.294554485374398
37.28057694331028,79.43378289747986,6,7.0338068558013775,18.417889619557787,1.6922357101807788,6.7623495619070475,10.034497166943684,4.951498536605241,0.8431054308384867,3.697167272390982,4,1,11,19.23533163796593
36.18909221874484,68.85118773420979,5,2.991161316119577,20.561726672978864,2.346862735687198,2.6675712824048157,2.164395502302222,8.126915133777429,2.3330353987361683,7.080698629920024,6,4,2,14.156651899369503
32.44286470911812,88.13666383045748,1,7.584247257075418,18.23742577086812,0.8658406955891587,0.7384641767526279,1.7478881211294328,8.483651469155348,3.784872999950493,9.661280289736194,16,5,2,17.410467693730148
28.66773257530725,72.83747687188628,2,2.0560491903913336,23.78998835005732,1.5300568978891906,9.570216097994429,5.662212662937734,8.340553774093673,3.5428528346612618,6.71044637977381,22,0,1,17.895517753881155
35.3993831929537,85.4795165749348,4,5.442513772755738,21.76375780544904,2.3357735759750566,9.138230287952627,4.4472361458001375,6.043813196115638,4.683798507637283,14.01624525609475,16,6,1,21.64161732287747
20.61304687646926,61.02791352063828,3,8.042810935621732,18.916180862679365,1.5337412156065962,9.263699116117328,6.735367688562611,9.939713421401017,0.28145749047526003,5.505889708265772,8,1,4,20.611307260608566
33.8101958854977,37.02386477891176,3,5.370090856825554,19.034724518690766,0.5726776855385287,9.78502383297728,11.36489171595587,1.8138630780568121,4.230307012645688,4.285730402134023,21,0,5,18.195791750875824
20.496416279336966,61.69066328538103,1,9.079627185210505,21.418970881637073,1.9666445021528944,1.8469805441137155,9.130635003993657,1.744575793875347,4.426343739734039,4.872365231288207,22,2,4,17.491237595712693
33.88421325098811,37.6123696837856,6,0.5850123287463582,20.13939454402676,1.2959767838152216,1.5777599779244522,8.244697838175574,0.32822674524508266,0.3666066957080889,3.0887493057934634,6,0,6,9.999792791525824
23.51535136502714,65.5496087505843,1,5.883138454914718,22.645600465126282,3.4567534502193427,0.34214586207677034,4.991243332724144,9.893371762556226,3.2320941433911825,7.879849744064801,0,0,8,17.912529704065015
35.541811620363774,58.94958363165978,6,5.617554525443901,21.2748389137135,3.1024996323753373,8.918227876177824,3.4483180365796184,3.480205075556708,1.469956226934477,13.418341063670999,1,0,11,21.21184646509847
36.88084187650796,67.3545238699669,2,6.603533285426847,20.600003253149648,0.7611003689347577,7.527628411359521,6.48316923955057,7.6205417953877,4.80976356822798,5.969414871223445,9,3,11,20.68505023743451
20.975919388102312,30.602818863289897,5,8.334068386803077,23.77788148839163,0.6105431653233775,6.332624111184941,10.625322331935388,0.5971031277547945,0.2976816371625266,5.358389040428406,18,5,2,19.11349460721896
27.25351210130787,41.690429499321844,4,7.25853084338395,20.344374337258134,1.3907066932580001,9.276761591861373,10.520910126136458,2.9868810632995646,0.8769848837757916,12.886000635217066,7,3,1,22.376692233633037
37.6197475632537,59.479825914727854,3,7.9028273537284175,20.40366554278406,1.6486980017743695,5.750766144924971,5.346179384990606,6.238473413949016,0.6267226277392359,5.977933120602103,8,5,2,19.18761542454772
27.668148719462934,87.0302136953481,1,2.888167257176215,21.994634526364734,3.7280726052989124,1.2973075272554802,2.954644238838439,5.247800960992651,0.39130623270950604,8.199595734215286,14,2,10,14.008810798569208
35.270950450290904,53.01654242130951,4,3.874973785689646,22.856871504733007,1.206482948341332,1.768644749350079,2.704133403010508,2.0774823969588585,3.600441978104226,2.40609526058435,10,4,11,12.62563359088435
29.774630442626396,55.46232156321808,6,6.267769740462303,21.75728994515127,3.4703374118739663,1.321839303380965,0.40786100111250567,4.6159291279217785,5.211281535369213,5.7319327312003745,23,3,6,17.600922658531786
25.506598158392038,72.88176534039732,5,5.534614719249352,22.19166133232657,2.021237117414863,3.076580127230325,10.111970955551358,1.08781991871846,3.065838747987227,3.697279610777721,11,4,11,17.278976680065654
23.715671110517405,66.22756543716707,3,9.611038749705365,20.237589411399668,3.5424949022295587,3.794968331136138,3.1780564059994556,5.427034722495039,1.2634891314851,3.375999455642551,21,3,4,18.89898159079818
22.064461821721746,47.93556900589999,3,1.8683449993441936,20.876981018869557,2.8078151093143457,7.968390646846874,4.307989692074001,0.9694144305507013,2.06277761095183,7.608426191155043,17,1,7,14.111630941966531
33.235963827553945,54.648983734045665,6,3.512783724511417,19.18221051880778,2.8335558724374756,1.9125391144534343,9.710593691208773,6.359354575595127,2.1621973324203245,5.6053210688566875,1,1,2,17.906405217899355
25.73081013646056,43.06198793143395,5,5.727552332848548,22.08147894419114,2.0751899499845914,7.253651528437021,1.440288621274925,1.5535757808021178,2.7098123859857757,4.163807933298979,14,0,1,16.961526244457772
28.225509244015022,87.9612875478125,3,8.67963769936152,19.328711642560258,3.361216166312559,4.912285021145077,5.534808945771593,5.470858922679588,2.5232301956995355,8.649308513513688,9,4,5,21.139812006219213
27.846509600023637,37.83806289344159,5,9.293485246909917,18.007540772362866,1.0176992209667826,9.996599211282728,1.4680965590559945,1.291206798232194,4.0269075143452575,12.19257177827913,6,0,9,22.076275842568148
29.545580584662623,52.31020707398517,3,3.3603633082759856,23.602572718840506,3.629405086067476,7.765824610448691,5.302182834135895,4.007104336715338,2.0394730262190603,11.553168949410017,8,5,6,19.614680691046214
35.31154291249105,31.55033833320067,2,0.6710846152635164,19.836091447287323,2.547103420143869,9.689529886532927,0.5656748835447933,3.5183154478645906,3.9777923568713165,5.259918120973994,21,0,6,13.198572784259557
37.614786871668585,43.306769516012785,6,4.216196979221851,19.179792254796013,1.754835605970103,3.4235150163532833,6.211473912161461,7.5641069983301925,3.280640705970388,5.4207504089079395,16,3,1,17.54800715170294
26.15168417147634,76.82826830280929,5,3.943441432335071,19.608880385794656,3.928759613662228,1.2305019316625787,9.548516628856666,6.411616446142615,0.2910530823059614,11.514723585361882,13,3,1,18.439363066223383
34.55037844212606,42.07051393733277,4,9.864870679296896,19.982686185711884,3.4480564276465606,5.058958051452059,8.115560097493805,9.370888204029905,5.5180325052987635,9.2431908449635,8,0,4,25.242230540340298
33.29055589309435,34.803804151737936,2,4.310612442907894,20.84727855868904,3.088084051326798,1.24239473863474,6.110028114928806,9.219106519518643,1.0677443614485242,11.651414430148273,6,5,2,18.463374121293107
29.470579029111466,58.467190790671395,4,3.057229993032294,18.41611002611158,1.0956098842757753,4.924517048620648,9.945104545789864,7.249960285613629,2.7091731356351163,2.017749742906382,14,3,3,16.05611691179054
37.12094287223866,30.59815408407111,6,3.65377374534934,18.316038937232705,3.8949628017295908,2.699410261753804,2.733455699510316,7.705857405897918,5.685583207370202,3.132795558205573,2,5,11,16.53095599405433
22.009490310568054,35.08596926557999,3,3.9692628062381385,19.757464593228434,2.9719500113038233,4.910472124280867,9.969555419811345,6.249124165770845,1.483999208611248,12.425610840130402,1,1,6,19.61951015777935
20.185284206192428,78.45755217377851,4,8.21540382196616,19.774596787182574,2.420869136116166,9.496362036219658,3.316361755058113,6.916632307447195,0.13298729123916364,13.064544280086523,2,1,10,22.998764181720443
35.07923933910844,76.28840069157638,2,0.8101489283126417,18.70587736688541,3.6871969160533316,2.890340642234972,4.349836094409142,6.172223686334285,2.940298949564472,6.464722317143204,1,4,1,14.000579463688858
26.782996332674966,84.90832922429377,5,3.165070488750267,20.428749565923205,0.6487267277165167,9.934340493695611,1.5411624199259095,3.117650313013912,1.343587176241279,14.458353166444656,12,1,11,17.686865340458525
34.93937708414121,81.27092615464497,1,9.663184919070996,19.704172009216695,0.556064211057107,2.293294694040855,1.2210570763466264,3.506895825380376,3.492165139227782,5.920402624078919,12,5,12,17.033798605930976
35.8618041039083,70.99053379438908,4,1.5310250479879994,18.15633331677042,2.2548536575630407,2.081083789970334,11.18533822542696,5.747338279696221,4.902648676060625,13.573682122411116,1,0,12,17.301578474095383
19.24915187238143,33.13997143803977,1,7.4260132153258995,23.314324682526664,0.22685438653244283,5.4478852299918925,2.2797389662197283,7.2017692739481625,3.0673194938676587,7.482218103783724,19,2,11,18.22340402190011
35.66929525972121,76.97091707919945,6,3.563935011982904,23.316114108261544,2.655947447468063,8.420449383160856,3.999553860743372,4.061190459657762,3.870176069300446,9.303512559441266,21,3,10,18.80548165511191
26.966381107388443,80.73064865043364,4,5.817855261945254,19.255093517480844,0.9629645524624793,7.495035191817427,6.349820387399198,1.4266780082675456,3.996914374964447,10.36253950131065,18,0,2,18.448809385340653
28.208649780084645,77.94492874631726,4,0.9954803850888205,18.977233368986088,0.47610631177228546,7.235369352959651,4.174405591237543,4.594171683526067,4.923206979630413,3.730407610186462,8,3,4,12.291528936736357
30.531850221864204,60.508742118481564,5,3.0641166735394654,21.28375658608189,1.637983399165912,2.826329411521309,10.441599400545348,9.631878205350558,4.127560853870477,2.482448225480551,4,4,6,17.7690211637022
36.52765213460174,43.9741103189689,3,5.008649416608883,21.784521017888586,1.8637985054622548,0.22516776070323763,10.808577161361269,2.140868679173742,5.85703291074949,7.5484037367221255,20,0,3,16.38575229624424
18.382321888595282,80.7197985413236,2,2.3170065817585836,23.745255344682437,0.6819394555842844,1.617482901442524,3.9118854887222474,6.49069086960794,2.737267518536203,4.084634804503157,6,0,9,12.375116630860827
27.536869366356342,73.62976858440831,2,5.418699430531522,20.264090739838874,0.16614108382452875,3.494733011391725,1.1043323540005616,9.82541798163664,0.30155024116209206,9.136139614218772,12,0,10,15.664728695818734
31.754440848611214,88.84567046333109,2,2.197593140627163,21.70920205718735,1.6562223649552545,9.716837505702006,2.5218988080861244,3.7623771946062967,2.364161420893492,7.897345344530407,0,4,4,14.632621229425922
32.45413915396457,39.34155586535597,6,6.501005526505539,23.26908627482586,3.0381053439537196,9.197774579738795,5.692715048820767,8.878836088416026,5.0392682559193736,3.587269097719365,8,0,7,22.337295974301263
31.85064863074216,43.539874983123305,3,9.043543402503143,20.6997227146851,3.4967990824040864,2.0064458726609926,3.461772506804734,8.640087171760214,0.7984059202280152,10.65520561028527,1,3,11,22.085997133539195
20.688702588162435,42.70788899289016,1,0.8548863735157142,18.734074506943955,0.39019317651639884,7.256224779846957,5.44166685037854,3.390449590252036,4.4156391154823815,2.2664322533662897,2,2,5,10.680467772586246
23.987911767433623,77.5523860572802,2,2.1661603577608632,20.264683714979846,2.0987018520450205,5.790168569033814,9.104441996650472,0.9851732511577393,3.2139687497527722,3.642982986716301,11,0,6,13.696112096395273
25.17431050834027,41.214437787007085,1,8.4442302726033,18.819401560219802,1.0536119552255392,0.4984265008772626,5.047661205308263,1.7853915456678504,5.403996582458323,11.102134870980755,4,4,9,18.421330598409543
34.0887441535901,33.999589789398364,3,6.3155348544195755,18.0998367852117,1.498535478411466,3.717056112985897,2.3639694744952635,3.6574917810145546,4.387138000309207,8.862120457223906,11,4,9,17.988191855385114
23.57519744829106,89.91364839513773,6,0.7870891714256523,22.509318338094157,3.7337673190396257,4.860737403659026,4.295611687019188,9.59134308945273,3.963144663396318,5.66512858167207,3,0,6,16.114039566324294
22.21409927734406,31.48903268670895,3,4.863501151094953,19.430542202972134,1.4082990917825877,6.675741233501018,8.915774617782397,2.7445014504809704,5.321267575790001,4.343199698630292,20,4,2,16.689805202255332
37.14896038076192,80.11464360953194,5,2.0975851501133502,18.012042275033846,1.4613837207133074,2.9490511601444345,5.088745442565335,9.268647459271657,5.4493195637585075,10.349688492932364,20,6,9,16.845618098187312
18.177265702269377,51.92201049303917,2,1.9909639407006974,23.23459414521087,0.8375833029799651,9.338186290544822,2.994454235652463,1.813646856171145,2.309500226611833,4.672756644959456,11,1,11,13.362806237328353
37.95641711363956,80.49692758546891,6,9.406453433605238,20.662733030945436,3.840073672103422,4.518790567036696,5.128939670487982,9.698124256912017,5.567083871064319,14.799944036705307,4,5,2,26.45591805352569
31.536425977147914,63.2772294726687,5,7.61541548076109,19.43315927779935,1.8259494266411336,2.4852962411696513,5.457680252191917,2.9360453539799716,0.3281880111769062,13.30104587094852,13,4,2,19.647214476196254
34.56938598898234,84.0978737691816,2,6.962305935241437,19.576739834132514,2.2815685362270517,3.164280872472477,3.5565264573245785,6.330922634412056,4.575399767321078,3.718053347628511,13,6,2,17.11585303310173
23.892387926923863,85.5715791848776,3,2.3892881707785865,19.443227359830303,1.812672369205599,7.518854286189642,11.948221070316468,0.69691224470533,2.0191856526940994,13.168983318270461,9,6,7,17.040705209289758
18.2863055533412,30.54589087684656,3,1.1857343304095047,19.167336967135633,1.0116763070554566,6.402853675745633,9.211512226663888,2.9966417118731483,2.9243816733942642,6.48555616220389,9,2,11,13.859829240340199
32.7573903712306,34.524730559567296,4,8.708326212853502,23.04735734744578,3.2416504525639476,7.421780214457801,8.309459843449117,2.107104063783839,5.014499316084738,8.369763662752622,4,1,4,22.595628354467273
34.68289194001352,45.02152377425133,4,0.0587956934245093,19.021989806219217,0.11388490350728464,2.923418253208998,10.25840381484173,0.03416668683892232,3.8222323431948872,3.8567158369807704,17,3,8,10.055753577040523
32.80952263907038,70.1589249818101,3,3.880964237010196,21.37112810327639,2.760973720366775,3.268486185035444,7.997030349185353,1.567697877173242,2.744946147200574,3.5414391369667144,16,1,8,14.686888853090338
20.85700574601677,83.29633179069036,3,2.7761250296133353,18.463921468033124,2.3770912423974098,3.9671911655078507,9.491764116661345,5.931036498371909,0.9835994566993851,13.251408558809683,9,2,1,16.894501661232457
33.06855844513938,57.59651707763777,1,5.703762003488237,23.6971282570716,0.5771226027549967,1.88592998495004,4.950307734224676,3.899201732046589,5.635588773062672,10.188729133438084,10,5,1,16.754651001378573
33.378455642152815,66.41838697645593,1,2.505084358858347,21.619883426675532,0.6636201772027577,6.910445449362481,6.004461238911933,7.225709813714349,1.9948648592478593,7.985993130218134,14,1,4,16.23312746834184
31.1708103134011,41.30999116773367,5,3.1120535932830795,23.41891506721376,2.6369023516034775,3.2934951407784863,0.5639565996341926,6.710746003070072,0.6069691417608511,2.4701301328554415,23,0,2,13.411870680106333
33.32231865591172,78.29801003290112,4,8.500398549931935,20.38726667685297,1.248555166653086,3.262362241419413,3.367756696905789,7.992995090079187,3.3848804829787045,13.985505834156907,18,4,3,21.167951306466776
34.91842879355464,88.03968668120818,4,6.031888234045187,22.864032340574468,1.0629523126627167,2.6936496988713987,4.416148910799793,8.670250230326292,2.4376787472687425,6.889146952724179,11,0,10,18.362557588108707
30.272082284749168,46.115935974875846,3,1.4568252732936837,23.121926876695866,0.23662438214911719,4.528278047014254,7.505642705031956,8.198255031236618,3.5430669626238327,7.416439217762501,15,6,2,15.846702436944522
19.77209427939358,59.68955709603278,3,7.264715434958315,22.21769574707202,3.065932357291137,7.7197607923421065,5.570535417526841,4.480608397183847,1.4011797742057928,5.76752388208564,22,0,10,19.284013516791152
27.75255619334422,35.166966630382426,5,2.074592014798784,18.55768479872224,3.5306877412025814,8.356087054582733,7.294059149079593,3.0872773036550774,2.2723731905623215,13.586770258623062,23,6,9,19.20199857795203
19.5529866934321,63.548199387778105,6,4.3300493011248005,18.096480518435435,3.279377406902935,8.045078776832268,8.55992801416658,5.023024629684717,5.8350502422982675,6.479601993332132,11,0,6,19.796966137255307
26.150860620648615,60.16700651080083,6,6.4660723683929335,19.01135803233733,1.8641364780001477,6.21193577611887,0.5126240120120462,5.35128506638042,5.619217254223983,4.265241002164572,21,6,7,18.30640298337765
26.142129782512555,38.666189049304656,6,2.7192953745748727,18.70858054180007,2.13582563432225,2.804275350582782,3.099332964043374,3.13174516941889,5.18629046289036,8.507243534017782,21,1,6,14.175130543949543
19.320196882804833,56.5239727870845,4,3.841068146757922,22.350825985199062,0.9691047759387534,7.3485520580837775,2.0508464705367886,5.400065451397683,4.674725174454344,12.159404570979554,18,3,1,16.90732429271984
24.976410679389588,50.04627912519379,1,7.341495973041509,21.342040924136057,0.6914189576751446,0.39361941742128703,2.249461430051655,1.0577965216463159,0.9393586492080219,6.827400192482247,2,6,5,13.966957165425303
20.219961975826298,61.30985251831136,6,9.379109534243433,21.155705187273636,3.292004699565379,7.981524073104484,6.037504747583899,2.31041795015288,2.801583539658624,10.476599857392857,12,5,3,23.15518817090448
34.164704200184445,65.13926012572796,2,5.29245056959473,19.517203801968844,3.193376642179321,7.802275640665747,8.879745317999102,7.460480868905556,4.367416715265991,5.954915940394715,20,4,10,20.278703224861395
36.95376051928942,30.509734716432572,5,0.09970971556622743,18.92764522042225,3.109439313747568,6.7000111317647795,3.273324407104528,1.8283222832374002,1.5706053950878793,11.356910029609304,21,1,8,14.507222111299601
19.446329505158772,75.66035897697333,6,3.384637512418305,19.239287818613377,1.8534372255905391,0.9792544998557773,9.893390857628546,1.3903784824340015,0.19844527894283392,10.693410356584453,14,5,7,15.887991880548235
37.102304145834026,72.78085751170445,2,3.9863433484553443,20.40166204448688,3.4580310433782366,9.973413355282975,10.709478206502887,2.873431913207635,2.508593395945261,10.849812418493928,16,0,9,20.07939545474774
28.451531986734903,51.977183172391335,6,3.3917362000224403,22.440859240565718,3.704928277403259,7.5640919240099525,4.206406464244228,3.7104911676125307,2.55084837844812,10.396799353722326,10,2,12,19.600367151554487
23.991313559077476,33.176156134129094,1,4.362688611155628,19.52709969921882,1.313377378613779,7.348068310078929,8.176278467450702,3.285486844482154,0.39060154453375984,4.032060331481678,22,2,1,14.707108212880877
19.53724150552327,75.29595238710303,1,6.326662538183997,22.19167800755232,0.8987779671214233,0.6400785252931152,1.4045915290212974,3.7460538486440473,1.923693474836966,13.54388280077381,11,6,2,16.091552803570018
28.012485361408356,87.31050962868795,6,1.2112802699775316,20.949070922429062,1.8570521231039328,3.9870512657289856,8.928339425829863,1.3991234289760834,5.503800358724744,9.614785529080688,16,0,2,15.632571815399434
33.89031088981497,44.409095761320856,2,2.726305088675055,23.31264509106476,0.71730542669837,0.8617299964698144,1.9802865057194254,1.6539515797428694,1.5017808422256915,6.97103178027782,21,6,1,10.86642571993039
32.14172954533396,49.41147682422228,5,5.076480860176246,19.3974873653342,3.5360115405595876,3.610370068090407,8.24898964525225,2.358349795975745,3.4149589035078076,4.24035887858189,22,3,8,17.19064736140728
19.004520229279475,41.0287733689089,2,3.1557330817997507,20.70514009570565,1.3519620003110777,5.704855543571834,5.0628000415222125,4.019920174533124,2.927291881780289,12.1865542998646,4,5,12,15.609460875273799
19.45803670735807,64.61616740069039,5,9.910853381353594,18.579988602994028,2.304687146162307,8.788721883566152,11.141475859422489,3.3589910161843664,5.17275468674588,8.617627814538283,4,4,4,23.232739552183006
26.05746565265274,39.290483678847295,6,4.314314670374882,20.010918855733923,2.3788779836285,2.8293773299449687,5.573526981988767,7.913349314266095,3.9213014624871985,3.9148100538677384,6,6,7,17.144045095626986
23.905809880958866,51.37163660768277,5,8.697991535922164,21.04128266419322,2.0599515213835855,6.234146524822746,0.37083380961113654,5.25517913263076,0.9505769688312404,13.978471124514853,2,5,10,21.87798631090321
22.647686461120955,71.82078083605577,3,8.965098356138645,22.396441286014756,0.6261028376923932,1.6465192234480563,5.768028434950764,5.757010270461355,0.8572123610613427,3.3790716004448127,2,1,1,16.50031926286927
23.62008997817427,63.606958980560904,4,8.3600699972235,19.18846272035179,3.964002560373485,3.539638569422241,9.545984926319917,5.6059293440390014,3.344923365157933,8.81487554070834,16,3,8,21.76040346456618
34.06965486593769,53.187753859676114,4,0.46898240945167813,19.308552770438794,0.6904129169645188,9.472374752363327,7.765011970642199,3.9877505856229654,0.2787981741347756,9.937558158272573,23,2,11,14.586080394904121
36.58456107263708,55.21497610845252,1,9.477467316133515,21.789467043126297,3.0060294422836393,7.476409155827316,11.595782359376088,9.804832987864335,2.3611856759366057,14.986799736913254,1,0,8,27.452654496030245
26.10205389055133,63.72665295739377,3,1.2874256213317692,20.29474670072587,3.165451496220636,5.458057641871718,10.11926988077695,0.3732877714549432,2.394066474908995,3.8319042269125867,14,1,11,13.93546532589929
36.12222004264994,30.35188367322968,4,0.34403627714294505,20.89256920339409,0.5806548334450907,2.516967991561616,6.318619954770755,2.1583777810977756,1.1779987272580237,9.976282564362354,18,3,10,11.687348898087313
24.42991402495764,34.71059210721659,6,4.143696079065576,23.01680921267244,3.7326540461995212,3.797052226438887,2.4782467872647773,2.846546986550732,1.806073256021739,8.19730532823165,22,5,12,15.404519432204047
27.528739726875834,82.8754840657807,5,1.9463403275785607,20.99449980638715,1.9510350505109133,1.566933338525145,0.04529555786547679,8.812980666715099,1.9796894484057828,5.3424895968910455,9,3,3,13.212879535557388
22.520579956319995,34.672739345477446,5,1.8419652966323619,21.91499628365503,2.5155318342707464,3.5346719309706085,11.766028764016419,9.188691358041549,0.0705515949167792,14.248732208122341,10,3,9,19.47337017894218
30.80952084351688,72.40821577263031,2,2.878196133761506,21.940650249959834,2.5687442241391847,1.5063282628719232,11.259836379632041,8.461038198143962,4.835348421365732,12.28096787980343,23,5,5,18.404277674203104
37.57962230349618,85.20228984654315,2,2.4840560524685484,22.82167165773611,2.019820502369203,7.953070330111142,3.2897279289023142,4.169509810736891,5.7446774952881015,12.101751216997833,8,1,5,17.436887118819214
30.069861920867574,46.24101625810387,5,6.847954021501531,21.828836930946146,0.5680881764846148,0.807590899422882,7.658589434684725,9.14623889740177,1.7355991450139914,13.689418589187937,13,6,12,20.199343615312564
25.15628168227098,52.22948622357086,6,1.8677730663607006,18.388858953923176,3.0070134315651966,1.894054798071051,8.750874754633845,0.9850809622189383,0.6719133459151949,11.425572813500617,23,4,5,14.727298413565952
30.956348919810566,64.13528435068298,5,5.431183051972585,20.05303789612104,2.327143340493969,6.911667297807539,6.936161532391139,6.52434700282305,5.721312859110019,8.587612992562915,6,5,1,20.944481383443765
20.45841356930775,82.90253817831508,2,9.864265461435298,23.93589710105526,0.47472246102953397,9.025167124205788,10.115540098057174,9.372237775815247,4.443306126953716,7.089974565259386,9,1,10,24.55610171221896
35.77318160530797,86.51433523562521,4,4.323824209562889,19.17906173284751,2.8012878745344345,9.645916097676018,0.933895781184165,7.548998400721015,5.346854569484577,11.153735850524669,0,5,2,20.375002607432826
28.061679015596727,74.37379488667608,1,6.418731087954365,21.520374470488132,2.811053043225962,8.360229167407768,10.757928409802561,2.7786716860223626,2.1652569082495714,9.836553435773078,0,0,1,20.056094426029876
26.98699484079284,35.19718565128164,2,9.693716777298736,23.05764383926357,2.1939457843836605,2.1147177636622496,4.704228133997905,7.175058177679842,2.9043736545750316,9.057394196930446,13,1,2,20.707216083172312
29.717295769070383,70.14924933209105,6,1.3763899804136426,21.519351364484123,0.3621952411662721,2.857112858320497,5.768280258897498,2.947633695626637,5.581438236511354,9.657742953190015,7,3,9,14.832734125617561
30.49567725578805,54.618223312359724,4,4.186070092930494,20.233621548760063,1.410576124546917,8.70752352998553,5.3368038050600655,1.1158211421007203,2.7573146826524777,10.519518704052555,13,4,9,16.82935629581185
19.43551612453026,58.242059969463696,4,8.501924001952542,18.481371376306235,0.20369643050680386,8.893329647441108,6.375434675632259,7.172215338337589,4.032571763455479,14.593154504996749,6,4,5,22.884668080489853
31.652344424468048,32.94890342071062,4,9.323056827448799,20.16998941521657,1.9103840753055654,6.406531658201125,7.1780216626290425,1.7922664371394659,4.228792768859063,11.791054800737477,17,0,4,22.663639525204584
22.83863360631059,41.46372836078149,3,6.012360579589052,19.09240506944574,3.6257885275761734,3.1364109918686998,8.524121195750302,1.1106493881569146,5.022683055363944,4.29362494877982,22,0,2,15.866308713211822
32.279052650131796,77.43081645201886,3,1.4342060254022337,23.76517689769188,0.009011930451694905,2.2405666304597673,6.299284068902449,5.51760054648486,5.851073946668007,8.067994112253634,8,2,6,13.542297684966883
34.450695887683935,57.237529982871585,4,9.014715839476551,22.29019104934972,1.0665546121696488,8.522826992627463,8.217279072106683,6.20625258930853,2.009395998599704,10.81714178712186,14,2,9,24.06403384413948
34.079170151050405,48.09973449786893,6,1.7444656619094256,22.496298926159174,3.19943640459234,2.052549984497558,4.059569323088407,0.510562844564254,1.4847050959417403,4.283501143694507,0,2,8,11.5976794074834
29.050019348157782,53.041144437897486,5,3.5287784833211857,20.615815596002268,0.03944333528642607,6.61804350682417,11.240170443095842,0.04468887999136695,0.46623569511251906,14.125185346877494,10,1,10,17.145699594264677
28.40339784621502,81.26397079954081,6,3.7550797776226172,18.659788968790238,0.04069374818402682,9.67953342734132,0.77437223759723,8.820703303931518,5.139225141219538,3.0013288287330617,18,4,4,16.634207802613037
20.857519226788234,74.93994104429741,3,4.472915398726281,19.600298917003926,2.4432743443775964,7.052913924997943,6.546487302733123,1.1525256096304293,1.7560792314037743,9.942781718636969,9,0,6,16.345212132657178
33.506923008062714,46.33892383086497,2,7.901658159309496,19.55826662439798,3.156799027194338,2.576703131645975,1.0487541122605761,5.838980527996553,0.2976767720862541,14.68715950904863,17,6,11,20.147894856697878
23.428187608934287,37.0501104127424,3,8.021443781024846,20.92067610480926,3.1060216698666827,2.8250590127444486,5.313204432443165,9.535462474208913,5.191622836914879,11.46228781247397,21,2,9,22.353804530346494
27.93390845635893,45.1198932986443,5,7.196550732781142,20.765878720160142,3.118312082997148,0.9289477542090541,3.0909882918339586,5.119101159104201,3.0594565670546445,10.804356266107131,3,0,10,18.87581867575653
23.685481858550332,85.24538706328403,1,0.22128674421581618,20.60044930423104,1.4440253792706628,6.862374899608121,11.242841394991771,1.3979800917771035,5.029879227297887,14.966465254614082,17,2,10,15.128306839473243
20.676567259993863,64.89533027098531,3,5.648451022171516,20.975864800156447,3.530896577097835,5.184356814637994,0.15690463663132093,3.9348450322211495,3.3268917585934803,12.293366564697472,17,1,11,18.200069047247165
30.591153937834733,62.008812524686974,6,7.474929558814,23.92213849188885,0.05134240558694758,2.0647169953616706,4.694443573697485,6.240421478444827,1.8823784925880025,14.61381461529754,21,5,4,19.756616153748226
19.086640696458076,65.78361598154768,6,4.446252400615428,19.7901217839173,1.2487549470892017,2.2766830054943012,9.384512996483455,7.628396370692055,0.7786895503309488,11.085598941788708,21,1,9,17.274813643365146
32.972904682524,51.96169594479092,4,9.449360453653965,21.691614962061525,1.3487507793415596,0.09024554767183113,2.261536951817589,6.069379945705304,2.6229690766226867,10.650964065477414,19,3,12,19.81237671925485
24.351735905222334,78.42642121917076,4,8.23810521880351,19.437046464241828,0.6622845032781646,9.784193991066461,9.787058455995036,0.3431573450169789,0.1592942555608854,11.913377211726564,11,0,8,21.28597236941384
18.002693860089707,61.397174958014986,4,6.381550654868308,20.799637595557094,1.3449038919683969,8.280181855409314,10.316701053897885,1.431028652649431,3.614756657056178,4.453802042241822,8,6,3,17.39866748375201
28.222582784744596,37.004874166127735,1,0.6242518368251337,19.20029539887825,2.343536520208436,3.941699505282231,8.49603599574924,3.7180168879499353,2.5659878202778823,12.475204896239433,17,5,9,14.384605039924633
18.937038170552064,37.743907489743776,5,6.523462475831382,21.349153411798547,2.08111725078953,9.460898507940916,2.5088301891140494,7.057136853259788,0.8491418048492207,14.611824275680954,5,5,12,22.124939453088224
23.52339115641799,62.2115487901571,2,9.115796012522189,19.590070718902005,1.2777094343381594,6.771199391544015,3.264463878978748,5.843279749472046,3.1814069448771223,9.951362571831956,22,3,5,20.768792095455414
32.139529749114324,86.19421308425035,6,3.794453868809514,18.220733500312985,2.997310054729822,7.514625356278136,2.0032167443443436,0.4469498359705104,4.805464182964933,2.160619458915359,18,5,1,14.705310736915571
19.25379243243732,48.50112730057192,6,8.38132525605361,22.891626548836918,2.859162313751229,6.7995549987374035,2.208764846416796,7.968859076038882,5.84880171708139,2.9372010939836035,19,1,11,20.890229991747123
34.78676984712005,82.1724701315531,5,3.13161142862179,18.769530672722507,1.1227859083217617,7.568488319542906,0.43790755770450396,6.0512443135576435,3.164150988504889,5.051193890685902,22,5,8,15.435001143437221
18.076398453171663,75.84573519473275,1,5.701032915473028,20.208232794701434,1.29291357111167,1.7093892813557665,10.287780974379197,8.871500355009214,0.7773057662594416,8.384269621655973,14,6,5,17.616793674163468
22.936477384038046,44.86874657441441,4,6.4842441837078235,20.863065654667217,1.1500807945285105,5.62397997534798,6.342027449134029,4.176530987650784,4.864237114467015,7.378825701572215,4,1,5,19.13914803919548
32.81808112304143,32.18044489897455,5,6.779950375588949,20.594880002531564,0.5154046660448621,8.493762753884575,3.933110686644619,4.902017808375475,4.174731533891824,14.72975600700811,10,5,2,21.7080210820803
24.325402994586135,36.11083590854297,2,8.825493144643481,22.353994582140054,3.0111265718434193,0.1954258397005837,3.4749239527608964,4.055507696354102,5.72382748532605,14.292639516531493,12,5,9,20.166894707814453
20.037847761320272,73.70963603084641,4,2.346222670062821,21.580659575585667,0.18510604206099623,1.2344295338854105,6.536355557371037,7.224545295090177,3.2112779867039793,7.105392365318864,1,0,6,13.902327676478485
25.20467837600856,41.9801842824388,2,2.623695852889747,19.772227096244915,0.6023219764136911,2.456398096610891,3.9202178614793888,7.521308558615672,2.1426234907100876,12.326114230598893,7,6,11,14.17253069100918
23.40786572769051,52.27625523032363,3,7.040409933107368,18.31021799904402,0.42121807099138975,2.9472669672767693,10.364615700124176,7.232423940479093,5.77704072277955,10.272723533540457,10,3,10,20.284998664332555
34.8542380432111,60.10194996038549,2,1.771938124840381,22.605570709519057,3.3013559020973373,1.82703866590735,2.5314892204429293,2.9159929985433752,3.2306674886172404,5.160763829761097,17,5,12,13.29660975466224
24.26695835170286,73.52809010700977,4,4.642704049639603,20.11516276007053,0.17603406154700396,6.2433038993106615,10.587621496954233,6.360315370431531,0.09543405784940018,14.105304326825614,9,6,3,19.569601549790217
33.778649435520144,36.79387339554752,3,0.2003438407721514,23.338348445999817,2.6585091596662354,2.9401907119374346,7.969109436041149,3.385281661438441,2.8420140761022052,5.373728404543302,0,5,7,12.922253618470469
35.8374428962147,54.38198431664769,4,1.4097933699011411,20.370340641619503,0.17789839364321391,1.5809984371359154,11.479550645459641,8.342004118643839,0.014268185594320526,13.314464139915499,3,3,2,16.721972181701318
26.67634839153059,59.10437454856172,6,6.788463850288614,22.305951636826244,3.1457736156871974,9.058261821868003,0.18128689962832123,0.5511616229127247,4.426246879937749,10.289329489631644,16,3,7,20.131554015613485
36.19886287708784,62.44962383829238,4,7.474616034817539,23.637388219408074,3.650856345574994,6.950345315473295,0.7091467885338778,0.3772075269244257,3.3956706813520396,10.074652417758378,16,0,12,21.052079622984714
25.546361079263857,79.101638483713,3,1.1531903323787684,21.90691470381288,1.9473726633382458,2.460587465751247,6.0107351272388785,1.017084245425931,0.6588066719423826,12.89932990595813,4,0,11,13.348677635931077
37.28156832980216,40.300691702593014,2,2.27709550411197,20.48093348038503,3.2181672040491827,3.609536333111718,10.94854596038458,2.023631944631897,4.878067843481793,8.42603266804945,22,0,2,16.391665218140915
19.78579049051146,78.46988710959734,6,0.989044465370511,21.404395612715657,2.8256421314009135,7.407855628886986,8.769539418361742,0.37635359084933984,3.2186234232854787,13.093861343105177,2,4,11,17.495901360439355
31.740385330064854,71.57270566179913,1,4.3341284392511685,21.260671131251357,3.1825411686938687,7.909100735704789,7.465631190231999,0.7161668921134701,0.684362266096985,9.152969998093187,6,5,5,16.4514009820031
27.876280809138574,63.35224885193756,1,1.2611607074463327,21.508920219920178,3.067100798103954,1.764361654202291,0.37922586792220514,3.060564927346473,0.9600652515529717,14.80042220022748,4,6,10,13.47499577679712
25.752976109112943,71.97167222415432,1,4.3729601716689,18.880919913848075,0.8214715349549278,9.365760840737318,4.249965460951312,0.9979068178525574,4.932623111225068,10.579090702947772,9,1,10,16.344853947721948
30.65423757497202,54.721064337099385,1,7.320982558011316,22.19105929440786,1.9982360406191582,7.852719389900122,4.150234714834287,8.02073776674791,2.1329212527911032,6.862787473949265,23,4,9,19.88025992511389
32.07714183268662,38.30385515808747,5,6.833886331434175,18.870259630015124,3.8416567485055433,8.568144371338537,6.505028187118869,0.538673889606307,4.926576455092937,11.923731705275772,6,4,9,22.163698300818314
18.08726539300618,69.94591441592203,1,2.804604868518452,18.087701305905682,1.3741317783259666,1.4385880696329933,3.093933352161142,9.07929446885436,0.4170201476267543,8.628664899492097,16,1,6,12.762026537017292
21.339061774943975,61.48033840113733,3,6.737625492469324,21.74868060410438,3.8819483625482576,1.4336715221338303,3.2058685821331205,8.70839543940974,1.4631543737646242,12.478324979533085,16,5,3,19.816463392402763
32.260921012686374,68.36248803256653,1,9.277121308995769,18.701481433053548,2.3326468457349434,3.0536884422536748,7.450329600921112,2.0838436588064004,4.587495574351584,12.83501466918368,6,2,12,20.860431761742817
31.327708271564127,50.2799268617094,4,3.4752438708491553,22.62246982026764,1.8464456706631096,0.6464641962497297,11.33481051976988,0.7152705276920712,3.8502127255201994,10.019871486937726,5,2,4,16.044704186828778
37.32095010257355,84.41199464039016,1,3.291191536976066,23.195795721004924,2.6310298601048085,0.910673268557709,7.922149243640344,1.055350451557231,1.8409471139595242,13.338449542042852,8,2,4,15.436685498823325
33.220755805015656,65.24219211453462,2,5.714386514820174,23.668420741703557,3.2633566847107747,1.4320715551993723,8.017561487772422,5.590882366642932,5.61615862139786,7.244551312635507,7,6,9,19.00826872567067
37.01545415462676,35.12414905745243,3,2.455018110274718,21.98686177743835,1.576832619402997,7.124297326849471,11.834577760657387,6.009157399848783,1.266397412699302,2.745901147600504,13,0,4,15.648737129741402
32.05081003069614,56.98823944226572,3,6.51578927980252,20.892089357353825,0.13181670045855176,0.3023029164119917,1.8417380048374814,3.155827860758025,5.0986774165657796,10.61442628095668,21,0,4,14.900619836258233
23.961044172788863,75.38136328461806,6,8.32261770672481,20.113686484234794,2.8352251918816456,0.8324478136860058,0.4060172904043249,2.968336682968007,4.174463229370246,11.937873480985699,5,3,5,18.86338859872163
20.10729844501713,77.64807370393635,5,4.59318505098632,20.945550563917983,3.8246671379895405,9.441835361856814,8.946167408955578,5.315012684863851,0.726702452769612,2.9464196805619496,8,6,6,19.01422181747683
33.63647726689871,59.67582316582553,4,6.795073249283824,19.14211337016188,2.499946601105352,0.8365668167234408,5.265449198278466,3.0562804406718937,3.3306937655430042,12.021826644442829,19,6,8,18.64655771185294
30.882984429518316,83.68485424987807,3,6.518854238829953,20.090535886734557,0.7536579141818933,5.374623702690018,5.145880257024075,9.343194945886172,5.579445484391738,10.309102029071001,10,3,12,20.616284447930425
18.963720247865925,46.060106231657855,2,0.38665561847589514,22.307583149006987,0.9929701287244415,6.425731922627426,2.703640516356388,3.826317789030896,3.713376293351704,3.5133461951912435,10,4,1,10.921160641719922
25.201009318019565,54.635921834296,1,1.834162951757764,19.30453782680528,3.639002874525497,9.585935137152951,6.082356486228463,2.1981374877452984,3.172844390246551,9.019221737138093,7,3,5,16.264462683216077
37.13599630968572,83.9158146341382,3,8.9353000181813,19.58440281404199,0.054248382417882546,8.99802717911644,5.306068124698479,1.4596484653697939,2.197939144116849,3.4136473572848347,2,0,9,18.28533235836334
28.008022914204027,83.77540298829473,2,9.388921473650193,22.49596953424709,2.1949866618536698,4.40682767186602,4.145400094155944,6.317081933927544,4.732728844141291,6.1810437464549155,10,4,10,20.563789724229974
26.654582720394092,71.14276612948086,1,7.8043963991117735,19.067015614963324,0.6347105807758231,9.42164061316505,5.312941912061026,3.2666161596461585,5.47835528330185,12.451804041126797,3,3,4,19.643208930782126
27.153992103185878,81.53883282733321,5,9.212481483276946,19.475325518840265,1.1310577408683176,4.322658747979181,4.606017248674679,1.887948325847747,4.519900728858932,3.3102574120109343,22,3,8,17.82626852325174
22.177654480103275,35.32639601737396,3,3.061486509185748,18.105285376935903,1.2279265979730405,6.699187154706322,11.27875629707444,2.758155246349933,4.351496157263586,7.97204154435255,2,6,9,15.463699474457256
25.374143417295905,81.89969857246658,3,2.47710971779047,22.320309597210642,0.8771309909533103,2.596080707181935,11.763019889710023,3.0788157306045303,1.154942214589702,9.874269027077618,12,2,1,16.304500752127126
25.396265119743532,49.23719439301361,2,3.8430018756052,21.707421393398604,3.169408250824623,6.366445258895432,10.078811190141048,6.258334709604587,5.003918051586334,14.22664882273568,18,0,8,21.50188271344093
19.047100403749447,40.69989074569298,6,0.5534199855045285,22.166312715069246,1.3288366959150353,5.381889446086655,11.8849690921455,1.7468150025503049,0.2441751306063933,11.584451214883012,7,4,8,16.0043888843626
33.351352570358365,44.36219018052278,4,8.098716190413278,19.28596657171988,1.381939965062152,6.068310427542452,3.18863314835016,7.328037651157224,4.544168859215818,3.8102132577646755,20,1,5,18.97911485139893
26.33008863807758,55.078110480833224,5,9.841754851150773,22.124258344367227,1.8120272547738363,6.8265120133366155,10.115101319027275,3.048822680793201,1.2652202066893277,14.595290929511844,20,5,10,24.562798771042367
34.44359773632847,45.07152027626803,4,8.240292924366099,21.57825970615954,3.60918115496169,1.734553001021375,4.879548142831452,4.883095906317801,2.923567619906935,8.213449335473031,23,3,2,19.358260453139074
35.006960022397905,49.23405516098994,3,5.549753348525481,20.19673787533202,2.752692128106732,3.0126280097566194,8.953636773333042,6.548390098671014,4.171403682188568,6.80632605139377,21,0,12,18.202583746937215
22.23988109397316,38.098709164298526,4,2.9528197048294977,20.62695486980643,0.2469988166711108,7.362413869255281,2.416711687565679,5.436201071947697,4.554470478432106,3.673245689379017,20,4,7,13.939465720242385
31.14706964340257,47.77060593353991,1,1.9769788854358061,21.40752301964045,0.15704768414629644,1.638239862706824,9.743473076895688,6.622335419549723,5.3285036471648555,14.135269357653632,0,5,11,16.080408092103898
27.445636083259636,64.33702887252008,5,3.6406287179665995,20.95975305652534,2.2655569183081017,3.4424013871895087,1.0015731138830342,3.2259550383501256,1.6955528657691514,9.620677159413612,20,6,11,15.13623626084603
35.603134758429704,56.51122248546383,4,6.669695295482063,21.850968395816228,3.5482422469088313,6.664786910930928,3.246692480596844,9.634499192650003,1.3459214581714387,14.84383783287495,7,0,5,23.41059655835559
22.31481358352908,50.80312567415467,1,4.470615555408236,19.08587746563597,1.2930059040023645,9.376509851916737,9.863431402165867,4.589897216089343,5.977477244248887,4.260256378736078,8,0,12,17.405016378887357
31.556264006200884,74.78712773142684,2,9.34059820084486,21.24425972949718,0.9910873156086737,0.7530020679956406,8.965910661862218,3.219336097983846,1.245349012694932,9.095862520731767,5,4,5,19.464886433443873
30.155042445054452,83.61059828359907,4,8.542203429657324,20.701676897187244,2.9927641812523165,5.165607990906703,6.014961059895471,2.963939612376061,3.992884480358121,3.428520569881647,10,2,6,18.790486309682848
23.906029551436657,75.40735337414382,5,1.0240061596289896,20.76612296408399,2.4083654658793097,0.8190533923775389,8.073513291482506,0.4269496965664821,5.716468148493242,8.815585748753708,9,5,12,12.698904762002666
20.732018073023454,49.92004212706075,1,1.3152522388570997,20.816292303495572,2.2601093694272203,3.7913195095154064,2.2268882939511556,6.848058690224149,5.379335921878713,13.567293710599825,2,2,10,15.513895690476078
31.032795209545533,74.66653007025323,4,6.762391853001109,23.288831782933904,0.5972047965741645,1.7538650408734535,8.013163468155359,2.625152771439705,2.659580624563511,3.4211710758264657,7,3,8,16.36693245074893
32.771949162646614,39.11881094844307,2,2.307683899803543,22.911764646819694,0.7038452746439425,6.494384225785134,0.09571400809791042,9.589302063225768,3.825490026682826,5.505434496747842,4,2,11,15.132085547489664
24.312546875267,37.81907928547746,4,7.910298770117512,21.777419767023222,1.127151103696097,7.578325519546938,9.998590408578073,2.104447453767917,3.1745776982617757,10.871224858684895,1,3,1,20.847358761933005
30.896652080446277,50.737622222169534,1,5.913581423263531,22.298921613614212,0.8273557387277477,2.4734320655888364,6.195451295987323,5.2949119368537065,2.079933498702285,2.9917314690402925,15,3,3,14.566911569059329
25.902618152230065,78.46214214264342,4,2.2983052773335,18.25681581640864,3.8857789801857443,7.12887149052746,11.326541419314982,7.354706998344243,0.8665326063483179,7.901804018168703,0,4,12,18.524652328810518
32.264137665652356,44.78089483453811,5,4.7868679748059115,22.463950316278012,0.07444406542462945,4.468189378566797,5.737971207873382,8.701152948210073,4.820365384057666,6.329801160069394,23,0,7,18.08840680727543
21.984305497881063,33.795204533920774,3,4.0607629236703335,20.91698813072189,2.5042253537172963,2.835800303890701,5.197047387916093,1.5646089282222642,0.5426501263744181,12.895926518932468,1,1,11,16.733320621644605
35.80430005272349,37.90257211238131,1,8.731593591894047,19.906485387288765,2.070395299501753,5.234016686867346,5.400633748773768,9.854015404970331,3.657764288138649,2.6379879105106583,2,6,9,19.48051512694697
23.748191929311595,81.52469811177481,1,0.3216247497705027,18.83866179562886,1.2930049435937452,3.7965014382096562,4.316743443303553,9.067489853176818,3.566215035063937,13.224141080669009,8,1,10,15.569112918265324
25.355719755123058,68.02699708483726,1,8.958438904667899,18.45125274211195,3.5503548484159015,2.2999625455524675,2.0001010061118474,9.628497662275322,2.008946031392899,11.147216470526365,16,2,2,20.91853444211447
19.161839041606996,45.1920698021986,1,6.520826828797434,18.26931411298034,2.680650310157129,7.568447961299842,10.104752723346067,8.526707595416397,0.8124513449893493,5.863476860871401,23,4,4,20.35955450148772
20.230244246425528,63.31774951969088,4,7.375381875483788,18.970777049341443,3.993417405292906,7.975241489353029,4.669024893099538,8.776692280335647,4.79782276398354,4.57099094841542,11,1,11,21.576040759695022
28.317238054246562,61.654777345521026,5,0.026074633926337354,18.18086276878645,0.6746238373059414,8.003122407550036,6.349301138266302,5.9882891591316305,2.771546472703932,14.352292392769893,1,6,4,15.860295497260411
23.35185353455943,69.32615870643968,2,6.282394340372324,22.395853454655125,0.35147134347131503,3.821427960356946,0.2386429975612372,8.453100631173823,4.351637348867715,9.200803783011956,23,0,11,17.046933366460085
34.70960451484389,43.991253265296976,5,5.8848616371102604,19.49168471413044,0.5575890698653758,1.695284514093729,0.7230464725679888,5.340133578632971,0.09891481232001298,6.482109106388373,1,3,7,14.543832826014949
18.293867773099077,81.86417923166385,1,5.3720555638629985,20.212442561592056,1.077163870338385,8.404112815074784,7.166198753734134,5.382171706131649,0.44701898566213916,2.5780905717484814,22,3,5,15.115436338447823
25.58188097343872,48.56211372480077,6,7.858668567058849,22.936297282895296,1.6671479662718243,3.292638764862134,10.550736990163307,5.625800919009926,1.0550861071657194,4.155195256354657,18,4,12,18.94852101508692
24.746910935381855,71.64789923857421,4,5.558710963965052,18.687944979147545,3.4504131400077718,7.480668022520195,5.920749936312895,9.963179249030535,0.6830285033298751,9.776145195812578,19,2,11,20.565603009597478
18.38655261835202,30.967478782332893,6,8.570971895598575,23.013564181417276,1.1343670653155464,8.174505610441148,1.9796949672607598,1.043948401376229,1.1502406257704263,8.670424759107064,16,0,5,19.77806585911892
20.487367980010205,52.359427793648834,4,2.3263148640963838,21.83724210330173,3.660973240110729,7.681524976027578,1.3935277723916268,8.056099784958198,4.118928409536903,11.84893151527411,16,6,7,18.084819667305094
26.272853498372704,51.1025890775285,1,8.059825889716999,20.05217708762762,1.8516307536188665,3.898060306908077,10.797456016715087,2.733125231221676,0.28198243507312726,12.852888449503517,12,2,12,20.18051413945887
27.857291688948933,62.60906571498087,4,1.7931277282480573,18.706843278406105,2.5882800741559304,9.380167265892704,8.419654248183084,3.612270825977423,0.2271936726423025,7.163272434475758,11,6,2,15.962179103370026
26.085794945097383,34.36417570663179,1,8.131177919689799,18.548956184045476,1.057630856223803,6.601624168030491,11.594346654137487,0.80533257306028,0.18991261490132794,3.3120889057435736,10,2,8,17.83542854301296
28.61875356824188,77.40788242356649,5,9.404635188285678,20.013086076475922,0.6240552640941517,5.757462843213233,0.9881834561267957,3.515737813840696,4.185894747645188,12.289886880928972,10,4,6,20.999635898765323
29.90263349811363,43.06684810605411,3,3.356941423103841,18.842051836308276,3.477827762632197,6.979091020750138,10.831354260280957,9.907626971367083,3.2168128343711357,9.19862130428536,23,3,5,20.850851562133847
18.198476422556713,70.62226889292062,4,5.298863139801888,19.60626177885165,0.4380247220806557,0.4472712326539008,10.14758775032179,3.9706926182803546,2.2214544700133283,14.737294549706563,7,2,12,18.278442825022896
27.28190318907008,78.1927273946456,1,6.583290229231476,18.317734802707946,3.0960852230680906,3.9051497277863803,10.718222195089844,6.696879199722466,4.053647448657188,12.3525489107662,17,6,1,20.708681426659755
37.26998481775176,63.71261737449079,6,0.7947166585449461,21.570050530180193,2.32393722430743,8.812171538462108,0.06915547928567456,1.2071318816153787,3.3216256334889014,6.277945380944335,3,2,2,12.620407415743605
28.380645602590974,74.45299240331913,1,4.940807182041203,18.871656701722827,3.4445511267153957,1.6107970149571416,8.902841766326336,9.224972097486772,0.04400904345637757,7.570371763466152,17,0,6,17.239474596295466
31.550845349179063,69.71161873290033,6,3.6058497658824673,22.54039387875376,2.8712736483927084,4.1440064773632965,6.5872573699396675,8.277453799467988,5.031298469772292,5.062487654954357,14,5,6,18.819838453381887
24.237277158337662,51.33178782912046,4,8.72455631251308,19.309049857667834,1.1266564084461672,4.052479911719709,6.878153205101037,3.8629430419694657,2.101106299148433,8.655980461465813,23,3,11,19.82700919919815
33.47982756305525,78.53151234201391,2,8.766795187083261,22.787859476029116,2.297710389029105,3.560417107030245,5.630423848233068,3.4846333267276552,2.3973675793739098,11.239424480082132,6,2,9,20.446416020784845
33.4584296375223,47.68208219313168,6,7.007795395472368,19.139291917355205,0.05229447842178914,5.6235132885898,8.912123012978633,4.322670035135113,4.693739729760728,9.962353876915715,22,5,11,21.386823328129818
28.42592095308278,64.27277506509103,1,6.557244745924983,22.328199382207792,1.900873369489716,9.961980495856945,11.998071485716856,4.012581828544986,1.1225448943776164,6.447085015538547,14,1,6,20.885090561215247
37.520276465584274,74.72386434849237,4,7.336884592758568,19.998448077751185,0.3440545422881427,2.5584884878662972,8.526460311289961,2.5805080474789133,0.06043113266734479,12.70289880043467,18,6,1,18.49005758329726
20.511004295253066,52.737354588750456,1,3.6598690100280704,21.49871996933405,1.7157799912413187,7.049571225749915,8.136604992471876,9.908462741660127,5.453030068379432,3.3657638370999767,20,5,12,18.032932354094232
18.33895329779162,48.1660564570455,2,4.045192467506254,18.23197088593043,0.4384472319947088,7.579949977756707,7.853252588160971,8.105464557047389,3.0328695332512368,3.853211008976115,16,1,7,15.259807716260516
33.403164235141915,57.560760610369364,3,5.537047228887053,20.971466606125546,3.82191922778166,5.844984796796623,8.342540038168291,2.6792325950755016,2.097162780598283,7.254074368052305,9,6,12,18.934682946657546
34.143110747297655,79.07780966094921,2,9.380281273644673,18.89212736821238,2.0922718296309113,0.97475687901181,4.1053496091699895,9.817248010269289,4.914273477717243,11.12916307798837,10,3,3,21.277865532300023
20.404144582411526,85.79530578873988,5,7.239998741195626,20.91792136349416,3.6528719411065733,5.723734973452973,3.8426369239970244,0.15530138046879305,0.15776947917138417,11.024413815264444,13,3,8,18.93380747737027
23.311656659172122,62.70500477159341,4,5.509892444962233,18.848154785316897,0.08946489186306339,9.534644756724873,9.412055739246076,4.378976367294173,1.2137449268320935,6.764804755312652,3,4,6,18.557783884220527
18.35104726733258,69.68797231941912,2,7.704130148967145,20.622534720836224,2.5506131355275916,3.420601443886735,0.6370562082355864,5.6948519706121745,0.9317283748493168,11.055902757839432,3,5,3,18.61318161256447
23.866172215611293,84.19641733433485,3,3.7089031223842506,18.66372492139373,1.2278180077064809,6.396881263794283,9.110972858440606,0.3758662211164465,4.42698410553642,2.7876150782855005,0,6,3,14.2536668753628
33.46283747837343,35.91281108477654,1,7.304667011443707,19.319709106405774,1.727315983860945,9.593977324252483,9.766099022034822,1.610371907038014,1.872520504097798,5.770285347723185,11,2,8,19.137065247288284
28.35921055425158,43.9247146719699,4,4.106762482827003,21.57047361302313,3.492349580858759,7.979902812347469,6.2591755150352135,2.581310821852969,4.637440473237129,11.019053072563457,6,1,6,18.62349750671684
24.961911863365764,72.53400037509495,6,2.796614070149861,23.859963823260852,3.920084379034979,6.883077296970429,10.921777144956183,7.20227057706293,0.24885866362557052,4.392538213544665,4,5,2,17.91242714131872
25.434785898126606,79.42466771473798,2,6.097240475222925,20.69510861035183,0.9859678177334095,9.711488787683141,5.677049245766214,9.397435288652753,3.6486934668009505,4.765256371909937,0,1,3,18.24782786244529
18.027072514309364,81.42174169983468,3,6.868775596501845,22.123042155657014,3.7930131414132067,1.7058295529880019,2.1370400171501327,6.245350868679315,1.9093243462413492,3.129474046152609,20,6,12,16.409555206878746
23.996010551304717,54.90643061129596,2,4.592935611795642,21.236548026266252,2.7549077955268766,7.727487884998387,4.336783784480074,5.62661591010292,1.1215196115498358,6.73812320986417,23,3,6,17.641340902007776
30.929174832758612,35.36039413751201,5,5.655007313555015,20.990147605766627,3.805655657429083,4.068357673227734,10.870410071173035,5.367591199757971,4.900589954506553,12.724054127711252,7,6,7,21.10919832840751
37.48388887632714,56.266888637977196,4,6.940660748559568,18.388225181039108,2.24946799448484,3.6043168768050426,11.924859459892645,3.5070364981100166,2.473500741579402,12.872668609695346,17,3,4,21.737810465428964
34.94121653967799,43.84407541242322,1,7.677100515575095,18.865784413651678,3.8430251399658824,5.206725144019604,5.062247603873801,8.277143461371972,3.429777583260658,13.21071292641085,12,0,8,23.106644875727945
18.47189929291058,47.47178729979745,3,8.955714790830761,23.298346375395404,3.5698218325897346,0.3375105877745821,2.0021585471238943,5.4076743823625915,0.1985030626772526,2.4771523833554596,16,0,3,16.863070038280693
35.97121209349679,76.33605341025034,2,3.545442062643281,20.460985890250818,0.5143669649017841,3.125296209283628,3.435951362809654,2.301031793237227,4.749747103670581,14.915353176525851,1,6,6,16.579761381730243
33.66396826597252,34.53162516155321,4,9.514772528525935,21.685994859508746,1.243159708406922,1.6621549452341189,6.639556110167568,1.3683120816407812,1.7212952732323596,8.53433610641067,5,3,7,19.031242393219724
33.60752247141961,79.65487304884212,2,6.372798101230876,21.16939939628975,0.9722527660500475,1.3869089941730472,6.865151019325759,9.85512514861869,4.160436826629211,13.345451394312562,20,0,8,19.633725233923336
27.15991518007143,55.660145149450145,4,7.877018826989478,20.273294277307407,2.288397304201028,3.3734051002009813,7.56071288032296,0.1747321502200183,4.562847508716566,13.76649025119399,3,3,11,20.302253836345965
25.960105859090056,65.7638358660357,5,6.997690434814383,20.326899255665587,3.211197726023701,8.022643580107093,10.024240470870563,9.33440029989805,0.7026975448370596,8.688477118692578,7,5,4,23.945332289826165
24.058314576663854,35.37913387414074,2,2.055717253484066,21.332790035452035,3.037645787547525,2.011110678550687,8.534569820256333,2.1830330118031096,1.7754033838473846,2.6641667632061177,14,3,5,11.925265397906227
19.313897179087316,50.24154470143678,5,0.7143838300882832,18.846850808854462,2.906996529133907,5.314157844324097,3.130082718030083,6.575495326816476,4.340640491937875,9.767106963383988,4,4,6,15.30463986852225
22.56470726987398,35.38205514089075,6,7.262864640181203,20.323554241526605,1.5010595029423435,7.4865619403515495,4.740528728352005,3.0153252559813124,1.3930652846668456,6.343214906566562,19,0,1,18.949595498555457
22.932072699560493,87.69262337286656,6,5.1105266779457645,20.681853416416434,0.5585475265113118,2.4097153490511856,10.077799005648162,8.598104118798156,5.089043712327284,4.687966742620807,10,2,12,18.612165938167724
27.681541394204032,78.43569895957503,3,7.022133684083246,23.910757342056748,0.842334214514397,9.242032957557718,7.600592047268533,5.434453221816085,1.871841185298899,4.372513237143707,7,2,9,18.72496306145728
32.94888813193388,57.57796526138762,5,4.768428039154598,20.108728615714305,2.9667098385933306,8.664979033316035,1.997016578936682,1.410577559817291,2.413981245399474,9.270434965978062,16,5,3,18.464487384820167
27.476196567958933,43.41615289942027,4,3.12234520416504,21.867473375285215,0.590137356238253,2.511782117338426,3.9064656489638225,2.6983500044910045,0.5984600833728531,3.3581726232389952,8,4,2,11.217172131998288
19.156888988943212,86.00730631499113,3,2.850179092595683,18.82449299895881,0.8917868197340844,9.896380673657939,9.493090949170817,3.203185735697595,0.8860507116562653,12.681379203721587,17,6,11,18.411914003706613
37.15579601976408,50.67579574361831,2,7.305321308699942,18.392888290981315,1.6982106114939648,6.691710941150163,2.065129479880567,8.859223643900975,1.6525297694493881,4.954813561374901,13,2,7,18.218206746564523
36.854486381882246,39.659065901242485,2,2.767800814657747,23.22925208400738,0.2884497227498519,2.8610003742040035,8.292607832649354,7.667384187060192,0.2934529694967052,9.140781054159286,23,2,11,15.444426628003598
33.70379086296817,63.78986330723729,4,7.146768709254209,22.384409414434117,0.8507682430805192,6.810374553055681,6.762438434778877,8.295873126108672,1.1581936784769873,3.6309827087606674,8,5,11,19.780695708576822
37.82655803128441,86.62644722068896,1,3.839601263173785,19.904995725567414,0.5990725093649463,6.662482704032914,1.7696988768137416,0.5225218784145247,2.453658159996807,13.175179554237143,9,5,4,15.767994468467217
28.889646656005258,30.229817430019356,1,7.708984043188025,21.027468017383374,3.8052871316473618,6.06193624734329,8.266547088371237,5.7878220547326364,2.279773481203494,10.997135956764835,23,4,4,21.784431461299217
37.25536700506412,44.28749059523992,2,1.428099257826696,18.814465106711033,0.7661035421795566,7.116961110784748,1.7081876478620366,9.991769305146466,1.1921662789619487,4.68478440590043,19,1,10,13.38370962067536
19.512100812335014,86.30685842462447,4,2.0497994320434554,22.242961763885162,3.447078840681575,2.6831569037524003,4.781226949316174,7.8519963905331425,0.48270410312070666,11.304629838403208,1,4,9,15.95918671933594
25.313614965227426,40.26515801142972,1,6.859116057201636,18.421983552524633,0.4591927650664336,9.789854855895346,3.7027190942942436,1.207076813899145,1.908887009004345,3.077701735940396,2,4,7,15.22135950464565
22.507625360135314,36.79460709838919,5,5.602311201982626,22.54219834164721,3.4786925292100292,8.57895757275158,8.28011943224349,6.788181674073487,4.472079645595902,12.038816858901328,23,0,9,23.391224659028612
21.9166616826854,64.21123294798826,2,2.038783426215992,21.28101906161992,2.3977351450938786,7.45741352629321,9.388348279279828,7.4532382089518325,3.060597433057323,8.374508118430946,4,2,1,17.45168379214197
20.816058977853523,81.71062939768979,6,9.028270117268217,19.673103180520588,3.3988236928984716,0.26304993603249116,2.0197989834709618,5.142483559214086,5.6808238453195665,3.5623876542658737,3,6,3,18.971200039885463
30.448272831319933,58.62658906163557,5,2.759441474126463,23.17544612436874,3.46939475414943,5.90385373250624,9.743960911187301,0.78753147773442,0.8393179664622554,9.156217339252962,2,2,10,16.88856385012574
33.6264371149461,89.67385540107148,4,4.210713981936339,23.916431222033125,2.3854941226696362,7.064839881423806,0.08656867193469386,0.3468623520635694,1.2439076679223013,4.611261961608339,18,1,11,14.764659282510841
29.565967988407213,70.75030197227957,6,2.0228794187253794,19.52609460718583,3.670776613580096,8.54099827107883,6.360702568110396,9.378096972393504,1.681797201833981,10.746044858439495,9,6,10,20.078483824511057
20.939254191764192,34.44449443262687,5,3.880276183415142,22.837476897515593,2.341793165938492,9.461571217889425,6.201466678496086,2.5751396547861862,0.07801139887824737,11.212054945696766,6,4,12,18.451868624002426
34.22247539866942,89.56992790091851,1,4.916467501114742,22.500997898258746,2.8502603115135012,9.158530999417525,7.485857169021837,3.7896812701845004,5.6602828707412876,11.89092069758333,11,3,6,20.79587511408964
30.719094143274567,54.473654206811425,1,2.952470545129191,22.483140726634016,1.6643219086753307,4.060449324826882,2.8764063640160997,7.952775409855049,2.672182988657808,13.633316473370675,7,1,11,17.132403101927043
25.76331412253991,47.244152030728955,6,7.690936731964833,23.743413668904164,3.6562707778839494,8.965011879739528,0.11828195916241713,6.892607467174432,2.889896863386937,10.514213865944356,4,1,1,22.436538183372207
31.48260591072126,63.472751014673136,3,3.939329786462471,20.919702553811955,3.2966501556481065,0.007488092148711933,5.457154993696793,9.685657000343351,0.9471445589915302,8.392998445442693,23,2,5,16.430306117711673
23.198099584856656,48.25845550925186,2,7.295099999587671,22.04500824333993,0.6668524464677099,3.514752115077865,0.8568745350990543,0.9283920021116754,5.2361861406453984,13.104933271435083,12,2,4,16.721403664569696
24.90384416988421,35.18745042720914,6,2.0707217539024336,22.943264181754824,2.305551400818795,1.1388106923039365,10.706326641682418,7.0691957407922725,4.155793419858412,13.697972972563257,8,2,4,18.179882257693865
36.34971686263981,30.085700584750604,4,3.7703549679317874,20.87721867025816,3.5873093163477856,8.830677000502025,2.0839959082700807,0.8222885277766956,2.588165925143461,12.162793925775603,3,2,12,17.539604549755897
23.81009011342841,56.97500117521574,2,0.0805828889553517,20.888587216872036,3.1722579746358037,9.279819054335853,5.102795609983927,0.00165496501144613,5.267828979876565,14.25156643502928,1,1,7,15.382666638281497
27.399765363158732,80.21180533359554,5,7.586375839137117,19.911928524404107,3.8502111226453,2.560084181502237,5.208004682884605,1.2023022618774737,5.432746429585895,14.73264127902775,4,5,5,20.23969217066596
35.80282274792029,64.33891113780459,4,6.258866443304841,22.684954276962806,0.9252067477903791,3.673104481254633,6.634375774058457,6.167258482792373,0.29688324622835194,5.267052912937935,1,4,7,16.55469749403188
32.15442700535055,89.95243793660646,4,8.178233249204562,22.11717467811334,1.469838532521912,9.838776194170924,9.390388185244767,6.761927495774414,0.7159475382772678,4.388031638165078,17,5,1,22.273387927403032
19.244064523294057,47.210798738832,1,4.556107881027133,20.7068393970063,2.0287675520725252,5.660634637293964,5.665777806105355,4.383398724095842,0.16576979613780907,7.831700701941926,5,5,11,15.617288583115895
20.946060885579406,46.82730388560332,5,7.997406437128392,20.51601994439242,0.9306766801090598,4.970558434216396,0.3090392066456773,0.4607070973742422,3.4903814825895845,14.96004737611193,10,2,9,19.583210878271835
18.156831815438338,39.58496761403666,1,6.475825442709784,18.435537859014712,1.5761810207552762,5.004354250165772,9.253324934101073,6.340593910544907,1.307663161057416,3.1501535729555914,9,0,8,17.225674602141016
30.618435804583267,39.84381529592011,1,0.036129325342386664,18.039006880970494,2.15015681769733,6.9618817927278265,0.986079775450698,0.8581747758649005,5.069568501197954,11.25592206058691,0,1,7,12.078395365120603
26.953468508208367,47.11119576060287,3,2.5369429508851193,21.17336379919106,0.7653568120053627,9.545430347720139,7.698639507106369,1.417263317663977,2.795483163105531,13.060863411272505,1,6,10,16.851772339276753
20.68549701804551,77.57040271641162,1,4.93891352206248,20.504957114109597,1.0267512748103225,3.666224297523728,9.641154103822746,5.125756847708269,5.026258478364763,14.953819383830526,20,6,2,19.209297129477505
37.15868242113541,84.34540743818687,2,6.186873497119713,22.776220559410586,0.4993699992351779,1.7265794614904295,3.3922820697725253,3.4037327147484775,3.3336313407731764,10.05626213242362,9,3,11,16.16548328649079
28.593194478912398,88.50523018246088,4,0.6559086466463715,21.25592433784273,2.853525639542994,1.8501289215299044,5.389277780208374,4.647539272763406,4.77700678309008,6.9412277919625245,4,3,6,13.742756509486279
22.837865882257784,43.937379245787156,1,7.050799281837917,23.620236260293353,1.446207706144532,0.2035903808490669,0.17203010622979953,6.350769036271925,2.2311300491834247,4.164419186719943,11,4,4,13.562730431571664
28.01207142309415,82.8778527368455,6,5.435360976472598,19.17684479316599,0.8810646127351536,5.554104961192942,9.646502395078624,1.6000703616139678,5.672363043278636,14.762906899926378,18,1,3,20.573034030461443
31.592406654702156,49.69530535664022,2,5.257793068182856,23.94090204231024,2.02929659672381,9.291172188704508,8.439133079049832,8.930867396910077,4.002952334775067,14.014642291402453,20,1,8,24.100705007200162
19.52478435947129,36.77043267101307,5,2.920455580979151,19.787515165872637,0.2729972227409907,7.130768953789479,2.7766487326541167,5.594800646462401,3.5729432663876355,12.458744715740934,1,1,4,16.39858380103503
23.49407630095784,82.20149553120993,4,5.948230994905769,21.854543841439835,3.693626425273579,9.929645265724709,4.682714374389471,0.22093275531285594,2.114140102945149,14.269070782934818,5,5,3,21.31106042293652
34.13930981767987,68.16633807861712,6,0.27492889631774653,21.011122281699908,1.177870084629057,9.095274074254556,8.343798021613337,6.28452841733861,5.623103873426859,2.7911072942237785,14,0,11,14.98764019617374
27.193297408053226,39.8838537648637,6,0.6470033050398849,20.157458407495497,3.5458573927354484,4.918576733904242,4.29795746221448,4.631789317740513,2.026406401366063,10.209406978141754,7,6,5,14.98329931112117
28.931542840645896,55.78987545078015,5,7.338700872128415,18.83585509959268,1.990480261298588,4.865493805911981,1.9489773066923974,7.016391114758562,5.015156611356637,5.572351854536439,15,6,9,18.340409448486785
26.656320044189385,47.23546169262406,6,3.2189134253396388,18.80900490871327,3.400601990842562,6.283572298285682,6.222066346534898,7.840336229375447,2.4258492955700337,11.952696836063657,18,0,10,20.340738560082603
18.877998852860102,74.20767412261182,2,3.469670756244838,22.269034964269174,0.988257763158578,1.1093559740231107,8.682810843437277,9.388448533899291,4.60310400900957,3.2443161178416573,17,5,3,15.926906191831785
21.31499559640312,57.20497383745608,5,2.0838520325645185,20.26584829785787,0.7010824089710121,6.076842404512696,3.8497140840353503,9.983457942749997,5.471267493484399,5.3633595937842635,16,2,9,15.489012999739714
26.910832774837818,89.3567967063831,6,4.456206920999321,23.767787844797656,3.3976472129393134,4.6407401981181815,1.4612672597334937,5.496169934714269,2.79364270176449,13.053276579834785,0,5,4,19.90008603179502
22.183709308158555,33.284698935575705,5,0.5199343141130031,19.953890919038027,0.8516955294868436,6.427404266726113,9.954529941743722,5.615083531284246,3.1568112734405913,11.742810115641111,10,3,12,16.61921801782979
18.999580573193576,51.3009159681748,5,3.0036322357111365,23.90114233048778,2.9847813971983204,5.652099682851924,3.0336223973654772,0.22445250975606235,1.9820574355967129,14.896286351275378,3,6,10,16.77759897959326
34.87299328103647,58.914010026598646,1,5.271239217776975,19.232539539571576,1.3783351786385296,3.1039586028451858,6.153779449279278,8.651704734863305,0.32817403665105105,10.371786158733844,5,5,4,18.280107679807443
37.62385058328232,60.188013284899185,1,4.65631921559137,18.61688631738632,2.9927749057406454,6.077619830184068,8.296117793870916,0.28717993542521025,3.9148871878903204,5.939977765042312,6,0,2,15.955073280171405
33.86285747993479,48.95614934313821,1,9.996696431230337,19.875418401137743,3.630585063953321,3.6601435286967976,3.8049024047306492,6.32664807001042,0.717855147234334,9.122486078995369,7,3,12,20.747640002720917
35.07569843409334,73.75441494585408,6,3.8876465211691,23.313508736571535,3.9265537251491724,1.9462114064781788,7.78363844846902,0.9857697874422999,2.124353572173863,14.271563294569784,23,5,8,18.239420739782116
22.839542606340906,82.48482440933849,4,3.869990592543089,21.13111166697171,1.4392379090745337,6.750708477580316,5.516514077298339,2.8583860410645645,2.0969634591384576,10.472926341118923,9,1,4,17.274919276284617
37.212539510263994,86.32315811867178,2,5.035817774144603,18.81390063562325,1.470103338562185,3.063470930185802,6.845239861486153,1.4032955311072548,0.9060229168474472,13.459485672746684,16,0,3,16.149830082657793
21.93851408906857,78.30560260797157,6,1.9030311027122981,19.21499429762457,3.9255509471394183,8.890247798660361,7.086913243403313,1.3739428811254106,4.000261895485229,2.2975297159924715,11,3,3,15.238141363330366
37.028596207236646,81.03481183839597,1,8.763044229591578,19.86756397289738,3.4461125211921533,1.9933245971421365,9.889808242762633,0.7460098231693046,1.047595984912153,6.804162690378766,7,0,1,18.545753962828787
37.89638587931902,63.03271803719973,5,5.722677888644485,21.541000426876245,0.18036788764551215,6.001440384325139,7.875915281224037,3.1788198198550353,4.670018095078468,14.158993728673812,11,1,8,20.22922688336319
32.234456114920974,79.55329358560888,6,1.9210763919942242,19.994273639265725,2.2937999449060817,5.715487748492532,3.171680306212926,4.2365134445279375,1.4956744290033097,2.5107648233130226,16,1,11,13.15293967664717
37.62287463583644,48.21023454887713,5,7.934415913721323,22.482324492535962,0.7249790861937533,1.9774180080115156,0.7152520936613551,4.644731928321586,1.7237249161746875,8.748319138601445,2,1,5,17.485320609748094
29.390795591342073,53.90872572655286,5,0.3433217114285325,21.69776133711178,3.976050144372874,4.398868388645399,0.02382652890159287,4.3970803946710735,2.062369812319986,6.504883750492022,13,2,5,13.670260309646187
23.190835663521806,49.01478082911266,5,9.825642005854272,23.24294242412004,0.5556920494838948,6.755387715427943,10.853008617203946,5.236920342952775,0.9165153653115341,10.400654451253063,11,5,4,23.74354846593268
26.739917713312416,58.043240126875524,3,8.651493347713714,21.005770958156184,2.2373904501714663,3.185272044899742,11.305320621626475,8.597869291869408,2.6055869197423065,4.108896237543677,4,3,12,21.061919303450864
29.87121870757572,47.134776974318186,4,5.796394555340198,19.987058484606408,2.6607934801167326,1.13830657407465,1.129337851976015,6.3179661570617505,0.48195074533937876,10.492904309020755,12,6,5,16.474760289579855
19.4616312405403,87.6966865352668,2,1.1129566275706648,23.977629406819226,3.7482586186162252,6.152407149578806,5.844643419386976,0.17285670969812816,2.562696508189078,14.893939910210308,10,2,12,15.464782258432734
30.446865292344924,48.770677680340086,2,2.1527277328967145,20.133799930844134,3.389033246576748,2.241219022605161,1.8191424415264135,1.7295227824031867,2.039472794604357,5.525127982402482,15,6,5,11.359725191178157
37.62355673524589,35.88267228665639,1,2.7943517031356313,20.571615838683073,0.983019085311132,6.814749796695877,11.384989040449016,3.4894982214881285,2.0295926832605846,7.998563299622235,9,4,9,16.26367451893167
21.802152995674554,61.6090299630248,3,2.41031737903611,22.85476335214853,2.290495805170018,8.394670965841675,2.9619902018702846,9.490437088648768,3.9640455110719417,2.386089787585386,23,4,11,15.909218510774245
33.85190232576767,33.42594470671058,6,4.975200104534458,18.531817403358556,3.814295831623533,1.2335537144979558,6.019765147163987,0.7807939744992498,4.614137246869508,7.642633391528157,7,6,6,16.64496855933996
36.157975875592385,36.63258997851483,6,9.445603702671479,20.318940636351087,2.9428673884197507,4.376091022213009,1.987442300795001,7.101192624044815,2.1359911335315624,7.277902037135103,5,6,9,22.161182854165244
36.874031856404414,43.16336335177478,2,4.441725847678105,18.514260560629705,2.753345393519575,4.449222693488028,3.9931330140367476,0.3309313174487305,1.5720881523598997,9.341193808891695,19,6,8,14.86080333195292
37.202712088108946,57.8610149929285,4,6.615645681734055,18.83583520003655,3.0196043171246263,6.325359186542942,3.201676331126171,3.6253716900196578,2.9660966083380624,5.33801731586097,19,0,3,18.745349903630025
28.42919277442944,55.995055938541675,5,6.885832059788232,18.02784495298804,1.2900247559512792,3.3440792879756795,5.705112515666228,7.701487637137433,4.7263144528479994,6.272503310633229,23,0,2,18.59334055652911
37.54615815983007,77.98151172016748,1,8.715807252544828,18.05726575549425,2.9170090776129447,4.185691555887802,5.037383544265781,3.4392933643835253,3.867437707920352,9.928656953704476,2,0,6,20.124035176661913
33.146204142688774,74.3684792330468,4,0.33821287571519254,20.281727337017113,0.9314190057876637,0.11991244028255243,3.9695735352045034,4.302820599864657,0.22800808665374683,13.810173258828652,23,6,2,12.236993237137197
21.233428724739237,55.57909763944208,2,4.043300593475422,22.854982829686655,1.7124110836310136,1.224259111832593,1.270531411780945,9.053045282674292,2.8795771424712617,5.057575941336786,19,2,3,14.875323480160288
27.5380021293594,50.02225245453779,3,7.847351140860993,21.52202616355016,3.559715268754026,5.698620995550041,5.813844264083378,0.6616909131929805,5.945790381855258,10.806956688586112,9,5,3,20.51973850194337
32.36662350744008,48.988127043689914,1,8.148670149654462,21.809484264825862,0.07588458596300685,2.158958002950281,10.202496217098627,5.276623252101013,2.1187651660852946,8.81048440942293,17,1,1,19.4036469112952
22.946806316381668,76.43970523764054,2,9.273326151740113,21.11549542550932,1.6572746010093868,1.4457688979637506,8.762680039026792,3.6623755859117835,2.6443008083671664,3.3599191151278105,9,0,5,18.80704946881823
30.812303670977748,33.12434437327619,6,7.027943598180023,22.918758865023353,1.0672870669562382,3.2441276796416316,8.646898609952034,9.638116715170309,1.724440388512427,9.350632489877409,12,0,8,21.30502283382299
31.332009580932386,30.76929897063635,1,2.4515394610474353,23.282272351117044,0.7943584659744376,1.6353569493312348,4.3931008409437045,7.93689829418258,2.9861681375509628,11.2145036769667,13,5,9,13.606782454238989
21.25399487617132,77.73266351559889,2,5.0566574308437815,23.09844436887225,3.354301685890049,0.5962243647810295,8.501028968184617,1.2207677736653877,0.9655279354142607,9.77730060513095,0,4,7,15.590198515192698
29.301706249055126,58.62878255934296,6,0.3234528791889757,22.872792634818232,2.7859942913799123,2.8385824914417537,5.586377776799024,9.27409756722572,1.4820818397345645,3.35738478368752,19,6,5,13.721949365238505
33.43253821957215,37.85286831321456,6,6.469283410982468,19.096278441379702,0.45053088164592703,1.6435844136555111,1.8033130900580314,2.112132974537687,4.270417850392648,13.109014592568252,14,1,8,17.413115327116678
27.97791329071884,44.13395607567008,5,5.542952115087568,21.56325735219133,1.9778533060047576,7.9939574233483635,5.028596999736612,0.8481764353482013,0.8297207621184204,2.53304674786436,11,2,9,16.640741916782492
18.24206233552215,85.95023718584295,3,6.668362807612931,21.49297917659022,1.8676230873084445,0.6265696693066314,1.5928635723791693,5.415932797944923,5.556862581845765,5.068060909117062,15,5,12,15.61295460854554
18.180769381585844,81.57017853749389,5,9.301405533875954,21.167664022485845,0.5701111761176341,7.474432367666921,1.3737938268784307,7.366315699762792,1.8477624509877228,10.004225828123229,6,1,9,21.016678435059944
25.140586879400246,72.58710301343835,2,6.872766117204315,20.884876735780594,3.199050803964833,3.8279634748320177,0.27671170149132873,7.16050889496212,3.4501505815118403,4.8341644231264596,13,4,9,17.515057196845593
36.52388136863564,58.9335138202396,4,3.204499303747612,18.5350228631183,1.466695885816799,6.753213093493951,3.3942516116329986,5.340560688773963,1.9309840653990484,3.323383628561769,8,2,11,14.28845494898281
22.573535592072176,61.21941757148314,5,1.9873666387015676,18.612979403437333,3.0477511006415776,0.5268943633338918,3.970497410903338,4.927374744197026,2.868184654648849,8.654937453551502,8,6,2,13.67136596277147
30.687273777433745,88.51467211703752,4,8.546362068186548,23.413689422643742,0.7682504603288498,9.207039947895709,8.393324555261911,9.695438973031525,5.422807968288016,11.3919819607558,9,3,3,25.143543691363273
22.44151741386641,87.94622663305722,6,1.9433214327376058,21.781118634727193,1.2602938464553293,7.6737569725160935,6.456057418617403,8.205588417694978,0.41146369108274583,7.339816724615255,8,6,2,17.489273615275536
24.433399793190972,42.916142747150055,2,1.616095805953639,19.57390328698804,0.3806837908106635,1.4014307187422614,10.301396544639744,6.9864003814303945,5.138055760244447,11.079993494310948,15,6,11,15.260273183186175
34.96084179202968,78.66627397831908,3,2.0661208068097583,19.675802335280736,0.5739170789824328,2.1878437102736035,2.117647520467878,1.9521146355964192,3.345442120530528,13.188504383131104,22,0,11,13.785612549371685
32.577228845398935,41.834559970021004,4,5.088408481305068,21.66116898989178,3.5327339614109317,6.439962326394858,3.1914797503177685,8.197706910266513,3.9904275521242294,14.464356330914448,7,2,5,21.899057322561703
19.907985546264214,42.81224867303708,2,1.2418744315945685,20.44160984781397,0.43645057674231014,9.215626042943503,11.292913333720989,7.497807435160288,0.33532240076199105,5.032443566525868,1,4,12,15.81020926996596
26.57404041972867,70.5655820498746,4,9.381183305967022,20.647945025910566,0.3829248291437728,4.458323910062335,5.328542973357772,9.920265997776667,4.568394703910638,9.86969446883883,17,1,3,22.759485625242515
18.58339527290529,54.3000659152529,5,9.662537072400896,18.363899943200515,3.7615092433466395,4.8563279502180565,9.46861131658387,1.329951079341254,0.7666704882629201,5.4693617691966345,23,2,9,20.854699460963193
27.61780293206018,85.8926644263912,2,9.738018532829988,18.832435122658467,2.5836138386430703,2.3780026138902963,5.90601178379387,7.15295395948038,5.788927078740366,13.321940718151335,17,4,2,23.077177212094636
31.24868023402136,35.340584093760526,5,0.39124804819719805,20.360102559381975,0.40366393421767777,3.830108756211322,5.653027884308971,9.790831930335255,4.795723657479874,13.573742285084302,11,5,5,15.716147302642804
20.37005247196303,60.69153844856958,1,9.461975264800317,22.19811851960861,3.8868669562642055,2.860177028303057,1.7773954563557086,4.625930272444699,2.957207873030491,6.188091960906069,23,6,12,18.206231926204985
23.777698778183314,85.11129182658728,2,9.974149326174253,18.28815232559948,0.5884000420131885,3.5057114963781313,10.214395331383034,7.334104434260126,5.545001743380517,10.389462202228728,2,2,5,21.924059928428044
25.95673251004314,84.24681962877031,4,9.42429109345487,20.0073467569865,3.065382901141712,0.2059762475534721,0.9402633665716156,9.753706505454302,1.0144396929883284,13.539779786286715,1,0,5,21.938305293755416
36.39062049312099,39.391752804944474,1,6.709389057627061,22.170431711607094,0.13940544655834586,0.4106074467223775,3.7231331358364983,5.474848939059963,5.949983783270261,8.608727232302671,5,5,1,16.919300568768698
37.865100308459276,51.99826200578739,5,7.012301524085008,22.752304742701746,2.498167189359246,6.806865339089029,8.081616860642153,6.990415947031014,4.300914270064478,11.366118364027738,5,1,10,23.262299740776683
18.89822597991232,67.14728400280177,5,1.2225293987344765,19.14132422457188,2.1868154884115834,6.817951889226287,6.087090609696357,0.20084810012095944,0.5902674817154558,12.411121549301074,16,5,7,15.298620031901473
33.220158469907844,39.56369308628413,4,8.742970770749626,22.38892279136074,0.8320152417012046,3.30230600335835,10.576539923658434,5.196651056264442,3.2195490248290106,13.334649248478602,15,1,2,23.272999184319637
25.434481328046864,88.08133032274432,1,0.596395846287715,23.732470164474176,2.572584570881665,8.85462396753837,0.4715754334549911,2.558004060419422,4.265258210774391,8.697698624836208,22,2,12,14.047059788004878
25.8491637245896,84.88495972365962,6,3.1773054661763975,23.44087290057869,2.4682119727095544,2.6611211619992337,7.792890233996762,1.3124464235054212,3.678133570069518,14.243716868710248,12,5,2,18.208514745815485
33.085299466940455,40.01701074206815,3,9.91151645148187,22.736256464265054,3.193406861855907,3.9578478197389364,5.729585647525498,7.085980846813279,2.543696393654881,10.176392050853885,11,4,9,23.481563694655307
36.368528642908174,37.26932767565913,4,4.223278791029953,22.273960116248027,3.5034962344017813,7.313756242831561,1.8517418816118112,0.3908948890834185,1.4888571357753282,3.972458308091417,10,0,12,14.577484436749227
37.018571890050964,35.12450896849592,5,1.3115622396525872,19.41082984811862,2.040419762614264,7.435681177907002,8.919022885351122,9.048651515770578,1.4293769602655502,9.96193782706565,14,6,1,18.187863069503315
29.542451720766415,84.56661984219787,2,9.692946620490801,21.803419362288672,1.9611807739366451,8.611657627051837,4.935682264872288,5.177736598708424,5.561702228773502,5.880159976989189,16,0,9,22.34217623426895
25.142423186010056,41.617428587727645,1,9.841396470417362,21.859643962861774,2.486383083778791,0.29059041905962424,6.3789828508402024,6.482301151893788,1.408444504098033,6.837109455605842,19,2,6,19.357897089159586
33.750981717175584,54.97709571266128,6,1.8704268523871437,20.440927992556126,2.9168303569192524,1.8375868114115845,11.6071927963573,2.5343479912626643,5.774430204319361,12.515173805990461,21,3,5,17.39176096158348
23.020027665246005,56.931081939120176,3,8.648038087401709,20.958092770205624,1.4246846897674983,6.405717706700608,5.834760972302263,1.8219301868929227,1.2613553078552386,14.653517093195772,23,5,5,20.251902281482845
29.281480576670354,65.94066265281405,2,3.9042332619389173,22.16417092904824,2.0185675334649136,3.3819976923640374,9.880474386703714,2.4375362111201393,2.3057026723377714,13.308101314919954,7,2,5,17.267884924671154
25.17156923049746,34.304120624845496,1,3.813684644867145,23.71260921426253,2.3404167432926934,0.43561670930868157,9.234930280094932,2.3229299100429337,0.07394055850015291,6.235447025854549,6,5,6,14.289479136130645
31.132621474157524,43.60551704403096,6,2.6269763189690165,19.77183725064619,3.9535123353436443,5.864666739066885,7.9530550981655885,8.645016282934519,5.418863636381065,7.897564541486395,10,0,7,19.846075740571944
22.80797825787014,85.88942321513557,4,0.4471027455489651,19.47817891174464,2.3508487858236666,3.9307319846481157,10.761745720204004,7.873394014624485,0.6261100519920837,14.78547070708997,20,6,11,16.33621020685277
21.831858914696515,84.50460643611417,6,2.6800898368522352,21.61084135379323,0.8967462029690267,3.64094858544017,3.019219763246171,8.52736534124032,2.1439755565324243,14.005901473478891,21,5,9,17.584471565791024
36.36478173350874,76.87743884434153,4,0.5377690533305202,18.78479466864816,2.351959432961043,2.6436428468582585,9.849254777611957,7.348720436583981,5.055109285951577,14.700336286402962,7,6,2,16.873677082900816
20.036073658990738,31.164074737092925,1,9.243720463599633,21.495196982926885,3.2779983317960726,0.05997893116962638,4.53344986076811,6.4355036146442135,4.751387632487711,7.627927305520389,18,1,4,19.338036744425487
28.11915815469863,49.62040610976612,6,6.617206723927285,18.533108910428584,3.4296147200447633,1.8236001697062687,9.749890680974655,5.278746897306683,5.0490061204275545,12.40732250793157,5,2,11,21.93059111931626
22.41705565926018,67.67752412057447,3,8.866226500163915,20.94350327762705,3.201001818372047,4.742352978186051,5.925464214546133,2.654818263799088,5.484645544649719,13.325824345433022,19,6,5,22.127620351414794
18.77859926651335,46.51141270640854,6,7.172906814705707,21.7224862482812,3.5528376611553676,2.757364530878068,10.29251103531883,7.053629577271158,5.466424731898196,2.5754235779145858,18,6,6,19.661285228437926
18.72037636582853,84.57520170322664,1,1.3128687108263926,18.42065783563705,1.3390653675165098,8.743886792634552,10.738122452315835,1.3658440521852666,4.622994986723454,5.459140923605467,18,2,7,12.70454315265126
21.504435442116545,68.0333677099465,2,9.405815367352979,19.241718911691777,2.030282483810648,1.429996621563664,7.171726508209385,5.110615435671208,3.49454198658072,13.48529119477289,3,1,3,20.669422862485916
35.33540709012,34.31440303898674,2,8.99893053632767,20.01224570927715,3.118364384030176,8.753402870362015,6.091523481974939,1.9527476850561598,3.3692955998286687,7.053652327783985,21,5,3,21.06584451415053
23.649574879540534,84.54033533014218,6,3.4807607790103567,20.211592171116955,1.0577998030363935,4.048258084957073,9.399361719988011,5.047593048794586,0.07751720779975724,5.622087020039819,14,6,9,15.73669771055388
37.009183411505916,87.46599949057335,6,1.115333403516765,22.05662785952495,1.4863257514068042,2.7584031306871415,3.20383443815008,2.93907412874355,4.3354216083581765,5.544989409765177,16,2,9,12.432745261023877
29.63244585978387,34.66274510350353,4,7.041547507888738,21.174128043357143,3.324622618224048,3.0429185851483953,0.18418417498697304,0.5347966953648631,1.3600602914360118,6.880264659203903,17,4,2,15.710599046054709
26.732283795375324,61.94161409167889,1,7.283613027367225,20.292650821831963,3.080342598481933,3.300707928289921,4.885134993057234,5.0370901286397975,4.972184513360375,5.17151665384404,19,1,4,17.63797488005109
29.60177669338909,48.20185693285023,4,8.968290448407071,20.7040575260499,3.884798271664356,5.065639846823781,6.093289594761322,1.8183020869995237,3.3228245109553285,2.0437230606572783,11,1,4,18.8743706860476
28.333967704525357,53.57034458888414,3,0.5265575945107992,18.077860023901437,3.9838962340586006,3.5388231126380454,3.567152633265078,1.611550325691531,5.923487279392693,4.243736916627785,9,5,5,12.72242590832668
33.1755250751465,40.77907307732051,2,1.4170383802737185,22.62315167584578,0.9629781878855161,6.472063470381876,4.600342580853209,3.8436589767769878,1.2616409046261152,13.473475710506209,8,1,2,15.492927322109777
23.649921319457043,64.68432612074474,5,5.982487928791823,18.246028132168696,3.6017999446946933,4.251790070829311,1.5966987949931357,3.6178715785336335,4.340792167361213,2.983431765309651,7,0,12,15.545167139574664
25.061007832006048,87.47876119493344,5,6.191315508700825,22.975904957535395,0.37806200540027657,6.716437096827069,3.3274788404135283,8.669578656122683,3.285202611055925,7.369026521576344,7,2,11,18.18649753071417
35.88188605066502,60.18435601629655,1,0.33609662315006283,21.24597912848838,2.839200835856222,6.04426418351602,2.8811441749748825,5.646370228937087,5.590841067560321,7.9343421041522095,10,3,11,14.29271425166988
36.929130263008105,34.97487488366887,1,3.9693205106165843,21.1669151473471,0.8803975507022037,2.4445397242926137,3.611842245921242,8.5456742813475,1.5959622492714676,12.116001529301068,22,2,4,17.152044073186776
35.85116454972949,67.2000800086445,5,5.841617312760491,22.227471766639198,1.2012446276902509,8.127732878500883,3.5886493264878294,1.4683565414207589,0.35662558548271983,5.283669707393628,11,2,11,17.028145499540848
26.38895987914627,50.41337966707542,1,7.379113331517338,23.157357195920792,3.7852847106581673,7.9898146777292345,6.707620452571361,3.573102700556441,3.263193799816257,6.025343248648983,21,0,3,21.594295184346617
33.607310060137635,81.35551137547787,2,3.1615069177832855,23.655876878877987,1.0526049469368477,9.889804670163754,3.0071632823528724,5.553296176035497,3.1296781262453486,2.185587452492673,22,4,11,14.984471155948391
27.526714666021974,56.080688898988214,3,4.839034930218414,21.260219323463907,2.692711476642521,1.750501344334564,11.291535160078663,1.531280694099475,1.8702433199637587,13.736797995184892,5,6,6,18.636490827747643
27.950797042922044,41.57037653653474,3,8.140548723120093,18.90394939193351,0.7125140314530247,8.478382192736854,6.135297964360019,1.2805706632480551,5.919226786102248,10.912240211195016,2,4,4,19.885524830892873
22.093602181145677,41.466337361468696,4,9.538950638977404,23.271785557038044,0.37355991028195046,8.719809225426152,1.547592076917209,6.614015982119769,0.41826854492475274,5.41700097389631,14,0,1,19.22202122272437
29.82260606517033,76.12585084326963,2,2.303146753898455,18.24403211022069,1.3572681013754577,6.421641666023702,3.3552752462914066,6.538339708032018,3.417120587700306,13.537694306276007,5,0,3,16.35420843611122
21.72271795506696,45.935255898441596,1,2.5304220581989623,22.84402302431885,2.496784403157925,5.063847777826904,8.757089953627847,2.3415866408593877,1.5613014712244582,3.125559180764604,6,0,8,14.097515912953375
24.631293981343873,76.03400364955337,1,9.398181874338755,22.08252975855389,0.9917805750163247,9.572595561690333,0.16390846056872954,2.271235554389075,0.011472069941740548,6.789143514314377,5,2,12,19.269001328358634
35.10060403239871,42.353238645995965,4,3.9591115076268357,23.428365644537678,1.200675194686696,9.726919278763294,11.253815834363412,7.454457793300838,5.927094824909826,9.326767950714883,1,0,3,21.80048787092826
22.141516184217103,49.301182122078565,4,7.183483245207427,23.38477890148468,2.8349192744258205,6.416974563422011,5.342123060709674,1.1698783941859525,2.889677020254208,8.571651693903917,5,3,7,18.96583838716896
19.423165703468655,57.92921834638196,1,6.122652287298762,18.318924512622477,0.4111840919254761,3.5955985792416243,6.252948275411961,9.232634966766565,5.1431429609770865,10.51379812445111,1,6,2,17.35685243237356
19.380151852256326,86.59175098160705,1,2.855876797940563,21.656678443054034,1.7876203672140298,8.17165183465944,11.860946830074337,9.437385210405104,5.040403437906811,5.86873555266991,0,1,5,18.38215855480934
36.81569041006216,85.90388548522948,2,6.535622219580249,18.74802873100921,3.7669381195288967,0.8925546721492295,6.040837031991979,8.709923231692464,4.873670199985016,11.851939014442037,14,4,7,20.467104880519774
28.138408759236693,42.41231252533727,4,6.555659009569733,18.47081167046433,1.5878866496569,2.9059564402978646,11.372927933543671,2.1067729902655916,2.7541035164887653,7.270800371584431,9,5,1,17.583998905477117
26.188241436340366,51.49314247458437,2,5.924431854090763,20.689662874984382,1.7368041119097573,9.855542947728502,10.98277338951785,0.1680174977386284,5.375557907130134,3.628863518008659,9,3,11,17.503306489757087
34.21757162015837,38.96396330722634,6,0.9966082484951289,18.585585239092445,2.952817214429156,8.143333872069695,11.295786343994553,9.366908418252299,2.203633374309062,11.625218823097379,9,5,12,19.995058853695642
34.716518558210325,60.59910475880983,1,9.951718223740377,22.367414298675556,3.1160460881313874,9.395824715691237,9.748476689908367,3.439718273535113,2.4503215096062214,13.855258757068869,4,4,1,25.389631114589875
24.64382066231209,57.63495304167999,5,4.0041646117082745,23.813644263045596,3.078425559122098,5.947945713857569,3.5567770146927744,3.104102649883461,1.5342311751046047,6.737518207430967,3,6,11,16.75627421466594
31.872361149475907,84.04560974704395,5,6.382509853969889,21.417497746698558,3.9914680996542886,4.076724581481159,4.156589805431778,2.6167758015714937,2.6885104554154857,9.665486709687084,14,2,8,18.7930896249786
33.42245631703773,85.80032266746436,6,8.857616941126192,19.41101321737012,0.28580434994822923,9.796901033910379,4.379808818167691,2.445361730488899,5.919001216868461,10.9417188649298,8,2,2,22.170914335368582
31.09301373731909,53.01404346043753,1,4.232884884198364,23.059238349152373,3.9290131385319973,3.0942558585715476,11.750170075346341,7.345532904416566,3.4394439735215623,12.809805788888573,15,0,12,20.74463393366228
21.031901496001986,59.504276581139365,4,7.7392505680554855,23.118620249580154,3.800758467989595,7.574142789089233,4.329066047665783,9.07893628487426,4.9865864971173925,4.573915594757297,8,4,11,22.189766043629515
35.51766167034114,83.77417494876798,5,9.71824424679406,22.396715834186367,3.4085556010382323,5.5820695790020824,1.304271710620566,7.860563659352245,1.5800575052714732,9.409718664414912,18,2,4,22.678461082139307
28.781891054720173,78.40246846470369,4,3.5893476025304825,21.690793108880104,1.8165023034081669,2.285071455144654,9.339946735621819,6.741079659583406,5.735524151157138,11.624724174519066,13,2,3,18.290941412023177
23.649448527400075,30.219378680678957,5,4.052695702327367,23.206754728510344,3.4836094865356975,0.17483287408542658,4.39275949898463,2.8775756281143017,0.07903931230317474,4.588640258015824,11,5,5,13.274316973956953
26.504563708753878,49.20357385101495,4,9.055760589965686,18.979750091985355,0.8833296492243807,3.8376409050408347,7.45123094071012,5.469634752944371,5.58147131348995,8.142259132478321,11,5,2,20.758808414221633
18.751421807978147,55.306454516167555,5,1.59642867815183,23.589600758064268,3.166623341551321,5.476853928773087,11.092324947167604,2.3696717262493685,5.3880233418333034,8.036707150094916,2,4,6,16.892810005842648
20.55733602444835,43.782977020993904,4,0.2859483835944232,23.68321889526341,0.7409532124842166,1.8319040095346661,6.9060669213365315,1.1150710420695753,0.40413729864134895,12.911488322659507,18,2,8,13.256806135866562
33.310935010317216,41.97429695375632,6,9.088890048491118,23.2319542439828,3.261448013884719,4.145548858612267,7.652402140294655,1.2029296240052767,3.6290803638579945,12.104983205878872,10,6,5,22.85626971467463
18.00023269510732,32.26707039574078,2,8.215915741175802,19.503972208268802,2.4581165330562276,6.151899306589598,7.714350773581632,6.0376910523816605,4.711464314793716,5.015044439238228,4,0,7,20.15977212428163
26.331316569645843,68.60218350418563,4,9.725830325513321,23.149070317863774,0.3921251180541021,7.149231264211244,7.348790229102184,0.3847965877680759,2.42284728565904,5.028384744697931,5,2,5,20.133516470027338
28.45020362171177,45.75061742898994,2,0.5823778271067825,20.98582927102615,3.581278221428901,0.5274252990653738,1.9172325297714492,9.732544958036176,0.5511438840123206,11.403603682243418,5,3,6,14.381308541231641
19.092688400019448,33.140830705878784,2,1.5617733044098725,21.56958142440495,2.3118287818209775,6.641808218023608,5.476984976985065,9.954664634965248,4.976399565150188,11.614962258180974,18,3,9,17.634140329106014
37.461563259446656,43.85875863168382,1,1.0531255908980885,23.04360373502487,2.6249931125484585,0.5666730887771987,0.09196823972470147,1.494246912494307,2.7989899052561595,4.325698341191927,13,0,12,10.435891557261789
22.52250662499344,78.11483717016759,6,6.834161322937092,18.177497067271425,1.1340401426064401,0.2818549535934378,7.515177648903998,4.273024096980707,1.5795006085014145,7.3453450750530696,15,3,11,17.76359522260288
24.083974392725615,81.0893508987928,2,6.060100737471432,20.177655553053874,3.486542015691226,1.5241202591050573,6.904299540314867,7.680760185554817,0.42513264257493355,12.735021210563083,11,5,10,19.124220672440526
24.078850245100547,58.98397471159816,3,3.593351993872597,22.894160263466794,2.180802940614254,6.536440572115653,3.8176466308898527,9.550668269525321,3.8410310677217208,3.0324685001070413,17,2,11,16.641612620387754
22.608333242346998,54.96424022452117,2,0.5742347940224501,22.883728702810338,1.684481137166014,0.5282144288445667,6.286746038042445,8.91321174442565,0.25381116643543566,6.860629316209162,21,3,1,12.592365099147488
18.029476441726228,88.6712216101069,4,6.3966198404654095,23.092127561297595,2.13712698091327,0.20896212205574138,5.91669338289692,2.547551838926644,4.74656318510418,10.379033415198135,12,3,10,17.16653220997515
32.58689588175993,42.033879575284196,2,5.701204851150567,19.015295400836948,2.8132523258711064,1.179595113475539,3.0109825913070143,0.8519693380961513,4.624512025868172,12.024128298430693,19,2,9,16.203777891649814
37.33690999598571,42.92155697127651,4,1.1290321106061574,22.23531970936776,2.7801915027970803,9.49720990710571,3.5194505771111153,2.887293607523931,1.937656205612981,10.484552555871533,8,4,3,15.838177186468078
22.485869665700903,47.512030622183985,4,9.08909704473714,18.87902004303251,1.4303084038312508,9.072777499272165,9.150491959545008,4.3723744309967625,2.8337240512491566,7.1677700492047105,17,0,10,21.93342553714165
31.26094383606845,40.36543909686524,3,1.9894970967199055,22.710588053706154,1.541033120425042,0.8646597509965404,9.068787830180746,3.5993831721272453,4.015317634892083,14.895364257515109,3,4,3,16.280620401074522
32.837926539174305,52.761935892251195,2,7.435091521438563,19.470756026727045,2.2489527713537085,3.0401318351656306,5.637385802878109,7.7386912289967835,5.754743136383519,2.5399206594661514,10,4,4,18.354840829698098
34.9685075818105,84.65005361938523,2,8.850758625429481,22.426906365521674,3.6976284828679518,9.472924390472667,8.610107428991755,2.5778788789832396,3.120906149981754,8.43182621570218,17,3,8,23.482490735144
26.452583940272184,66.92087043771446,5,5.794749906937085,20.730009711167835,2.981721067863902,0.976876734565012,5.409615362771234,8.58637115736892,5.980078434922659,8.630715207515037,20,1,1,19.292355112384502
24.058618112808585,54.71679291673582,5,2.4684890529825134,23.917580787316634,1.5616599414622265,0.9459598198103425,10.216488418753585,2.256344276067841,1.950634732930614,5.117285259340328,2,4,4,14.430687814340633
24.505902680460622,86.06464767427289,1,3.092485176251414,21.479362984495687,1.3481305062070446,0.8600389773472894,3.9936801865033598,3.6135204493737136,3.158951679682562,9.263196364185973,3,6,7,12.660128135460496
32.252426661970254,32.90785394854934,4,8.857475337188323,21.795476185321718,2.094546696549258,9.764762390986759,11.127509998144813,4.478090677219647,0.6936933481002279,4.860746293237866,8,2,12,22.300300034907163
34.335589330112725,42.616570674111685,3,2.9825715637648464,20.208981083107723,3.479965475658379,7.431085132824325,6.5074038067760505,2.9121814255113785,3.338637444434232,7.764356862971977,12,2,3,16.668805381697563
21.632279355132052,63.95331630610554,5,7.461904833173043,22.4071209470846,0.03471696638350075,2.1448436735929843,6.4282543329570085,7.663722370132332,3.217879857368607,7.61124555816084,14,2,7,19.572097144034434
25.418820163155303,66.93315739159075,2,9.901652122554053,20.96931384662901,2.8419442731582563,0.4594726129650295,8.049724611912524,4.095472114169385,5.092883486748241,12.050590631081624,9,1,11,21.677190650330697
36.038803934983,32.37345039375679,1,9.998167193626777,18.108399810575186,1.1780490217510677,9.652415089115333,4.0902721297762135,8.87025773425854,5.9793095055128385,14.253694515668998,20,1,5,25.06625482778724
34.13387039389478,54.18232547442793,3,5.334797482693315,21.65148958725387,0.8335899208646795,4.254890417596911,8.691954850885612,9.635886585354305,5.91706867452148,4.636962349855029,8,5,10,19.474479603229305
37.69716805524952,68.94923788985236,6,8.265557967860978,22.982757542576167,0.04855198726703547,5.983753882949746,3.8451012316094393,8.598071525450194,1.4178071741107745,14.88972465090386,15,0,11,22.32648885539444
33.084965193641615,71.8842327842041,2,9.902498679211995,19.420810620362705,3.586362482501908,2.791962334981254,4.770465959505428,5.226251722764915,2.0306733219747146,14.224113980949781,15,6,9,22.0087985260142
25.863904020558444,68.28839415097616,2,3.746728898419822,19.326382530511108,3.6489938800257624,7.583603222909327,8.09644124151668,5.09808402613824,1.647942001967709,3.4644916021294128,12,6,8,16.49961041340812
29.812756679892757,49.23379346165547,6,2.5240958507030586,21.653317098715622,0.2456697665752805,1.9680234589401646,4.541389215616578,2.1587264728061517,1.1980773080242468,13.860758463531923,4,1,11,14.363103575148768
31.220285084946404,35.611207415874574,4,1.142333558421832,22.907875658552964,2.0872612922054423,7.869119333755145,2.3996894722567284,5.92277662473442,0.9008160792984994,9.339513085457341,9,0,3,15.875295263581009
19.569116326342478,55.626746785160044,4,1.408996380731261,19.497722027061457,0.6102978346944394,2.3060304333503465,10.46281750530608,9.527257254401016,3.070464075407187,13.426433297065785,23,5,12,16.148517338043415
28.889939182077303,37.72526624208333,5,8.535563636206634,23.593575907458234,3.0347502185930963,0.9791222568414348,11.065864569526633,0.8060652764707532,5.234992694381419,14.293257817301408,0,2,4,22.977639101091604
32.18641656945219,86.85741951124002,5,5.887230903070741,23.564324140089294,2.6615658870645875,4.788225545308036,7.520772597689382,7.524574143450789,3.5392054095647754,13.165793632140389,2,6,7,21.76007706073284
21.346426080021207,58.510251961357696,2,8.737091753924858,19.2032200314476,1.1885232518205773,8.132168068956508,9.733809254374242,8.69539554323852,5.235981901721188,7.23740862779801,20,1,2,22.84025636334826
33.61263434851114,49.03555046141206,2,7.8945508903216846,19.582706472340895,0.4678411241614615,3.8486469646216923,11.839828257297036,9.867034844956473,5.756967767501942,10.277869515104179,2,6,10,22.937164518182556
29.675455610282235,75.978244267134,5,6.737446300480178,22.203592865688968,3.3248826512295544,0.2887365066928005,7.37729702183791,3.3475771576693036,2.298848525730609,8.042014147605126,9,3,11,19.280323429696526
37.04443571395189,59.876915554935835,6,6.093121919068607,23.710398654146555,2.697009917139404,5.533097122982637,10.905511719000163,3.555741462349914,5.014006840302737,6.7638228636220274,16,5,6,20.401176785351957
18.848445964137834,48.602041440747,5,0.48338904178092945,22.259296132657887,0.02727978001021114,6.804713889235275,4.311056996644172,2.297752416571491,0.31401131363846546,5.259229314138535,17,3,9,11.395247665970091
23.30652275110934,78.7180645434481,2,8.722751960031923,20.66940029892323,2.511487123744421,7.406949453360068,8.405669230646232,7.890636259812462,2.8864389161292996,7.7396031028309356,12,3,12,22.9696788708031
30.03107758599648,82.02912906006732,3,4.178420616797142,19.01400807855902,3.2411841107853836,4.01924954309284,0.6696655955621562,1.4003960044801311,2.2097791244032274,12.477635028292546,1,1,9,15.68082682478468
23.93119824411861,70.38048997732062,2,5.59786857071392,20.766059093037725,2.3630722383059313,0.9701963149240056,9.46765866732174,2.677669612982412,1.229111316985396,12.972295036071651,15,1,6,17.83037661215848
32.288483281424845,32.81786534446004,3,0.2195350187702072,21.640606751823327,1.6988547067068787,5.843264344633864,9.957637736754808,2.9526235777047405,2.6303568578600522,14.45407174814108,3,1,12,15.922199581074013
33.18010565043862,63.97937280999193,3,9.36073501862787,19.9857115137399,2.33567351416926,3.2954788523818177,4.814105237687903,3.749306187235868,2.662215212474064,5.7780164817764215,21,3,6,18.984617477973377
20.05031928132949,75.7976947198369,2,9.027404610920014,21.06154692720054,2.4788482269893892,9.46887482274853,7.667460190527955,4.216649036119298,4.851237557560695,10.45516757025225,17,2,6,22.93664409238598
28.277089284135354,38.190180725014926,1,5.432780299181056,18.781284769972235,2.5601384957685234,5.027121080613277,10.300333228708304,5.590249647798457,5.213511670024269,11.019126325786186,13,4,11,20.205300911739975
28.177811111821118,43.7202450830762,5,5.773116331683575,20.71312862707552,3.8681802156174543,4.722660467989787,10.603297974108603,9.483733214978106,3.9417025459381296,4.487320342432245,5,2,10,21.96433828740746
25.38561540431082,82.94970630408818,4,7.050172124034887,18.544654913577325,0.7145911502334332,3.092095323183568,1.2783782917992115,2.4727974761079983,3.800328944679363,6.769464868013481,10,1,6,15.553875779114941
36.65849725139344,31.207303311184443,2,2.646948964361501,18.294532499693943,2.492372509255623,3.3878650538354793,9.929852958394768,7.792205889256557,0.6610943028764202,6.4493391375162545,16,6,3,15.810818980780883
34.550126397464425,75.16362826955856,3,2.2191562271330256,23.143439493595963,0.7519732785187379,5.127547840799121,3.2909202231132033,6.763902888683909,3.4515708726040213,14.816829931623214,7,4,4,16.12155165399442
31.944187638192737,58.426397550865374,2,6.740229466016327,19.23048950487645,0.8398268809960472,3.066647953149948,8.727682756052921,1.1605022974758339,1.6466686083957585,14.458921320580389,2,6,6,18.390614416690582
32.28653271469995,56.806329530376416,5,1.0442244615890817,21.4509319747676,2.6770315348294673,8.923048843684121,3.901969841910664,8.103767513604529,1.768576368656491,12.682982697984475,23,5,10,18.58220602447104
27.234322876262382,30.42579194969323,6,4.540620047233808,18.893896550459953,3.6638163398879313,4.390179324291087,0.6759560475669257,0.9061177962986489,0.5686479135845486,8.146867418842657,2,4,1,14.3243402808001
36.41989042193151,79.16389385798956,3,4.927604239990901,19.575165425455747,0.6361769883969663,2.920220840130243,2.5184485182132907,7.389262296454191,3.815208917322477,5.43293357961379,16,2,1,15.381468432018682
31.891908545065707,51.58949403819399,4,3.81336976915168,20.168036518616905,3.8498621350257043,1.5539483354114936,4.904061309925009,7.157867452377541,3.502850457104807,13.907535152333098,3,3,7,18.740070990352223
32.57962123311633,62.445937878032574,4,1.8526817569773468,18.86205861812862,1.277489304064916,6.723507263003581,8.89474344073251,6.894018616370677,1.3216354029891646,5.484566827100208,18,0,1,14.478387232875962
35.2338180757469,70.63804118013957,4,3.553162643253547,18.27577378206666,1.5652561738272004,0.25786943285584063,1.2084435277482912,2.766923434895503,1.57822154132381,8.785259236064693,7,3,5,12.806061718137338
23.48143178684382,72.15777458627494,6,3.3755725356044994,23.262958812108067,0.6147232957553501,4.4999578716994035,9.755209498801918,5.733669894901273,4.638007116368737,5.185942793495324,16,3,10,16.706913964521117
34.14141807733406,87.35880352956434,1,4.992656746487504,18.070997015278632,2.4633444234066015,5.501218203672239,11.963413103548927,7.615777908000503,4.75760018178533,14.626352604123271,21,6,11,21.814317444143033
21.904812059129842,61.88039719419655,3,6.7468084157851935,18.36792589701041,2.385681978495869,3.397846108803316,9.459091718149505,6.375919449285168,2.958507888322882,2.5429009056514538,4,4,8,17.733371997688007
24.906839044897758,53.98317305846565,6,9.682351235261706,22.830432964968615,1.7690789724105969,7.498177472750057,5.684838240346577,8.043057205447004,0.8940161737545871,4.266547637134895,10,1,6,21.840408816656034
24.712209085396854,87.22221758950248,3,1.4416326017432823,19.692050020638337,1.9043655595373434,6.7566049683793885,6.817922530151357,6.878823649259398,0.33355428649046814,11.945640110123271,11,1,3,16.506178350371293
37.57050936778281,68.52661410153127,6,8.730171099410818,22.336921806688185,2.491903503147563,9.713989875699617,0.07392609963209473,2.7444988809223148,1.6288131785906546,3.9687887281695273,20,4,2,19.71196194120766
35.13074447495853,47.889021376593334,6,2.841780003902624,18.877354495307483,2.3339861398574335,5.08766799289682,2.5112860542647693,1.5305654482313802,4.387114697363458,14.731544067698543,14,3,2,17.05991909147242
32.02339723180519,37.58785472421427,1,5.913727700014056,19.423690491580317,1.4970535265936462,5.3781236462938296,10.787857577520544,6.319789863481459,3.604899794032704,6.177580092504148,11,2,4,18.329368592081778
32.5411352323078,80.55327008791087,3,5.4673694798386805,21.43665909958196,3.5364575411994665,2.458393191938222,0.2607528328222304,7.597583808707214,4.308640612532502,13.942400080756904,21,5,9,19.87316072773968
29.24145588805142,51.73089616764909,6,5.569484186282629,23.931815030935702,2.670642092509424,3.8548389073072054,10.857539434763783,1.423229523656333,2.830487884789618,10.60961791622781,6,6,9,20.342140063740786
36.94181334217038,69.62818328186587,1,7.233586117188128,18.44066682095534,0.8216253223992349,0.2686059115830397,1.3590312975380088,1.7482045786242162,4.528235292162567,10.243527360236387,23,0,1,15.087645534109566
27.92517505764723,58.24898516195389,2,3.8168830574899593,20.403327587890992,1.2796119740229095,6.892747885976895,1.5968895595060113,0.12069347258406249,2.884834765611802,13.899841835258613,2,3,5,16.03831348837926
25.61035419739789,41.9357867877023,5,3.1909996323685563,18.25848582003555,3.1515124068130143,3.1162279968354003,2.104198930283069,5.317491810358468,0.5040885160954618,8.672631319280258,9,6,9,14.591804580724329
21.26070673863182,66.1011965172279,6,8.528345731854772,19.19535865593585,0.4181015240803978,5.403670096666979,9.592623899462357,5.4229104774718255,0.47914977235958633,7.2101144015441,15,3,4,20.332976769830548
33.72411304522116,33.64098413704094,4,2.200950402742703,23.444826161031028,3.0009279948971876,2.5499239641094906,5.738238904108552,5.000757917986678,4.989016315456178,4.829095820277121,0,0,11,14.63953842911247
32.68887864151183,54.800547592271535,1,1.8024603731114308,18.578760622738617,1.4353697645831813,6.210362003396587,1.7423595627605084,3.160100188117154,3.7777460052350555,3.8789705286355884,20,2,7,12.135681006692613
25.687100770482697,62.79689637982026,1,0.15607436655260876,23.141135528253802,2.2067641844337422,4.475824929540444,8.2416218359839,4.278112344921188,1.6747623546624641,12.292994588105515,10,0,11,14.592845345943543
18.503868279184587,56.162818447114745,6,2.1057778202918676,19.066819428660487,1.1222324686913585,4.818606523862941,11.288260395909328,7.662367704356358,4.543052628251082,3.663198229160314,16,4,6,15.638490235590252
34.779946554360215,74.92033051505945,1,5.185314333167083,23.170709079226224,3.945826287281711,9.426071398153262,6.869417690969662,1.8179688126210203,0.8144118454996081,7.122228179156538,13,0,4,18.866160220283923
18.228359669081474,79.67549727271874,2,5.385088730141136,21.228131778814053,3.623361168569217,7.0616032312386015,1.184400068646462,2.015478866549445,3.871460755254348,7.319818785054236,17,0,10,15.822973545337023
32.07399559258102,76.27458444199068,1,2.5442049119553434,23.26924004536106,3.713799347777007,2.6189973560007394,0.6570072741304775,6.669782647765901,5.936915698567009,10.638491918585348,11,3,11,15.550709606226013
37.40514219452114,32.328776868708125,5,0.7227417004119985,18.910221867909122,0.7391020719100667,5.039218177414254,9.550468318509129,8.669008735859729,0.9001172780963824,5.6206885934945925,15,6,12,14.627480932229595
26.75322656296407,41.64772622675834,5,7.446407963452062,22.572219307846957,3.3667603838470606,4.666728190519783,7.51300382849322,3.40393468236303,0.8516692515135318,12.896976196727424,7,3,7,21.71426046116591
22.699468099919056,62.19645055582646,4,7.579753485622998,22.084191576483462,2.141588404096361,7.950526068783637,11.071888069495216,9.32744325146608,2.8070064670521226,4.697293978093795,2,1,7,22.5059567619422
32.09742020086763,86.08932242662807,2,9.978363962915616,21.257600324357774,2.8314368010945548,8.333551140962026,6.567001812575855,0.5767607361765248,3.855968450402263,12.258932514125439,10,0,2,22.95973123586392
34.3425628403117,80.09740650312702,5,9.000295705347177,22.86352406646584,0.8700162669617857,2.834428227417254,0.7487448389166405,1.1851932032144608,0.15927801779965778,13.046869267479181,14,4,7,19.118356627081152
28.92860632155695,80.55207050110809,6,9.260620645176425,21.88965614656224,2.847938583916864,8.211514539062364,4.844242199983803,4.599596194931458,2.998025471768904,4.5113483231269615,3,1,9,21.286222778253236
37.340705505122926,48.192491625580494,3,7.982038257439418,23.2622815476465,3.6570689782891845,1.7950140529100145,7.895888263097014,7.234852276285395,0.49902211053172585,12.522405842349057,15,5,6,22.068963600664702
19.03337443315922,55.766873824722154,3,6.155028533824991,20.286372880713397,1.0699255433951995,7.627705545376954,4.618624211247157,3.7083696473560925,1.4479426608168648,11.278621926642485,21,0,12,18.96472251239769
28.09591196609056,58.24235683895624,3,1.2854595760451049,21.539539069642892,0.9334394061980262,2.4878454380136072,11.995096760882795,5.547472901676015,4.27438571874682,13.366912766717693,23,3,6,17.00564707699474
32.369078946451,39.442295000994626,6,6.223132974558777,23.22360505545427,0.417658193893911,2.979311574132959,4.864543364084941,0.28570685642601235,4.43318968546056,8.629588123437934,16,4,11,17.599119433003636
35.252809422983574,31.86408781466738,1,0.5595586041462663,19.288884384624808,1.067226701246644,8.52467840188994,6.554833517370602,4.618343116711965,4.378394703419348,5.040134602326564,13,2,6,14.704239537604375
21.5851122381558,86.814173967631,6,8.852991112711923,20.914448139701125,2.14316904726245,4.20074865056297,2.7047043914841535,2.4257553447514155,0.3908780042926361,13.856516577476276,1,1,12,20.24174467238647
34.00006963527363,44.4427551398104,1,4.8182133541419745,23.764450930372014,3.3308651657502417,9.905658248562961,1.8256584516263006,5.163688405358549,4.720578652442255,12.270567019808672,21,3,2,20.62282722339366
29.054141514370905,44.39693422341788,3,6.974728319758002,20.841610808968106,1.1152010506305579,1.5194302990744113,7.743666462759011,5.258332053114369,2.593242029263016,2.272809834680193,14,2,12,15.725365112451023
25.931073639799266,35.002743226125574,4,0.52243663695964,19.516976671173243,2.484577556277254,4.633490380396834,7.063352962988185,7.531589280770553,2.8518574803068706,14.212376621828271,23,0,6,16.29752679725981
20.63430057158187,85.71046511662672,4,5.342484229228254,20.10645743245943,1.9183627966921595,7.324503309089362,0.05206628887541109,5.398416278669021,2.518142837432978,14.330828362442627,7,4,6,19.083009187434158
35.30591517817825,64.78422689638631,1,3.0126339785336254,23.31050471624068,1.1543161624710865,0.0536705797850745,3.417378417572906,6.142691727779214,5.142134250055285,6.618953700094678,12,3,9,13.53780750570265
21.14546416359431,70.02221142752123,3,2.8496826573724565,23.729298232605302,2.041436324778589,1.5185527819301736,7.722954876154972,5.296465817300435,4.079822178475998,2.130237344565237,2,3,2,13.550515580288993
24.195757184181986,84.69461323578315,6,3.896559147031825,23.700645856116836,0.6718495855835087,0.20356749410980313,9.746992148789396,9.903774343858295,3.0001550501427117,9.182985175730717,3,4,9,18.355092690367023
23.800910639248738,50.73721013404737,4,0.006394608605349017,22.19365435181143,2.5583102393940726,9.928778653827537,3.7484238364781315,7.916193619232242,5.005722131557276,13.87778505022657,3,3,5,18.09751810235128
35.428280683817086,67.29043866828505,1,4.666608817201735,21.057611332947673,0.4626508847354027,7.606246624214705,7.769236431466246,7.556450280022728,4.832180978417235,3.617723686762442,3,3,9,16.606832701149486
31.45405988417796,32.327967283733244,6,4.865666836079383,19.096133609444053,2.9239221005729124,3.7355909774660025,3.1830951618101544,6.272594609937638,0.030264983037578297,9.676625934350385,1,0,10,17.895407513392566
33.933627943827446,41.20635169386776,3,8.631309158390641,18.739326072422788,0.7108507135420288,1.5628493469677573,8.284558735550835,5.283706993308375,2.8732797877505654,11.513000642725485,12,1,10,19.728520051124306
23.00935797584998,79.87474830539655,2,4.485256078824824,18.358599645848077,3.992636613267487,0.9038324280345067,8.37537598394955,3.4475713960636902,0.25347665752687965,3.750968186810379,21,2,2,14.524385465787361
30.497481992139978,76.00610138030015,3,3.6355629386767285,18.106289457053816,3.294690379041648,5.319072005509119,1.562681586235081,7.83967926088211,1.8431188897042936,8.672554325468898,7,5,5,16.69165802827598
29.434919662874975,51.03856148742881,3,9.947470513624634,23.26870033263409,1.3753612154388892,9.75891318199199,7.981077407724059,1.8960916638719472,4.823024060775067,3.154455559856716,8,4,11,20.345865000075783
34.65660753576542,52.60863766645275,6,5.712133246024963,22.854517894820066,1.7048190891572492,6.7461094465776394,4.002806180164436,0.3654889993941912,5.664314112647582,9.255640258541941,0,2,2,18.623983938453556
36.12174120962521,62.01326601321477,6,4.726132086341394,21.406928283002824,1.0367640844307537,3.6513836825872947,2.071139179111529,6.981720445281012,1.4523999641071406,7.747502909318072,0,4,5,16.127101268613487
18.243135429547735,30.01446028110807,5,4.959358345483794,23.992339527226285,3.068458244719997,5.008509732374883,6.00433479328529,1.4485169677873355,0.12855089300916478,5.441074302956578,8,5,7,16.708339104292495
31.480398381175853,44.47466016228167,5,8.09181297508805,23.718312433209846,1.522907879831096,9.989033679394518,5.427560206904655,9.03826082760931,2.4140180626452894,13.090047009342824,10,4,12,24.67725648538893
19.03671598239458,42.493908516492866,6,3.4067636897016085,21.93065382428824,3.0207420392781428,5.187662288844504,9.286497732743964,7.706813869695144,2.010713032079031,6.963263201314464,15,3,7,18.961889647472656
28.97717330154712,45.02897680498581,6,3.891604626859456,20.787447402241522,0.07360621872072226,9.642014857763558,1.0141861099346223,6.022443778273,4.061797096373046,11.097622015795087,3,5,12,18.2466230296346
23.752654580873564,78.35435055200648,2,7.558733593374654,18.913024296678778,0.542483838018383,0.16361718817826,9.47703922598137,3.1392465367460876,2.9703460346904156,12.278874682812944,14,5,11,17.72564943498871
24.135531990442825,46.78043139278659,2,0.7298373961376947,21.093562831526114,1.4598973388102743,7.209631282341725,1.272988345311548,6.379423590898403,2.3930835808292286,4.322162705444189,6,0,7,12.48324517833218
25.05917006904713,41.49127932300889,3,8.651691581432587,18.946462037313164,0.4356341335783709,6.271614492131166,2.489508336948743,4.768566898850057,1.3773335862409979,3.548475537357464,1,4,5,17.51300346964827
30.425848980992203,60.25580764758189,4,4.302026964679699,20.390707825477133,2.4045119691849632,6.853298584573216,6.190585419956053,2.911484678196643,4.970882391502176,2.1018572504671824,9,5,7,15.468827918711336
24.680999313375384,81.93870218236393,2,5.812929755056484,23.655888650596506,0.20332839413649317,5.705670892574528,5.5580952002690935,9.450789770967905,1.4903357208373798,5.975502559594783,16,2,6,17.088252493185625
32.65398101180561,44.48098223024999,3,7.574761592598351,20.051873936013823,3.439051978357372,0.44176776241655835,11.866307696808578,1.618894153664926,0.3284098742612318,12.607423871432193,10,1,7,19.93241324221455
26.09054771147739,34.71217456756792,1,2.6605192243934486,18.916723641860802,3.0452319950239297,1.495639354918259,7.073684559149273,7.53383749420877,3.3876630507840657,12.04595577291821,22,2,5,16.16272889599173
19.367064006199172,51.38428415097988,5,8.903142083206511,21.494379625417288,0.8650259169118097,9.222512703352146,3.929227142962967,8.000385678918342,1.904092477258988,13.333477234266171,21,5,12,23.841956077782182
33.675196849682145,74.85910947389867,4,9.792249722566108,21.61418504476483,1.9351676245188711,2.329250083671166,10.801786422527826,9.517946081783288,4.274610824638868,11.887802642206166,18,0,2,25.241762331378442
23.71516649185412,63.041432681687674,3,4.9427436140612455,19.162825454807496,1.8072523136436822,9.929372693269418,3.746579481390044,5.4941642980215875,0.48523001055501225,2.3118904549158055,9,1,9,15.213303109246603
26.65533759198525,79.00760217446086,6,9.369373650326732,19.179519525491763,2.899458461361511,6.795884843946169,3.285307622259481,5.3487516101436565,5.797845386551382,7.011729306246617,3,6,2,22.001905094962638
31.70887766443803,87.57552885655403,1,0.011286225269827588,23.93729874794896,1.6060356018980357,4.443544901261846,5.932461542386314,9.202892090123392,1.1211480936204945,2.0770539501144567,12,3,3,11.470981256444983
24.64912314297424,77.55974860509701,5,8.942378296355283,19.45968643717327,0.1317411913193829,9.2004885643604,10.95809741367695,8.01093259341189,2.1423413838389362,2.4686631798931096,0,6,9,20.98142566861708
19.13171312293431,66.2281847306252,1,3.1104531975130554,23.029152208701504,1.0949434353993546,7.949861896174555,8.502171063106063,7.636364795454041,2.885729760310637,8.221263495838706,6,6,2,16.71644274934413
25.47842094025627,59.600495283142834,3,3.114954247276019,20.821942953275876,1.8647832209481683,4.28965079584902,8.129798585607965,7.891370542113122,5.340705052946644,6.680072069546366,8,2,8,16.84498552754987
36.88897165388607,32.404145180896,2,2.2808886476993937,20.609935433476366,3.897968864642556,0.6859297226735606,8.712927180465154,4.931810914642869,4.335245319994634,9.260805620029878,0,2,12,15.2240598329933
30.83468794597116,89.05931872884247,5,3.170139011509019,19.769774496982514,3.524634667817381,8.683045745345009,7.915687329310659,0.41418617831046833,0.8689707881659825,2.8600922346245836,17,5,3,15.279773634452939
31.42958297334414,53.008867354502556,1,2.1348458369863508,22.642954781353986,0.7256245760087618,7.650399313583412,9.117556316015351,1.9826488365947914,2.6316817496808715,9.647901496815834,17,4,6,15.198935030006522
30.645643072752797,39.133692835012006,2,9.058691063099717,23.28396527064933,2.893103761963084,7.907348372907147,2.3131442607496018,6.429920876642868,3.2574711899548934,2.8450307943789035,15,4,9,20.21388052103106
21.979842779188736,70.0025313237874,4,8.990237272133664,19.56676476935448,3.7473018920591503,7.448587327255555,2.127099441139218,3.9616591842927162,4.212754345680201,7.507894668149659,21,1,10,21.081786686097686
26.3666772820456,47.05729734572756,3,1.0221131492062252,18.570580016094684,0.035170452141034314,2.757544893780829,4.345960125496846,6.067702483970031,3.4308859895840405,6.58064917699426,15,3,10,11.654752212339332
33.018795967266364,65.14669625586285,3,1.4285842886649247,18.82151731731366,2.883782694683304,8.588457196693376,10.21151734554999,5.516779027412593,2.7440093200720623,4.911323236389714,4,4,3,15.771524409812088
20.027457951063184,65.20607447067547,5,8.620186390106666,22.756821208597465,1.8373339824446293,0.02232553144108751,8.573450585960517,4.386603055568851,4.593285897767819,6.055626480664067,13,5,9,19.262259830063226
23.557055521794247,56.74378925417215,1,3.9893777087274596,20.614961467917755,2.7209447851324446,2.3727627838375263,6.797680114113231,2.347280214809462,2.2683457708599226,2.0068133529162497,21,2,7,12.678381188344805
23.526382169317074,80.16711693270256,4,1.6927167733927828,18.791487950464337,2.422357094287161,0.4655959882419569,0.233369249737438,7.189598907786351,5.923036247648618,6.21321606540782,0,1,5,12.745822092888954
26.64037855189012,45.89802369332658,6,5.106694024365672,20.041729238517746,3.938661977822806,1.1059645666896,2.8296274072303986,9.090451297513958,5.686695049325174,3.0193084490713775,5,4,8,16.891321066561826
37.6073748188437,56.91795549706405,5,4.16668049920095,21.085412897118317,1.1552616251914714,5.3237913751750545,9.642167310598786,7.6996371895078966,4.244282427589681,13.976928245725835,5,4,6,21.368713724200358
19.35005093367644,62.261527715458286,6,2.191615537379652,23.11231010307005,3.144571927477059,0.3725618994103441,2.909840317010624,1.2003823612214926,5.29567154521072,2.9663274406089983,22,0,7,11.551473561147693
28.3740198876119,69.81748324603798,5,7.207522182776343,21.85045952535105,0.9385595532522446,1.8138104770037955,8.763482366291369,5.379497384997814,2.359053096422194,14.390376540303768,11,1,3,20.378256080035044
21.58729364024421,77.03831103033536,1,6.312893123327309,19.056196806480003,1.7424319102006915,2.327401473908277,2.215611179158608,8.35366182365582,3.4888213271878694,8.388542351665029,17,1,10,16.71168961512142
37.413530908194886,53.688436972695364,4,0.9966161355544056,18.952216274150018,3.901523495869647,6.553388051372217,7.276410698392303,5.9098178210369925,1.635930984185557,8.671251018812804,21,5,11,15.665337528084255
20.266070094549285,68.76281664579577,1,9.253867143253425,20.474005293799934,3.0645451840566102,4.688205244482319,7.53853640040602,4.395691609135377,5.313835820289405,12.245634602854642,8,3,6,22.00468327979953
26.072020047231824,39.03665718411115,3,5.584699657300691,18.45115708621054,1.2632850251342362,4.584125230554584,9.02359470823778,2.8454634980492086,2.826150229169826,11.03993626338988,15,4,11,18.563112758982662
32.75769969669212,85.95888603254872,6,2.502044870635418,22.53346317170324,2.4774771323677998,7.684325542576245,5.260108810747679,3.303907505864301,3.2168616712780187,5.081794597559545,14,1,3,16.599839378810497
32.091088560548904,52.983528385260215,2,2.062918150723635,20.408722921822633,0.19876833401109995,4.567214120743351,7.59209638902567,2.4215683009801037,5.187404787641614,2.331062537572817,1,5,7,12.040813181304852
26.454572737878646,73.77128531858631,3,1.3594798137220154,20.05814263668834,1.0655796664838788,3.4848874291804632,5.84363746464342,1.957264513043414,4.783671047516,12.119839719010667,4,3,10,15.208601821506582
24.930483359054364,31.22046491293066,3,4.246374063903508,21.054649994348615,2.873561958414458,9.624510456043328,11.368056544779755,5.888651486188295,1.930459190111229,3.6866563899129394,22,4,6,18.875689276168092
25.952247571057413,42.31122857428842,6,1.3554101309083677,22.253740822577086,2.2803742783532996,0.08293309437857,6.262568724222088,5.093848036135818,0.5245656213479017,9.778799970805977,20,6,10,14.078565768358958
23.285525263172786,59.22495265941468,5,4.158164125952261,21.416081666958313,1.8786914119070892,3.053930000753838,2.515174597538254,7.348330842078829,0.9725592120783679,14.254213061191129,12,2,12,18.523956025180876
22.106658774135994,82.69514806394079,3,1.4877042823411768,22.814416690331925,2.7635042400638525,6.093927163797231,8.014710589663636,3.0792953735820916,2.0345751194379385,9.142765368598592,18,0,8,15.779754799850787
27.6607939511778,61.635308997040624,4,6.568075215238894,21.776175383220703,1.593835563279304,7.828092360528053,6.581607938500962,4.608240805757972,1.8317449789893825,5.712452361511094,0,3,8,18.837949209280904
23.370675121352146,85.79222893763274,3,7.852420216863583,22.72782160444958,0.10462457812965242,8.164129547585642,9.645953966641759,6.803702190502685,0.2298632955475819,4.324427590082043,15,0,6,20.19555239100572
23.749233297945004,59.027813794967784,4,5.495227475227587,22.18069364138805,1.7641064940622693,0.4607313185517248,2.122939171118923,9.63233785066177,2.5923908394291777,2.3503488412869937,6,2,2,15.42813815779184
31.13512126949114,59.426945804157,1,6.800568748548973,19.15873704158242,3.6085167691730464,7.091320555575878,3.1312752320868578,3.48870401640493,0.6351020212198708,10.102184247780217,12,1,10,18.407418712150733
37.37074663399784,37.184807310031914,5,9.38378737084061,18.31412670111479,3.426460513256485,7.202536434718169,11.059549288772665,2.9820886961337525,1.3253383168541921,9.253987897147711,23,4,10,23.452398458603692
30.072744011187503,78.15937464913318,4,6.383715295706079,23.42038080302029,1.6359887416380516,2.140794214562681,11.160313358955552,4.49288370924363,4.724899064531297,8.002436900347561,21,6,6,19.642443886363917
19.539589341299326,44.81792474802375,3,3.641581981838826,23.673936992292504,0.08888576304153073,1.1277502847009202,5.307081197698691,7.238739634635536,2.9692772830343053,4.519028577877514,15,1,1,13.76041617111679
19.511672277081338,83.97674936233891,5,4.494801586749155,22.361593779788834,2.545229090481263,7.496861576953021,0.5730141854211586,9.615502979670215,2.2377183349605874,5.076214266262161,11,0,6,17.248580400695225
37.02846441691132,84.64945321982377,5,8.60525226072037,22.345234936175693,2.9647777111314584,2.495000062372781,3.6786608235115166,5.36536323315956,1.1126120055832063,14.460877039256514,6,6,6,22.19137745284153
23.945815806146673,86.59860671244898,4,1.307203189500964,19.620882482964657,1.1769743043370995,0.016738040836772328,2.9654718530553374,8.124402403965895,5.197680638444617,2.265253148543951,13,1,6,11.018121506998112
19.841339721649508,61.2138293461854,4,3.257370224504327,21.254650253290997,1.9066559984782971,2.2357260357686104,4.976122223939061,4.643998058209934,5.422138694159317,6.724650644516631,17,1,12,15.101157748042024
29.980891743007632,70.62562708701867,2,5.772800689704841,23.953437982227648,3.9674271809908337,0.31068008816312553,3.813607426543051,0.3985712869008673,3.112068103169176,2.5045625648757412,20,3,9,14.59327339110687
30.47297556580532,76.71095280369981,2,6.763895694084344,23.136861588420118,2.3053720519263945,2.491866866941286,9.94790812622945,8.942113092776996,5.527648303494226,4.4904014089040505,18,6,4,19.534824302595947
30.970096402373763,37.86087711902793,5,7.6349907543170525,19.82636611531198,1.4042996226462665,3.3501958233182094,0.036432229505448444,2.898780926985274,2.788733775169624,14.130771727890593,12,5,11,18.62822939475186
23.348040557150824,66.05743169984984,6,3.1820679599608717,19.806275194187343,2.5099555065605323,2.714001595379515,7.735582242137978,1.386656413026931,0.6434548416031125,3.9443160923238443,1,3,7,13.676790001645957
18.3022136842895,32.0578740781987,6,1.458591340091503,20.901463746888354,0.720089227456338,9.199370671792446,7.971242701872519,9.961614938287026,0.10223745631783143,9.810209009888503,18,2,11,18.24173183477363
37.30030738908944,59.85396500332355,2,9.548392096765598,20.427591997006708,0.79700949309832,2.3253294738528463,7.927518903468515,3.4739899627905677,0.7702668368009982,6.510285959851185,3,3,3,18.379728492948377
23.017860913822048,39.290560897213645,3,0.7639221713203947,20.226918277681047,3.6996988588560678,4.675348227781013,6.247136166174837,1.3653827733770263,3.7359379981188345,10.229625590464947,13,3,8,14.37685013449088
31.520525761050948,40.97537555772508,1,0.9580535578688543,21.76183145283662,0.9568001646773228,9.57427593844047,7.333248877317636,3.1154217843824625,1.9254311818215486,13.077857161008843,1,3,2,16.938890363853094
32.13259739757419,51.90285400155609,5,4.949425419019688,18.068954817801224,1.2431575168629765,8.791994913702222,9.725931738445082,5.138376267829124,3.88985401961924,5.725077334860434,17,6,2,19.462319519483373
30.200148341589713,55.94623000299018,1,8.192710281435984,22.58003781619966,2.1751089678790154,3.0925847453276134,9.410361344260576,0.8795708650298684,3.0478567394648213,3.022100717748161,23,3,5,17.27592315300496
24.258147884272965,67.39034547193123,2,7.745041063553267,22.440317980054708,3.5987704811104253,3.2649029495746875,0.4155045261409249,3.5262083436389338,1.9980754486260373,4.654338587721834,18,5,1,17.623705081911556
23.421925075281315,34.46570510631094,4,9.376992661940918,22.98195408356821,3.1257955588760575,5.933294025094497,0.3652384288477064,6.688564227760602,1.3120787969901588,7.708172775156038,18,6,1,21.19865566378119
29.95336565405406,60.22150567424668,5,1.416025756129884,23.04870403984088,0.17513568267949964,9.1786285075423,10.067337753245894,9.159320049035609,0.4862624628567107,8.695830206645827,3,2,11,18.88092081153325
35.32191267223383,40.95750781518607,2,3.7572725706243606,21.39839816856281,2.772118675593477,0.09999795455803318,6.896756250366755,3.974376845601426,4.694346368279204,14.244638537013701,20,3,3,17.886160800507792
36.93467457846791,64.43851050190452,3,2.8214212872171007,22.680443613739744,2.0162459307359715,3.9311979218518123,11.489128023230307,5.6456424574491395,4.914025086992742,2.2093257182729293,18,3,6,17.541595554710767
20.11811608807515,68.24427673567101,5,8.60870123554672,20.954370752883115,1.9022113680095223,8.497754863622239,5.179099162997709,6.360621999669441,3.248704879056067,11.849151950429828,21,0,10,23.95477910496132
21.0965722519544,63.402555393171234,5,4.883546202812004,23.7091790185098,2.7662334673021727,4.104699783867759,2.1209018567489255,0.7075347933782894,0.9425680368887344,2.942626566032852,2,3,12,13.753544330839121
36.89472517566159,74.29773062869846,6,0.2684793441566635,19.144191178724608,0.7849281848761764,7.200548752199392,5.67881894865371,3.422250423899839,1.581174276637533,3.0129873692515132,7,2,6,12.675940032499588
32.73070456669585,50.13655465445408,4,7.079644068383965,23.493702552443395,3.9259546546468793,6.919249024122022,5.238531695538278,6.842540151625132,5.7308714609495945,10.503719793137478,3,5,8,22.764462797078046
35.65987649659546,75.90639549798786,5,3.886980978266026,19.55118216760634,2.581226121089796,2.0545870963036728,6.206128577262196,7.356610864902403,1.355644762755291,13.816123236788226,20,2,7,19.005510881291013
22.052652682706864,55.96602490249162,4,5.311467633710123,18.61634024212111,1.4626246984474247,4.495945043669832,9.695366806523399,3.5595211017382766,0.34082880304724905,5.740052343886955,2,1,1,17.141439223742232
29.751717422188037,59.05106989935581,2,8.93787427009998,20.634626684441805,2.400808832280645,5.66186712812672,7.867007855241313,0.06736250349803741,3.300296831475057,5.5009803259006125,4,3,1,18.7021648417476
32.022791888349474,68.88612763566428,3,2.5673777463281167,21.689503454496357,0.8658834531584811,7.154629352440898,2.2233039287924976,0.06865600247428216,1.5714837453154358,10.030253709217213,10,4,4,14.224723018897734
31.602237708939455,31.10150303995344,3,2.4026467561217713,19.385939239199715,2.5353674594198248,8.223896315750853,8.813727076260736,5.381200177267197,5.74460941683275,12.091650801226352,22,1,1,19.589467091666577
26.16303381733396,69.2396532852149,5,2.6319250418008933,21.334777446865786,0.11286856295118941,7.599332111694933,7.102754559341179,5.514858965324551,3.4486073665323214,13.296468556424932,18,2,1,18.501903938592864
18.307897833826168,67.11510894432692,5,3.381079912597027,22.847360141607027,1.3647276456334647,0.2831146738523016,6.939728766452176,5.557194323777292,5.794888408225805,5.246179931604736,18,1,10,14.25645078802625
29.658521136085263,48.59082700519679,2,1.0735397464609964,19.542509794822337,2.9900675869900257,6.706378416016654,8.139082589227622,7.217530658303848,4.713459778673769,11.62258932831404,16,4,1,17.415777382344224
23.062030783592174,35.14765709396937,6,6.972196608085895,21.481933475485217,3.23191139645656,4.973154638556732,6.76758550387838,9.212693956941365,4.338508833697358,5.993757176423723,1,0,11,21.631502758940975
27.005084922857804,35.456126994782466,6,2.0739871782913655,20.03587557715848,1.0116776532558722,5.738617358535868,5.4901648360571205,9.901702077343492,4.982187500320385,9.082554963772928,19,4,3,17.37075526286805
37.151620301676346,85.3934248191137,6,9.261457472705857,21.17861080518288,2.157637845119946,3.729662127458769,7.684563393769153,7.010667546248789,3.6293132044713046,4.481082126823092,8,5,10,21.198040498180873
25.980706352848692,71.35675927355022,4,2.156863139098707,22.001514117449815,2.113971558756472,7.140262145869054,8.6847248346069,5.1399871762396465,0.06672775912597917,3.898026313079958,2,5,2,15.739286603404151
34.796032133288534,37.626156826244426,6,2.556420293087751,20.102535430896555,1.6858241855071219,6.738885121191332,2.709203313974287,1.409947983203148,2.3547886974769208,14.158946151739888,9,1,11,16.303138031393352
21.770812114985024,51.40339015853438,3,2.9702022881081636,23.966897294712805,0.9137319310119141,5.794864814563655,5.96459873085735,3.8417517939983457,1.314108526729966,9.113590255259297,20,3,10,15.484064135783475
31.449209960500575,65.54897963409579,4,7.68538097011416,21.382651190577846,2.8129129329150913,8.616055325893146,5.498069559181483,5.7245666567988085,2.6058760403712347,2.0596641109097185,8,0,8,21.071822798716248
37.54013908877887,80.13430230543892,2,4.276064874420298,22.94676935455763,1.0094467269820786,1.019000248916394,0.47883924733545946,9.998084811737648,2.8232971449957267,12.314675073490163,19,5,7,17.243796682200042
20.037862017458735,32.619655722780514,3,8.193346240306186,22.350811337464748,3.644102948626463,3.010232759202837,10.01326387708807,1.2698162331813,0.766986401091688,10.981311716407665,3,4,10,20.489013115090867
18.166398844543842,44.19798788820053,3,7.848537123557885,23.116831882217685,2.1140051644740105,4.951304152028278,4.528584287261092,7.930764711535562,0.1405892933341759,6.236476459507455,21,3,8,19.442191345783886
26.671655852652286,83.38493941772279,1,9.294904227674666,19.042805727231407,3.4819133492424874,9.586048112995355,0.8722707984145055,9.989401982890806,0.8292017600880586,8.031535672400203,6,4,4,22.373261080360248
19.852509661027344,30.54993301102899,2,7.566041551040548,19.335322258366027,1.1629708832166559,0.719633862818192,5.494789164917776,8.052912829710658,5.144562791899169,7.848433465064005,11,2,9,17.327615628822247
32.96768699352462,42.08394616763324,2,0.5191116966906284,20.92446706734174,3.2283166250349282,3.370774899848371,1.9377696730991678,7.671441595563008,4.535125169113556,5.572006037710819,10,3,5,13.371514626531663
36.29097327697118,87.54145055837796,1,8.372812736990584,23.113972058912655,0.45465433959997004,9.258905537259498,8.452972975615978,2.586811370640487,4.7933574291476,14.747241521265483,21,2,7,23.81625497756723
26.680419454175176,66.80411079133026,4,9.380725967054111,19.185639488345153,3.0673213680295737,8.979475674491633,6.861258902011818,0.033625071608925916,1.6578397160043106,9.070506075488552,14,0,4,21.59796311961478
23.17423284310882,45.70028199825039,6,9.93689192549669,23.82639499264379,1.547783399701209,8.652455707076022,3.2413656837352223,2.2598708809987755,1.4165951400535906,13.664632732384698,19,0,1,23.766174162809357
26.688066380132195,34.01946566375086,6,1.2526759413246513,18.765613849890848,1.8799603552743474,3.0839045600138393,11.405686309811689,7.898001150738954,0.22423445614387538,9.60962001360266,13,0,11,16.54799750849253
32.468956357000025,31.69148042683333,6,6.132732693265346,19.050467671083048,0.6672292810382912,8.468357797510054,3.500944179066969,1.0728119856574714,2.8336107668602173,10.972380606390573,6,6,12,18.9175932987362
18.18108323160742,44.68470477821563,6,1.994586658841594,19.003402700196453,0.07451075409756935,5.053394118959186,6.659962883723049,2.9611837482429806,2.2944531509206696,2.3840517652021314,14,0,8,11.498192087635843
29.789079789693943,82.88914917533464,6,2.62509640912599,21.516035718207718,2.6647899725131263,6.197788440423624,9.618813891492591,5.6250527097984895,5.015316601890436,8.653641142127036,13,2,9,19.117444525220773
30.26583369774758,54.95481925785057,1,7.455843382228579,23.505246489579815,2.350873133601673,2.388249054608691,6.166707575453856,5.798103004410229,4.091205351158617,11.376598177547109,10,2,9,21.03250185631108
30.75376493791871,73.22000214995958,2,9.776677176990603,19.53066832299863,2.4897126082786296,7.0667388891910115,11.530268109303421,5.429886904452975,0.8657156091364899,3.5842194970944163,9,5,10,21.639741692329668
22.840441599617545,85.09710212279747,4,5.948555014630229,21.318221120751367,1.0200070321076793,3.2769710425563927,10.126254803754174,9.808834953745412,5.922930842563613,10.818224512953073,18,1,8,21.07281600331571
32.281054467562534,54.482427696169,3,8.505844698222473,19.054635060284763,0.9571098515324241,3.4388042612065153,11.052228168010751,0.12285595650897152,4.623844398010532,3.0955389501333292,2,1,1,18.12983102845172
19.827829726635528,41.47664226224382,6,0.08883803828827919,21.786821377246792,3.3211852450769905,6.368171760935755,4.472431005053268,4.875985100792742,4.321425094102119,12.491297931514852,11,2,3,16.980702653074978
21.985406729336017,61.02707585141517,1,0.3663163984961926,18.73947801707707,3.0450110103729324,2.398319221740709,6.580265008935103,5.044206203278402,1.2996934956428445,14.711189922291576,12,0,5,14.816721794794486
35.54940093308964,84.48502122359127,4,5.967243373258634,20.947864605076187,1.3471604633654426,2.244387232458166,10.081995545920808,2.933221331209502,5.430939603697392,10.147549815330285,6,1,7,18.915200409366776
32.77446301453133,78.26246484826203,4,3.8898310160043916,21.931090882061206,2.5512228639027215,3.691629425960775,10.84200041163295,5.250712756587728,2.8435246649265924,3.0020126061814816,11,3,12,16.975452147479984
18.274911080226904,33.949790601789225,4,8.897578149731538,21.474767500533062,3.3126000166752556,7.780636250592336,11.332362935622257,6.732798408005756,1.7859357171989176,9.627794843479602,21,2,8,25.335541178141426
22.967525207396005,71.55436800465492,1,3.0198191308573374,18.840002896204457,3.555317768871795,2.2468204906314924,10.54982391935707,6.727559076505797,3.9290015286304083,11.631220037368571,1,3,1,17.27157455375687
22.28812965986329,64.31385134753722,3,4.3205102750404745,18.968240229088977,0.023225043636970533,7.87318390553653,8.76905884890281,0.878569757416906,1.2705117659184362,14.130247950922081,0,0,5,16.74444662938914
23.41612656073945,84.44779058078552,6,5.279091978315682,22.02834602894993,3.253849572538897,6.956052771647499,0.29057766638316007,8.024599806645666,5.445393784428688,2.59096299346787,5,5,3,18.532035617687846
22.95119540559773,37.348885011017835,4,2.7303883288624755,22.853455776538656,1.4015693369877034,6.790798804701494,3.7794413937055573,9.307098300857142,5.126061906401807,12.0755500145655,18,2,7,18.978123371290263
19.250525914856915,62.042166792279396,1,9.084948674532944,23.448446415177546,2.8735131391047064,4.747556737134105,1.5472354187211654,1.2361185796259677,2.7894682165749405,3.723562189746473,5,1,6,16.937820760130812
27.178810331936408,82.76776161071353,2,4.645335846580972,22.881669092076702,1.4856054583999985,7.458878333593511,1.8571032160817795,4.166402857053204,1.1439445297959,12.277622903981039,12,5,12,17.12104085172011
32.654669495723304,54.60142720450458,1,4.241556091190169,23.843543273323167,2.4249963471760596,0.13519520103879024,3.490886248594704,5.117502277870527,2.979024741387967,13.553233716343604,3,6,1,16.490655359827567
30.134634494348727,58.91969506397203,1,8.497530489343326,20.449510824990814,2.5871297600240744,3.056072581654219,0.8968854862626312,1.3482168934391303,0.8948293053448289,13.196156808629317,13,1,11,18.655773441056557
31.457433371961596,34.2276406600175,1,3.1197840164789845,19.986994525332207,1.6199710836649044,6.791374638238144,2.9163817478905867,5.033840502190544,1.6190933081302592,10.48735104694607,15,3,2,16.058043520659975
19.622983570724784,46.68861842693465,4,8.174653445109609,18.1691043140707,2.0511413245509793,9.872954242652828,11.483746038469691,2.0685883662438154,2.8963943435454613,8.509953174404036,1,6,5,22.071062738323306
37.02981420353574,49.47039895013684,1,1.2227285272134947,20.699375135928562,2.9052534876766734,0.025143410842759506,3.7433229430583492,9.353609574287859,0.12683844629283603,13.36962726120937,8,2,5,14.445680718060018
34.76983667686049,86.70734692469321,2,1.8278853336489964,21.908229314479396,1.9052210747794485,5.099722650337078,1.9165568390882828,4.484703418259097,4.594335621281209,8.747926383297024,12,5,1,13.141510961735726
34.101806369913255,46.96004163246954,4,9.508416661717348,22.892451847934854,0.05592194034066633,9.238364290370244,8.619602165037692,9.949012513467144,1.1814892631139862,4.471444663707394,20,0,11,23.267718771298963
34.45967610083535,57.652124116179124,2,8.42447490807708,19.604732296646223,0.051616787990063084,8.635393848166737,9.942061800626998,0.46511148267466274,5.199667543713422,14.256829417355055,13,4,12,22.539346755052296
36.654210162655225,70.27826541385679,5,3.8789890145640626,21.081547658215744,2.6452434001975744,0.23136194754421413,3.768454195157802,1.2758074436216482,0.13355896451916593,6.852778578399874,13,4,12,13.354363600088043
28.885079322273953,39.73100234447264,1,6.3845644871702945,21.97205738768428,3.388950149822392,5.295581273506852,3.341967726940451,4.4321080053988124,3.1927901442106847,10.116537366059651,4,6,4,20.072910663251644
22.00564035735252,59.18654322851247,6,9.429701894309558,21.309617195904565,3.1410941500559857,0.042871014169335586,2.901114574860402,8.743592849319326,4.659905729663667,4.588895503924473,1,5,12,19.773009131080702
30.335672157050823,74.31234236855445,6,2.1185890286408426,19.644124304414447,1.241601207732654,7.895749482323755,4.7191348687964805,5.552257903611765,1.427690599876046,3.437015267890293,4,0,9,15.33750539553419
32.85762987335878,82.01131278162396,4,0.5901047022300066,22.777694629770373,1.8845115399878178,3.0887484208934577,1.0467810940667017,7.323432206490064,4.245318361267979,9.163499852844168,5,1,9,14.33591440917673
32.75834786708051,67.5755564797456,6,5.374680645053052,19.040166074831603,0.936642960406668,7.655906619152885,8.029550718674475,4.235631572495475,4.3252069479204724,9.209729147835944,1,4,5,19.600993460426494
28.428980483337604,70.14321091901687,4,1.4259687866359327,23.429879002718184,3.9565996426666903,9.447933417035719,9.866715903077507,0.40512035847994565,3.8270619954848755,6.806650413515568,0,0,7,16.388524539270023
19.36917438667156,37.577008355074135,1,1.8731909271137515,23.71558049432887,1.0420257970409277,9.760850541551484,7.964187356870616,6.478125584337983,2.185516388382027,6.052600924342337,15,5,11,16.70747461751239
25.422258768602557,86.74658983478082,3,8.915391897315795,20.193439572451574,1.6650463713974664,8.941111808781395,5.054396278716581,6.340014571317232,4.710388788895339,6.864255337954154,21,5,2,21.830832907225375
36.415332169267145,37.95444464906894,3,0.07403458644891336,20.25709074291571,2.7245158052972127,2.041434531749662,3.467546968130871,0.7142803215625126,3.7706023060522256,12.33689279821252,8,5,1,13.45545691025411
29.688978195148522,76.4803762309079,2,8.168200264638685,22.459669553503165,3.504070678603104,1.946001699279969,4.913353974138884,1.7088146923828595,3.5423292548552547,6.650552295028032,13,3,12,18.20589122843344
28.766638865114267,45.88897930669913,1,5.169507763356076,20.737731591312006,0.20590273626854616,6.257804328862278,5.086049818646986,4.761557988878192,4.9149676150011805,13.977844757517204,8,1,2,19.25482446151912
23.37707028764387,86.01558862207509,6,5.5929438764530035,18.171660861595413,1.2040787041084857,5.440536822479758,7.992249941670085,4.466375877439763,1.467828258567062,3.4685120812840426,4,0,4,15.86603683827542
25.368978398331578,73.19757236216877,1,6.7176796045636245,23.519260366051448,2.2759433918578416,0.09534607801348849,11.136724267806779,7.524175003792587,1.3949277213364373,14.11049183247688,14,5,6,19.965684983735763
35.90692178306338,75.22882277870214,5,4.314449923080104,20.584502051794576,2.473252325504734,3.917273511513292,0.8470378733752666,3.874131369216834,2.3186813228936067,10.964124071994684,9,3,3,16.399782039279117
31.329260950536714,43.143550383592995,3,1.1561188819241475,19.220970603241867,0.28010975399944327,9.066910055171753,11.440243114603465,6.633002388256647,0.4387984120112838,6.476562031336332,14,2,2,14.608449079182398
33.74774053504666,56.58239859810965,6,1.028202238048238,21.333984438892717,2.656314951368293,8.983590189198619,10.922415402744413,7.044235400477573,2.0243608161111806,2.0891179025922426,16,4,7,17.040677300693012
27.086908461353104,67.06879167535718,3,7.543621991839426,19.313436975547898,2.112257462434297,2.039068840960349,1.412787604114666,6.450038595258627,2.437632471203206,12.431611086148646,2,6,8,18.38934981228904
30.60494438912316,76.19841709239606,1,2.210351432672849,19.236131998089647,3.3105095174485784,3.8196306915726073,2.2030203730240063,5.961255719044537,2.9703490971631155,14.601257018630552,7,4,9,16.50308963096913
22.96767217486415,36.23756255474338,6,0.281016836176442,21.274387964343795,0.8887567048332028,5.603660109960826,3.7391472173630746,8.056834806518502,1.5240807846055324,14.771711691868177,3,4,11,15.130881617968004
32.10921660566973,87.7419189872717,2,9.796138890989411,20.346253753136814,0.7801079400875044,8.527842650922244,6.715992491582303,6.571069734837102,5.441054686229039,7.504267733079043,10,6,12,23.292872364524708
26.552026674066745,83.41324023327337,1,9.803915193606933,21.437959669519334,3.173348887711823,5.319944392413483,1.6137143529433593,8.34184346412324,1.7104702066606299,2.9165571419804004,18,0,10,19.71986436344636
26.850910296294913,46.22091542973506,2,3.7814133734377986,23.98095262086744,2.815476515758465,9.681998124630349,2.404019439262644,6.366855267834085,5.109304665076774,6.078799214649163,13,2,8,18.535306250990537
30.986446491537635,79.36561458193992,6,0.25523844557113207,23.15410892622461,3.1666934423106987,7.99052137987888,10.83210352727615,1.5897301687428933,2.669714617464927,6.0266229901746176,17,0,2,15.927753802280476
36.72561242937853,61.0994353823894,3,7.272646585927497,18.04602479573873,3.127736564112318,9.530918729786219,1.3116075692511093,3.0944540639033677,4.308940175542382,3.330956145264154,20,5,3,17.560450166729016
19.28012693217242,57.70838889372112,5,8.310120604856692,18.30333425722434,0.41600270332184275,7.314922183763432,4.786539181672073,3.3035533248437075,0.665414327903403,8.82131576836547,1,0,1,19.617957384259576
34.49486474694015,48.86604634868432,4,1.2501369011580976,21.66047664078747,1.1143321891966034,8.776241393625298,9.156021331904505,0.9391547073690165,3.2678233214496566,9.859520220296918,8,2,1,16.469547013963453
23.84766220824386,64.85811519789556,3,1.3545861490923627,21.75753648679379,1.0403405445457854,8.310037923778495,10.662997402688857,6.923066574943702,5.764955369656806,11.474648017972747,9,5,6,19.059390579538615
26.878389090127556,73.79334706221587,2,8.222239996967906,23.269145064455962,3.7383491256673587,2.5383848174112797,4.032510751160254,5.951111463273798,3.997507256188652,2.663178679353063,12,5,3,18.586788685249893
18.43826657550018,54.655974297765496,1,9.219073887152348,21.774343047130955,1.9498662962013822,2.2953642345426872,1.9732500642907942,5.8975492178027045,4.921735562621864,5.580165287215664,18,3,4,19.062758636517756
24.02092155668626,67.75315158049753,6,7.907548366741496,19.366287231094454,0.4442285308000695,8.643834254567315,8.844139909146739,4.785173012674947,1.566422773065137,6.617645529545699,3,5,10,21.904542188018382
28.05262485260261,71.95877526931822,3,2.0074494916952954,20.811097366221905,1.158311623720075,0.8467773752032293,9.270693104078118,5.431246268331652,4.801013525330879,13.599137675745776,15,1,12,16.869887401209795
19.12352154694878,72.66730902091714,5,4.1152121943422095,22.85391240402713,3.487606594065886,4.085636046997319,11.76040132872653,0.08087291552646314,2.10752028721705,13.71809615000182,11,4,8,18.51175781258842
27.8219145876633,33.11796588787082,6,6.008424258659141,23.53694978759023,3.388265512661253,8.20657770285559,1.674502217320851,0.9624806944343611,2.910468600277885,5.379634233554239,15,2,5,18.26846515956658
36.54221257716854,81.58486834110401,2,1.602934738208287,19.421490713800253,3.6013579337621495,8.132393318411737,8.513050592032211,6.833529704653052,1.1277463062395299,8.335303746161863,16,3,12,17.00908047737347
20.107864362156104,57.49519888590288,6,2.106024926325083,21.237628410079957,1.55411509094808,1.3878281068026954,5.007510452815863,2.6146680640071662,2.914190328029224,7.521832720278379,15,5,11,12.437684507465814
33.28881456151009,45.74496490177287,6,2.82886072068555,18.953565301022415,2.565363845959986,4.877098008572094,10.975553250809451,1.0791153737461812,3.094211059833963,8.847198502683396,6,2,6,16.87412909380856
26.193421067519854,44.5058704487809,1,5.095132702908365,20.981998193565417,1.1126956795012948,4.798324027251308,4.893970612000629,3.2865526018804014,3.7339630697510575,5.719492204317701,1,6,9,15.743169385895653
31.10347429048676,58.98084677063703,4,5.108048871775476,18.540684724497005,0.7233013246094955,3.2372145243921846,5.351524506751993,2.544825499600215,5.211802765662222,8.01798141668315,8,1,11,15.627991688454559
23.20473195970459,83.20989236813756,2,8.142945193475526,23.650368419702843,0.08760430370547168,9.171811450643366,1.52155917824081,0.293724636248055,1.8291069283933834,3.8898153202131427,11,2,11,16.22467104657279
21.189845250827165,52.70085490095882,1,7.530102006876255,21.828338749695693,0.8937637987573979,6.531176120057318,3.8512414210905583,4.10557803307162,5.9048206545509245,11.224155841501974,12,6,2,19.50731294520893
21.20925228542453,74.9835448070126,4,9.13735675109942,23.12530045028206,2.4174965475690917,9.801874898443705,4.81008564470741,0.2702919616889288,5.086139722533201,6.806626115900215,13,2,3,22.44097843520017
19.40983891286289,35.80912385923312,1,8.329017228245965,23.989771045091437,3.616841254427171,0.6676621082675882,0.2101050525342112,0.003908558469830625,2.417535717149856,9.0514170081367,11,3,5,16.652048208039787
21.71293409802486,58.563402129063704,4,2.538775483056547,19.09599596823227,0.5336822128617671,3.9435017291093177,5.250893621313947,7.92473750653776,1.3599818515932154,9.859815827535236,2,6,2,14.760186651866757
31.284387699779366,89.50116842356414,4,3.3129676930399987,22.164860489757892,3.672046243861768,8.351375620988106,4.035822615207675,3.1497162979091806,0.4289674648141273,12.874834050961102,21,4,8,19.44938121443942
35.633812236870156,76.22626816754021,4,5.004232436325338,23.32191776104115,1.3815409394868854,4.226856692121592,9.646076829605903,5.67586384886325,1.4061851276137451,3.062871788550785,20,4,2,17.121403144565935
34.282513711823235,42.63170930643678,1,0.14271134563644594,21.45562900447074,1.707313630457283,2.618780270433242,1.285351361349515,2.9775076949395816,5.3071375298702534,8.275621942877802,15,3,4,10.720748233808568
31.702686197489683,60.08648842187464,6,9.039020062837213,21.838178270199364,1.4599141618749871,9.978075443171072,9.122533523074694,9.300236971701516,1.7521884685337876,13.622937043944399,17,3,3,26.444186689214245
20.208637268222052,44.017485818914,4,0.44344212562339225,20.446026537102824,1.6344325596788156,8.73124889702314,8.56813851932081,7.2918123150048455,0.8278788977524654,6.287367623465258,2,0,4,14.87386699791439
23.783748925918996,54.573655635750555,6,3.224412708166363,22.048565002299085,1.036772596750661,5.464736612994486,2.901387933397271,3.691702575636906,0.13604753655808355,7.7788402374369205,21,6,4,14.660118100570454
24.19613750644938,76.80504142409788,2,5.691747911964066,20.373467488176743,2.7944187132457543,5.617092362466075,0.9992600201015653,2.106269170529612,1.7860820620669489,3.1059670919585676,8,0,6,14.337843083808268
22.999138927952423,76.27348891742422,5,5.1784138860686575,20.85971782890869,3.0327324410806678,0.06862960587653233,10.102001349068352,1.3780638260044231,1.296916260813614,11.758753505259222,14,1,10,17.57778522866251
28.300113194194463,43.6860226741431,6,6.544598928258747,18.61747045573695,3.292451563409059,9.809945808831118,2.993160512938961,7.624186839782919,0.6132140732718516,3.1052804918904995,7,6,12,19.28029301449353
28.71107629759345,85.33339908929162,5,5.27520175294209,18.04685040108229,1.3651583334398683,8.062951619074916,1.746721436485179,4.530367573638538,5.70651480729108,10.202714724159087,9,0,12,18.8498790682462
25.137719503422204,65.5540909658896,4,2.290014257030344,18.33090674483368,3.058507564111179,0.3672935954462886,4.308439222958305,2.3196337889181287,1.6057312527398737,6.865186386903861,20,0,10,12.949545315441624
25.07578317472872,52.79545745772087,5,2.0107818779387188,19.15512984562561,2.5507014299072606,1.7633019215915646,4.810593883908624,9.196260712224332,0.03706097698579125,6.396073734405091,21,2,10,13.971422551086961
34.57111195812163,60.11613484685164,5,9.072470690754987,20.739622917570394,3.831664347361571,8.210312302974248,3.913055757361057,3.90096396532025,5.6656535012232245,9.611548016541004,2,2,9,24.258836168822018
33.78585696639371,66.30427520626462,4,2.6396673673559254,18.125964425108723,1.6991406667941904,0.8686554827196069,11.717773350083416,5.434927151888358,3.4710791177094684,9.379700064209494,4,6,3,16.167874645432747
24.155916633614915,63.59343191074713,6,2.8097723387951348,18.935619834925394,3.9692389115334183,9.41785727509567,10.569848031556202,8.577991842740783,0.49687778157047635,7.270888718234457,5,3,1,20.014589612644023
36.27576887746518,59.18430213217069,4,4.129528961003446,22.688667623306632,2.9615761200314856,9.998910621506251,10.475705957509064,8.333750634374857,0.18853186433367353,5.618479381978311,13,5,8,20.988802963386505
37.05630034005012,60.29596824536401,2,1.3943832714997395,22.57299934957228,3.1051110198359897,8.864328095802922,4.785211086249239,6.379536317254255,0.6470943815034567,8.60619388023936,18,4,7,16.840218065176412
24.534850840600818,40.58471462567317,3,5.072728444232403,22.738381750053,0.102819440438644,7.389039893575168,11.554435676861921,8.886237830710863,3.548945119772694,5.47233379231727,17,1,2,19.821999091438663
25.088498975861096,78.76397425828077,1,6.650317617021314,23.529245659180646,1.9895934053443858,4.872823511687732,8.208183555500373,9.520981614428067,0.3712296294267685,3.334337267474627,6,0,5,18.191078821983307
28.112683068439175,62.50561919646092,4,7.860004920773669,18.714426004407116,2.1133468492481007,0.8242957634737358,9.98393602446092,9.351141346168895,3.4088435809922486,12.388981814937857,3,2,12,21.484138328957297
36.82241625067347,37.86479170228218,4,7.114542418642291,18.978839257367298,0.16240040768239838,7.304462318422019,6.010501500652344,3.4900733564339492,3.9152461191882058,11.13002884558879,2,4,12,18.89855523853132
35.52638866284623,75.96942609496668,5,1.476359640802637,20.001321687607884,1.24852489396222,3.9686515402788647,1.9274075183922283,3.9717109620379034,0.8854606890300418,3.0965625154896808,12,6,10,11.495363822184935
20.051359251671798,85.94663870264105,2,4.56067144970924,23.490847193885458,3.822576722511185,5.702286311466745,10.642626059816118,2.405038649813168,2.9305964564983427,4.113872848706718,3,0,4,16.930141981786406
25.854614865428324,86.83841395421773,5,0.3858620080817843,22.652866458035668,1.7044457454405424,2.9339047614162816,5.837120872466093,8.368298435941616,5.783279577800778,3.3021668335189682,8,5,9,13.442440422995496
29.067423794995435,52.141063944670364,6,0.17797996720949283,19.944727633993917,0.7468079382332298,2.4215600951474148,11.622658909022363,1.2182460591049737,5.018930679001948,12.279232927593403,5,4,4,14.636955948933501
28.0626494510308,38.131012413645244,4,4.401304182738006,18.52581490669641,2.0533548281056326,3.2429695864640493,3.058332136830294,3.5508337016894966,4.340186084864312,12.047321220492964,10,2,5,16.00093160575653
21.877261358737854,61.10397759798391,4,2.52960494457629,21.698280156893006,0.135062308881861,8.13828023413713,11.908547897174692,0.09733196707920055,3.1064107467560245,7.30445006142835,8,3,8,16.39424534231683
35.17633542336309,36.75655376095324,5,6.833607948733627,19.540914994833916,2.063954799883429,4.2649154015956,2.6690961836657885,5.946462436239086,2.3656485355979453,12.678210250197528,8,5,3,19.818330020371967
31.538815659936745,86.03924511075704,4,7.2424078681341255,21.18691539581132,2.3770732241203514,3.1170791196254823,4.418001096281634,6.583843069492145,2.708608416727339,14.661465788453679,21,5,6,21.492109275936038
34.75816749703607,41.01477764130876,6,8.954037245582557,23.650820157605864,1.430777450212025,4.329703972749208,7.128198275099113,2.489875008655048,4.5876600471150555,14.616072069305014,20,0,6,23.75908767181966
35.175285586989446,45.16595159706984,3,7.6068251353903875,21.435703471886008,3.0503047923742383,0.32287365946468305,8.319876710213942,7.367306522989851,3.325787770550428,14.751147127500516,18,0,7,21.23032776824187
32.967117073314796,54.39819161309823,1,0.48244123136541694,23.543006618540183,0.5428563080040214,8.906042828153831,8.643386028076886,3.815367879200471,4.587923911755776,13.00300083858018,0,1,9,16.491953953219124
26.784212024994346,52.989868113547544,1,3.7162301035776766,20.35823271596925,3.5127336395227866,5.517615591668783,5.71502890713327,3.1171107845132062,5.819237822598016,4.820843538486091,3,0,11,16.165998568583618
30.21093510030849,77.67977354387334,1,2.730233517521221,21.800108023732623,3.821779641561681,1.0482622712066514,0.9219234823692228,9.561654232775355,3.8430849046278643,2.7464343457578435,0,2,3,13.084785743762625
21.207308122394863,57.379009233057744,3,3.861324498271612,23.363339843681786,0.004938098411554126,2.8840693194913527,5.952577820593215,5.886924644361093,3.6186213444612383,12.551578383028588,12,6,5,16.898499794714088
31.472908349498155,40.24609560020021,4,1.6007565896870157,21.52792386965483,3.370886640172637,9.835527488777746,4.016255430436756,2.5231939586449315,2.436971691059004,6.011068723301369,15,4,5,15.192969885891836
21.585065114785614,46.03259372916445,5,0.9770410369059346,21.689392062162625,2.024420595629334,5.930574264039231,7.891867308224679,9.832421518516934,1.1805237191324294,6.390798979248971,11,5,5,16.30097372516201
31.878991810203136,60.54680311125132,2,5.209845425084007,22.297847892487347,1.845622535354067,2.9140488689984547,2.1873070099885386,3.8754963833685805,2.2452044534828692,2.9489427899526834,0,4,6,13.683910275029417
22.591963215079375,38.8472350455681,4,7.203813108663944,23.292646543129518,0.9547164274975244,4.263456613659942,4.726947897016235,6.478297842571431,3.1205831430921886,11.291247348131995,14,3,1,20.085766620365003
20.3510260030044,66.69934053876085,3,7.019109019319428,18.52908036744512,1.7893001644465465,2.5847477943533494,11.593429848006398,7.238539146741894,0.2091339439316704,7.5998461100021615,21,5,9,19.59044581624821
21.30568980285915,63.94483839306876,6,4.509443221762272,20.02115629305652,3.8017085985205497,0.31804257119539603,1.0664087907636288,4.2229582030312915,2.8548301489337535,4.655451554747165,4,5,12,14.621614817867924
18.039842704381407,72.88213898293546,3,5.222789862889461,20.38610835648362,0.8431505358175349,8.420300321520541,7.228009895293924,5.359167851849358,5.1728959644898715,10.481992529749942,22,3,3,19.130643877614748
32.3747923570706,86.26227692276206,1,5.163287225086414,23.458257992335067,0.7161649538030495,2.92478641707996,1.087778748582429,2.3978192864162393,5.859746175201746,14.738492805957938,0,2,6,17.105141054060216
32.64802098116758,84.73527366606933,4,6.915703777680562,23.736047547097208,0.9675852162377918,8.38410738855012,1.8839478712795175,4.658217557666515,5.1332920338651,8.479204047586578,16,4,4,20.130346599167623
28.29866699826519,86.76453708412987,1,0.4792517595602408,18.72228278799075,2.2073367773490657,4.785570667139234,7.259212663356686,3.1080008801339543,1.031890476099225,9.882812573365577,7,5,7,13.579652913056629
21.227256021107674,44.682935821422056,2,7.0989610887122385,18.714646078732684,3.7211992617331995,1.828946369476272,5.327946270933436,5.474579330288548,0.9300791505918216,4.1171455901481675,21,3,8,16.569211712799135
19.671086750213796,37.89391839836128,6,5.822009007572875,23.609170765514175,2.2955263630610303,8.018686932046586,6.581987963402046,6.698903394280301,2.3598732074373054,4.092444696323753,7,5,4,19.629771011233014
18.38257932874574,48.136602029786914,1,1.981087146715742,19.774631408295555,0.9739299064232836,3.771114810557945,10.558466047141113,6.1400520086033294,1.3525828235499053,7.957138445879237,21,3,10,14.700171270889204
21.314963539304415,83.70511036597887,2,0.4905885374626451,19.450886514222915,1.7618092612850482,7.077291878066204,9.80688291013167,7.767167606088843,4.055967024723675,12.981884729366584,21,1,6,17.704138635288754
35.81711069966293,88.3232084774093,3,1.0852779055788842,18.21373719452459,1.561600527142983,8.372296690287325,10.655777393142152,0.41530029181384376,0.5073486268538396,13.818950276261127,14,1,12,17.855581112912635
22.830736834033637,81.55949706422857,1,5.246913414192696,19.653575608623893,0.18627787944974905,9.629856563438537,7.395059050058547,0.7859676105766245,2.6623154972200744,10.342771868417637,22,6,12,18.038019916628343
25.085426544344315,36.60106326765262,1,7.584085300912829,22.16115856335593,2.0425673941162343,0.8581453258624194,5.875718036568171,2.053141062945457,1.6821374773164588,6.686756371105439,11,2,10,16.156038461861257
20.106909689626665,86.8456798835876,5,3.3465728712450113,20.55621697643737,0.5040255465346952,0.08386481840437332,5.510370981360262,9.858025335531039,3.572417321998925,11.750510851368368,15,2,7,16.429259649009676
22.447226094963405,55.401481641047155,6,3.791239107052217,21.101222109910562,3.3689761683355,5.484249815224475,8.877702674669328,8.002680527449789,4.782390118763795,5.795225199276773,17,2,12,18.920722883808956
28.384491415604103,30.55861744574122,6,9.341464150461125,23.503773579689312,2.195851637183587,2.6424096187500012,6.255598539899555,9.241210172478715,5.541378850088821,4.854190095431418,2,2,10,21.53033534714953
30.15505366191305,56.54362444489162,3,2.1301308403257604,18.6881386960279,3.3784259304695032,4.6910178974357635,1.2692255551466256,2.720903515387917,5.783116405332514,12.340558116146564,3,4,7,15.547870967238024
22.90704628332422,32.764150180528056,5,1.0374942457535163,18.427444291455593,3.8241787495121646,0.7265868715610746,1.7032682886991357,5.738564958410699,2.1071672038439653,11.767134126077666,14,0,9,12.733299390273732
19.154643184502344,62.632675269667054,2,3.4341011380001794,23.111584494743365,3.7727531630011057,5.015890466733596,4.284993212566831,5.548847962561473,5.135086690982818,13.46737002800217,13,2,8,19.723622371698966
25.82065738254797,50.31324164622308,2,7.459221194922737,22.64913478458424,0.40171733723021497,1.248556531781404,0.8138804636542645,5.695189511562741,3.551778412273261,9.494290843680929,0,1,3,16.34686935771631
22.68406741852668,58.40609601564293,3,6.260772910561318,19.582405121670195,3.779268286200028,8.385877581990512,2.8707746335191624,7.175669408695834,4.153532487264738,13.657289579689325,19,5,4,22.648913565256688
22.39107846459604,66.79022164458702,6,4.157954393695692,19.945404758244496,3.1829888311580405,7.594868026364567,7.876810238562557,3.9398003136434303,5.106783399962098,2.344218733635163,16,0,9,17.559552750207065
37.197256054269104,82.12806574906921,2,9.647525328318306,19.86166701465396,3.110632421043164,0.7407357821724214,0.14916374756695872,6.772103601931309,0.7806792593704934,5.298306063000558,16,0,11,18.233317499432307
30.32600971851448,69.71409458831572,3,7.349964382945733,21.886852788131467,0.3605141610727016,8.363503547279342,7.2491143869779755,7.884370441276939,5.684443608193464,12.457908924806512,21,4,7,22.351306966192432
29.137568863441917,56.04293210869084,2,0.6186142438329378,18.367269041933877,0.7180588091343965,3.249584924246226,9.268283078421963,2.8907323599827306,3.2843825425093542,7.5075565127221635,17,3,7,12.51059175779321
26.315502070466437,79.1656712202219,4,7.446314438540483,20.93640951158236,3.9006535196590737,3.528597428773309,2.0418450183731682,9.457431990549885,2.0160199052495864,5.112057714235673,0,6,1,19.42902553381289
26.578886668602884,84.33492825438793,1,0.2403855590585835,18.80323781467647,0.8534806286211776,1.7980357424156157,2.1716227584289034,5.180480147025788,2.032387562456939,12.34980796930953,1,5,2,12.30793083814992
28.818100076761617,37.185597985931835,6,6.503233231174055,22.918431245557485,0.6762133206696026,8.35304121492478,0.34627639816176803,7.327627037744127,4.506002020069609,12.689480387223067,22,5,1,20.629104772167207
31.928596140722146,61.915978653167485,4,2.1048283629265874,20.283978025859792,1.4494064748378714,4.047057638484248,6.149400466001538,7.2892490018607425,4.071959178779897,7.9313355444953775,15,0,4,15.089528125885792
32.04292192363659,47.07071758454665,3,6.964422090375577,21.165433159316756,3.653424790139561,0.488358706803137,7.855050682472607,5.652433190877492,4.376880547611006,8.065716076862731,13,4,4,18.90261936636987
21.433878154108992,32.82367187261684,3,3.0977956664779613,18.175905652672714,1.9047738542262223,9.66249627826163,5.482914985015427,3.2268369465038482,1.5179730265454114,12.152171044597283,19,4,5,16.209881099571163
28.00225504153254,70.11280170683912,4,8.730063079555649,18.349585881246313,3.682334876356346,2.5588721396086225,4.6733857155145415,6.669394619591323,1.0211772968596804,12.027302552871674,22,4,5,20.87863101921147
26.23916190068204,81.76624664755354,1,3.369138365914605,22.050328984400796,1.3373551216609427,9.36177277906472,5.452953807524007,0.8728487332546486,4.3311579181572615,13.26533118385497,22,2,12,16.984327654541556
35.41053932538769,39.77415926864364,1,6.196958554042969,22.60062327084799,0.9061145809079973,3.012383626467605,9.378338624695864,9.814353877135952,1.790884374968961,10.391923908430837,19,5,1,19.92066416289796
30.628378424367526,78.74481945743403,5,2.859275596539883,22.26021350761321,1.980812035404142,8.314265946981141,0.4021716881443078,1.8399726128606397,1.3346169215203525,4.416588976117398,17,3,7,13.96631214945034
28.650081328319636,81.2037440122165,2,9.172215451421783,22.42211181874716,2.4619075610475543,6.642194924591908,9.4058227299913,2.754261860026169,1.2876510208786986,9.146266447343788,8,2,6,21.05559432648974
20.307892843578347,84.86042655998901,5,7.809959810281724,18.627719103295973,1.5659959944542243,8.612834319895647,7.996105388001495,9.544391365598058,0.8904055953648466,6.971000610794011,13,1,8,22.437682849266878
30.11275778646823,45.917105345163144,1,2.433028763446031,22.160705046585246,1.384122038378127,9.761179867028973,2.8971186498890384,1.865413774160204,2.5608939340510672,2.351508494585665,12,3,4,13.329887262599975
20.344078113604667,84.23718391139336,4,9.487967125586596,19.090485496134562,0.8722371390929866,8.714836834566128,6.2968767148821865,1.7009269834868679,1.5656914501496857,4.554537206949506,13,2,1,19.78408443736049
24.74413151131504,49.239765284185935,2,3.5715758957622823,18.58809259126071,1.1000270648870858,4.036651615000205,0.5914880478293343,8.045359798621597,5.363192851302502,4.6725160223887166,18,3,12,14.48966298767254
20.856839296286637,63.14028080733017,4,6.518649476671875,22.542964982729046,2.692471852609203,8.145034814951627,4.555064044071615,2.51288171480222,4.134837821106588,3.070374250990336,16,1,3,17.581508354485052
31.841472940487378,33.030448249936924,5,7.428532311143964,23.33643670260939,1.4794941544547116,7.116508103070931,2.0885097489256186,0.9472658801362721,4.463172268308067,7.893154779345589,7,2,9,18.66374667406008
22.12504227672305,32.632865302124614,3,0.22902161464912307,22.300259444430953,0.31902816688411395,0.6160367083165341,0.2676046322478478,2.2664302781160215,2.42166295261101,8.60445618695037,3,3,10,9.329943921272795
25.83718746376052,73.22239276393218,4,9.589673461572461,22.833440716888518,0.5526215598101385,9.297600977376241,4.28507397319159,8.883735857131983,3.6012571087846244,6.4201536230855405,8,1,7,23.438134107296708
35.91349555237557,56.668798678667464,5,3.444413060873649,23.946528930729695,1.489516753564443,4.659610916268312,8.713349008733228,2.80319185454055,3.0047870442242846,7.36066993346634,23,6,2,17.044826947140844
22.086327667979404,45.37754252215305,5,1.8977889343122423,18.808535468440105,3.6980097193914476,1.344505656962559,11.05226240830085,6.950605164170306,1.0047087631350928,9.14339850182109,10,5,3,16.36958606549341
28.15610127917558,41.424809761494615,5,8.507077917284981,23.79091531459823,1.5161210465839212,4.25378097198146,7.9471621570877975,3.9513922947947533,0.2871221703047071,3.566285308088734,6,4,2,18.689884053848015
26.38543322332044,70.19720945155308,3,7.028992828234144,21.607186832940613,0.24256830980670108,6.031412451214775,4.8236415375646855,2.62118767101751,4.101110728445038,9.30965699705921,14,3,4,17.594683117442834
18.362480820914595,30.024092641520394,3,0.8674327262335257,22.87951894407012,1.6719770315200635,5.729461250839096,11.993953348822531,1.440474071526766,0.7270347553655621,11.229024869698573,17,1,2,15.800534173772814
33.85516227145625,78.35347015181125,3,1.1704458137676954,21.90101508952602,2.6752703758406633,5.747936467863029,3.3953220972025235,9.721917285545032,0.3440949192434073,13.37190593464492,19,5,4,17.007015297273004
19.380918126291995,34.75497636779573,2,7.15191870653649,21.420226732712095,2.3743845397928838,2.5583928315173363,2.2455771924981667,5.211155442677518,2.65120399602967,5.920458201293933,4,6,11,16.5686447466991
27.485100419539073,41.489376894487165,3,0.7478325595908397,22.221713964130128,1.1152118495441203,6.327024494211891,5.564187230711017,1.1475499319016347,4.42815822005141,11.716323005347135,15,4,7,15.27523062535328
29.213565898779,53.174183717945375,3,9.17175435124065,19.921551987077898,2.7523556921947763,9.074148337776627,6.058936985301693,1.9881397608004625,4.613210635394239,9.878270967008493,20,6,8,22.33425080488584
30.568529132291744,59.09152438296621,3,7.415401369476332,23.545629140951476,2.5224974954613297,3.8866694655160074,4.257880560519915,4.072970777170008,5.24081764029632,8.536387414213578,11,1,10,19.69730773710036
31.772632586157513,51.29970694883651,4,3.354922059669888,18.691755432334674,0.6886918753158744,6.305802826201098,8.345988948543841,5.44170526615027,1.1952841349925851,13.954222097937976,16,5,6,17.916169298341607
23.0654476704543,49.242729899057636,3,3.6293877922533824,19.908187104518774,0.6485800142729801,2.4398700700724616,2.2063729431386054,1.8179679823968409,5.913746362887916,10.06008747199953,14,5,11,13.171142711759533
18.19957553316899,87.83496072439131,2,5.064960962041014,18.18697411920302,2.188732328271763,0.4828102018870184,6.124077117009673,2.7772835777740212,4.5792544317845625,6.758902485984318,20,5,9,14.578249377449849
32.46887324709824,68.49478087460366,5,3.609694136485402,19.62793828587655,2.637754244464415,5.857313639194052,6.001523502009459,7.837063251165663,0.9432800757010373,11.2681280644588,18,6,6,17.879513376124986
28.713131986951574,31.40597732204329,4,7.834685514383157,19.309278462848425,3.847642339441043,0.47549802185225865,9.885437072179672,4.174815998870841,5.044327715972465,14.47840082484157,23,0,11,22.930472245898383
34.72235406414498,55.81055450665879,1,9.747369441016158,18.297785164071787,1.6877225229271189,7.235845949204734,11.123618385129658,0.01402367827722295,2.9937556349091334,13.936318911382973,6,1,11,21.760654089502726
34.42776725801389,82.50052198463821,3,5.845215154381931,20.95064438309173,3.0597569586876534,6.703526978017641,7.959190484527915,0.5394028840645682,0.39927820823893634,14.743507538657827,20,2,3,20.00919437063683
34.866523355757664,48.08737118464008,5,4.4603732766752895,20.81181625113366,0.4660829891655056,3.6932501890131544,3.6644590840156934,4.393284462730619,0.7922506309755648,3.2360845849100444,11,2,1,13.626695008759683
27.701893199590803,35.6733806864633,5,2.227741402682172,18.466472663392015,3.5584361092625887,4.112901096479819,8.275332238419491,0.6011773758483818,2.603359691455683,7.7647680848821325,16,2,9,15.525112230612166
24.672567916737314,75.50308629539506,4,6.534334192478002,19.571103188450486,2.5324301655953594,9.177609364772998,3.0164535508860117,1.7390441181177474,3.1830408696244845,7.624960782687939,6,2,3,18.23868637961612
33.8311640518274,66.36082991616487,1,6.855768618153971,23.719932962798136,2.5161213254049892,0.13133625523062742,11.598532685754451,7.278764426640773,5.68495450207957,6.989550380232959,10,6,1,19.148548422640918
27.0258822605851,64.21875046959023,6,6.851906070143637,18.66441974706252,0.569770535329742,5.6330338082299205,9.868345428992555,4.803838247215708,1.294274834988973,4.320381821450364,0,5,12,17.67074710209714
21.66884392806869,33.21459357644448,2,0.26985035868492324,19.830111893156808,0.1583349181035918,9.233611257344634,5.174283065592455,4.824619331625895,2.844627061456854,12.81858720854633,16,5,11,13.76517092371021
35.09948039122949,38.42994058773104,6,8.99122100660471,18.215174390727952,2.8057965519384784,9.139872477695967,9.412122205699156,5.9821809183141035,1.355336815664325,10.750023511784304,21,0,2,25.178532352269233
35.65119753544695,67.35296377278684,5,3.3810656342917667,18.8933232157426,0.46822583585834643,5.846557638246925,4.9038677443428975,7.885186681510317,3.350404133558805,9.877875442551863,6,0,12,18.299405327729673
27.3261951228034,42.46943048753015,6,7.441657624816091,22.19638264479474,0.5078805979357308,3.8122999890959797,0.8953219053569743,1.5858595108137097,5.45590843783069,7.809090309898365,1,0,3,17.94807567623335
19.51399454619575,60.24420478490546,5,7.598069071003199,20.200299003977634,0.7500005853879399,0.9890352633237398,8.481226476007265,1.7304759361490551,3.4065034269772436,7.05078600449586,10,4,8,17.139948665554503
25.756521798338625,62.69290116176361,6,6.505549788122396,20.712459424074723,0.39098593255840974,1.737842038123505,4.855365996341287,1.21403850225688,3.0604232337897175,12.224009189073643,15,3,8,17.431067860039
34.070753189252066,47.01043141625637,5,3.948665231442922,18.94187037078394,2.501570081721227,6.796733552036614,11.163837801406341,9.368292772448436,4.500776441509105,8.848856206239542,14,6,2,20.901372559484926
36.03548057092458,86.90550933248957,5,6.083842168165256,22.09284103734781,1.688019223394352,0.1663408380976783,3.6787345719514395,5.772902236366448,0.8856812701859387,9.899475236823909,7,2,6,16.952925262163102
22.069454849951917,80.54784641013451,4,0.4019869125787656,22.509129588547523,1.064384369638193,8.834855764079826,10.11999385745512,0.9264042295413377,5.433689942609892,3.3000418004810723,14,6,2,14.135090660637392
19.33947224050543,73.3424104579679,1,7.618957921879063,19.08667229710044,1.7629976014863065,5.879344701458836,8.16525414248117,2.206455609016281,3.465803837795007,8.129285815043549,6,3,7,17.917579301678963
35.54700906265677,34.679631984564544,5,0.9958864832833891,18.269960781719654,3.376560008260799,0.4514666226476416,10.239895393534695,7.255900499128456,4.11785649088747,3.694095211168009,4,2,10,14.657731285996771
25.788098779577506,36.36780115854117,2,3.967509257996017,18.48564680585411,3.7083176201745447,2.3976742019163257,3.502582525122666,0.2899167881754461,4.913764564106396,2.699838091537128,7,6,11,12.663622332933844
28.835219285351265,59.566880751897344,2,1.0361878766496657,21.942274543218105,1.9499045786137663,5.942009105676547,5.53614483982373,7.256555579869733,3.810227099358913,10.96083523212207,1,2,11,16.49956352517313
37.361316241015174,39.64280095145914,3,8.370744458190945,18.813063614969032,2.26701166045121,0.35601265459815123,9.877548134825162,9.11464418192727,3.847231111563487,5.572578525567959,5,2,3,20.5654734284075
19.33129455828446,88.69592781176844,5,5.503023934359592,20.963513005013013,1.0287997213594915,7.799874019577623,7.725825830214401,0.563817657713872,4.377728645795417,14.545696806473769,3,6,8,19.36691172309076
30.96636014904191,39.511214041644564,5,6.909551201692724,18.915849185557022,2.054401514548477,9.199220668306031,4.319062793944015,1.8642044575855865,0.3134193386646631,9.87148488211365,6,0,3,19.84978193778707
19.482108451497343,59.24807012783844,5,6.82582169842613,19.02088828923144,2.9924784277409286,9.612203933019373,6.1439475085116,0.02378601613570619,2.293263049039493,10.387106410043673,5,5,10,20.90775645429481
25.509378569330007,51.84726341049033,6,8.416062316585045,18.02616302004911,1.968549054624678,7.336592469005252,11.953177132359308,1.0903051459045388,5.777620469278124,4.558697634003334,21,4,6,21.495784405169708
34.07629090386894,68.36318528724587,5,1.3256940334513467,19.92494553515033,1.2082916031566788,8.568254708395171,8.902175944966583,6.169915206722427,1.547615130780855,3.675477525938448,4,2,1,14.970589875386588
26.669444655112688,37.742184533365496,5,6.597281404048841,18.538783596437163,2.3281373888998362,6.107074623297364,7.374271833360348,0.4481779633913563,3.25353268964259,8.83031047551236,4,2,8,19.14099054561244
37.94364707805901,55.818985682543456,2,5.751340544036574,20.36376765204255,3.7866241235433784,4.5854366454157445,9.93493656520219,4.258350754863254,1.0525647732249896,14.03229431574947,17,2,7,21.212506970985633
29.181185698932044,46.482301968428615,1,0.30897122571315383,21.586705857705503,3.551935415932447,7.131347533722073,5.304364065266041,5.034017665501511,1.9396458916715105,2.7246864886040925,10,1,1,11.998044520183154
24.42324305271907,83.26509148030128,1,2.0142290882280256,20.2051916875687,3.076969516701825,2.2418066426269503,11.400768055760224,9.066290982725429,4.3024802564489955,8.606232263134338,22,6,7,16.85825996683603
22.402226518095063,32.43514272808171,3,2.675715413782208,22.23048978501201,1.1048385306608361,1.0978432619555023,6.624254744348306,4.742903555138193,3.8585641444023504,4.583239097521687,22,2,11,13.482861739548976
25.010410685723237,84.82364964038756,2,0.7255637542916615,22.448710608236148,0.9662380288656056,7.618509761288986,3.9224657955154623,1.4254551914483882,2.4858981710273955,12.165793114218022,7,0,5,13.877235177990615
25.450665475191016,79.97964831318002,5,3.5471980589880148,22.17963832416487,3.3541487591903913,9.581867929858689,1.0322397308595872,2.892922146309954,5.628457148563244,10.865333753688677,19,0,2,18.99830829289035
19.37427355447922,47.854242986448924,1,0.27202508715475693,23.62028135778899,0.7252699043284094,5.774793323280235,4.508342630966682,6.721953656582478,4.650280892899204,3.263684518690922,10,3,1,11.750391765656778
25.391483988535462,77.35743928062628,4,5.531834922577295,19.423765661970908,2.4224452299465744,4.825423709978604,6.823660524438845,1.121158102227643,1.6075429741730383,10.012383681779223,18,6,2,17.526125888093596
27.2847703947845,31.872813620324855,4,2.115009605797873,19.13673871868986,1.7557197743318569,5.344042312721845,8.43897766479893,2.317427676687421,2.792677881420972,14.786801873466441,18,5,6,17.560128635291193
32.45475504477609,88.01193301760361,4,2.870031055091986,21.658268935451204,1.871945869169593,4.784641843848325,10.50140031493288,9.957771210709272,5.268207034816544,8.865808638653352,1,5,2,19.714177098923603
31.134589694432158,61.59569655538736,5,9.104716261712841,21.5692620566051,1.818173610110163,4.422002811772382,11.327530023885778,0.05534570913019121,0.13478468075335726,5.710835421883177,9,0,6,19.88604154264624
32.17531310458308,48.19686156392672,5,5.028168491235254,21.06059000204884,3.5998005868946406,9.470356941462128,1.2294461541735329,1.5218331319657141,3.4887977092122657,3.9777582783503225,6,3,12,17.224091522349557
18.167273637537143,51.754992755680625,3,2.690139312444159,18.026119148965588,0.3483770035818199,4.797631911282484,7.210859831973778,8.436858412602604,1.3917624669383806,14.86534924105901,11,4,8,17.04390304762444
22.353347991610722,33.98432120762984,3,5.984617582480663,21.331429379435992,3.1316057978243945,0.8110244101397857,7.999075789956311,1.013820232229744,0.38292070711938564,9.329606036960163,1,1,8,16.078079105064113
31.23368576799713,89.36097084252235,3,2.016714348674956,23.596788341237875,3.3400506863011334,7.655166790702364,2.064765803920306,0.3364100558456362,5.477166492132649,6.871079204668812,6,0,6,14.80725051405515
27.679787363594944,32.35751670904155,6,0.7439568576418487,20.007466134677177,3.7715085886139605,3.9156160340791466,6.54720816316098,1.2131230385275338,4.897698138502381,4.786097601617046,18,6,5,13.696584756036046
18.106269513366918,69.29442738887154,4,0.20906354400268667,23.805595159921502,1.8103998197508453,7.106935457488836,4.018003626963301,6.935971886978224,1.1117613528278403,14.352589811349148,0,2,4,15.302177285587721
34.089892848636445,56.5641556623875,5,9.515290453762562,20.140540075186166,2.0002607675476667,5.795693595744067,0.9290079838309606,9.93110531822783,5.021678937965524,10.151373210898027,10,6,6,23.839016674738154
33.45619146580675,86.9349730913229,4,7.246108241431163,18.839127015106907,3.8451780845636665,7.131800651558505,0.7903918940057064,5.906355657946374,0.8785644396484764,2.7496729690687554,7,6,5,17.76120983033636
28.968383259871253,44.75998441840771,3,7.999481482923824,20.390420489562832,1.833804243796652,0.6199395703567956,9.110555765319003,1.2431626905898685,2.8569681591530327,2.772805775437157,7,4,10,15.675742300698873
19.329266515525443,61.92520943628068,5,9.809177281788319,20.967667877541263,2.0141938919050313,0.3387332266782306,7.385465422464259,1.837787709612333,4.3546398028694275,14.212666930183788,13,2,4,22.485408451838584
33.33030099065169,58.94137251496518,2,9.316287034134396,21.776786461059547,1.329017272757536,3.785416248511412,8.581460138764422,5.376820085536167,3.20283357983923,11.23126011215305,12,3,6,22.078074978414683
29.674271754627277,72.17198664300608,1,7.369131986375159,21.029268972134005,0.12650980273859957,6.931661378219408,8.22333785443672,7.156581871856167,5.104684290857566,3.3445934599012896,9,6,9,19.449652458984342
33.63919954315918,34.08061391714523,1,6.939870698193193,21.22031176443731,1.7322182070459706,2.236825269059941,1.6117475973502402,6.629121827740894,3.701267170517494,10.108863659482584,16,6,9,17.4751402007393
33.03493984791681,41.62734780140129,3,3.3684999693537665,18.144402230145634,2.6203652433895437,4.33400717962572,1.8187830782847305,5.747264983244361,2.5917098831231806,7.452609300340877,5,3,8,15.484836641048751
34.06004143915674,42.87388920557099,4,1.0401725179510213,19.521721014803937,2.7597836424542286,9.808102639729745,3.029804690485398,9.862697758262694,5.550972541374904,12.253136128391672,19,6,10,19.46071355800389
28.360161328092495,74.28904529050138,2,5.7372254836757595,19.864179947635034,0.026034587538438014,2.1487455451734547,4.789207043576277,1.9803395018648684,0.21776794183739678,5.558265858663438,20,1,1,13.030016519851063
20.8064903638703,41.348321779604404,5,5.762532950885922,23.922531227288694,3.2042110990913146,8.479434617713636,11.270114699251584,1.7290399106947274,2.930393152294271,6.977009062134552,13,6,9,19.807730222290893
31.423149467593774,64.40950583345861,4,9.52237285415744,19.7734064309222,1.9696624565141878,8.254608848111966,8.086708336595333,8.590612104183942,3.9646892411478625,4.176087295601903,23,4,5,23.571520491260937
30.409475701039412,42.91462923005722,3,4.425708066617093,23.379473092945712,2.0829814455447715,8.913521852889884,3.0620632134004153,2.9082172936852233,5.0163503425082085,5.282371641254945,7,3,11,16.99898070642073
32.84506374398174,81.69749700503871,4,6.908076243060684,19.828417203246474,3.8469747526814695,9.151417436287872,0.6718092219280791,3.3252637716377045,3.2469391496029525,4.458987109106604,6,2,3,19.354139375357093
21.397620121014707,86.53112726937832,3,5.749706273967218,18.576661986254347,1.1378446346232716,5.073201923981322,8.210687169676477,5.486681399943322,5.3131063191841355,2.315900808156251,4,5,8,16.403877498734253
21.899503998005784,61.109578496534425,6,1.7676022910104927,19.485704394365666,3.0466079558726693,6.819337831955758,7.503821649792625,3.81274799286225,2.5576610141853475,2.6001600192109846,5,6,8,14.678428380352223
35.808190344386574,51.1385330525507,1,5.920643077549167,19.636970309485786,2.2991049826890833,6.188909120156944,8.109161020345644,2.8764043183986967,1.9027715105511895,12.863116055097844,7,0,9,19.63204683127487
32.99955596904142,44.04346650104995,1,5.401167093628201,23.869491563333906,2.8031938462321535,3.0894854036555697,3.1341558487029575,9.17175261247369,5.842872284726887,12.449451617808318,20,0,2,21.05183533635173
36.16456977400646,32.986860091382624,4,4.939059939093555,22.045749033403425,1.6712698071244971,2.797875861547073,6.20355860670436,1.292742129686707,4.003085753005453,3.82939069050633,2,5,10,14.643475786758849
33.174306423278416,46.11000457184972,2,5.134229336484748,23.590085973725795,1.1168301558570737,3.415699695010913,4.340433616697869,4.042897834049746,2.554669110066337,10.682638287064286,8,4,4,16.69870331269722
29.94310611980604,69.25414679671908,5,1.639879719588705,23.009970133228933,2.184503809475738,2.1845773200769214,9.812387267348942,0.029670587104909663,5.2691384219475825,11.69337583099948,9,4,10,15.519329502399144
31.082654740557473,62.01701587855265,3,4.634777312306678,21.471590944068584,1.4997645854105879,7.573835504927954,0.8327599454240149,8.074536599657103,4.098482484279829,2.666569018492925,0,3,2,15.94680255238685
35.7825584788002,86.64247669685565,5,6.056532718215967,22.05232754547338,0.8916447153186557,9.645728684265158,3.3053014732996306,1.6841884609594915,3.827608234331535,3.151065598819269,6,0,6,17.311192087080002
29.57613509023881,53.776635749502034,1,4.894491986855394,21.74902316217619,3.35694459245505,8.677717418380782,7.235444930044428,7.729899968158845,4.371227578916798,9.319230042498472,19,5,1,21.387205909486227
30.647826486567748,71.63180053970368,2,4.886861951261473,21.99757815715072,1.903326380005165,2.1794040408838056,2.462685324888258,1.48603114478144,4.429758657762696,6.863956418885346,5,1,10,14.163475200687971
21.12953432007201,59.35936484850728,2,0.7751770979298578,19.58864198776366,3.3892629647635975,0.5191547071217983,8.072561231674491,4.1673884751760335,2.9579003210346313,11.092086042266152,12,5,3,14.697076050512761
27.478424402322055,60.7545729554527,5,1.9077415201671966,20.448750805247624,1.8961263294756812,7.57093907072175,1.641270038401836,7.281849385029158,2.5158453683870867,9.249948304295652,6,1,2,16.797108889582614
32.32794223916198,46.066458876247054,1,3.209726927755007,21.555694869588876,2.2271907908496322,3.902138059086162,0.27374750249643753,2.708088031748157,5.455696086981812,2.403280900177683,7,5,7,12.13962128296035
23.41885396632731,57.297046610519985,5,4.1934699392590655,18.215570790335143,3.9811209652558195,8.24612616166715,10.361934394141443,3.1391712560939222,2.983486437374413,10.887821082418439,20,5,8,19.945535467241083
22.0450836104907,58.247099820762436,4,5.939374438586043,20.89700940841016,3.806016848140639,7.792357965864522,4.001332816887363,6.673224947766933,1.294929827397226,4.6509339547285204,4,5,2,19.204932589880425
24.276536164488313,72.39855130493603,2,8.633451045230608,23.158361600387117,1.0867594826675626,6.254102519990077,1.8821877967323881,1.8770098363226317,3.129616714950351,6.06379798959758,11,5,9,18.563519186328318
22.83001255985667,86.43839995116683,2,1.5916473808865395,20.95420636551198,3.4746215457968876,2.553393343793954,2.072508308949598,9.517843826351513,0.20653259948184788,11.57306124411674,5,5,11,15.63792845141937
22.298252740727918,49.759276648950255,4,0.15088030210694936,21.313940211932994,1.561613934788773,1.04035767830147,10.63074472841478,1.8878768419073266,4.339910111764633,12.026294208660751,22,6,1,13.488823020872797
26.49701685736174,32.5320281148779,1,4.492371307759157,19.211430723091144,0.28499495164157107,2.526483260561352,7.853176873761746,7.49995460390887,0.7619043543528543,6.495589667037857,14,5,2,14.786035145938293
36.15677027767068,59.777707530038384,2,4.321028974116281,22.766060063912626,2.3031240593016014,5.097596953454672,11.47615519908108,8.025988692736613,0.6703455920554284,3.1599534875462028,20,6,3,17.025306534600684
28.141192934774367,62.667679928950115,6,5.519012184951723,20.153269728225172,3.9082074378169414,9.79462975642382,9.600483880534876,3.743704396074372,5.67813685907189,12.005746900640045,20,1,2,22.766598031692872
21.75840761630646,40.106433067914914,6,8.332217713715005,23.739525320877267,3.897254748021141,0.6368724020035865,9.210512220338032,1.5623914067104905,4.635340088752374,13.312732426564283,3,1,1,22.723975722677647
19.539433387617482,75.627876376564,6,8.02360550982478,23.962288849557474,0.5058615126498722,2.000720008159318,5.997847914900987,1.6590351588024788,2.485372658047842,14.53605787835397,16,3,8,20.203750876375587
31.923122902758504,89.09574650648949,3,1.000432844300112,23.496003255575058,3.0849466664713994,6.272794576924252,9.849658784473746,9.854503640090238,1.4374568544336699,6.131749844915029,13,5,1,18.141142406136208
25.655975288727756,86.74648302050765,3,9.339953666766737,18.509260468896862,3.2113321770008296,3.0436439466702767,4.951830461302221,7.254099365424485,5.060942883161713,3.610077107987731,6,2,5,19.359668043540854
34.43661893170719,41.82636232941913,1,1.104143946744447,19.99909893297616,1.47497913726664,8.585042994398842,9.924005964388254,4.500474366914624,5.811503061664514,14.189588241336859,22,6,11,18.837152981671807
31.190215372815402,82.52179439404564,4,6.345705085342361,23.670825810615106,2.634380724753885,1.3941698706559502,9.092895500245474,2.5734978916521687,3.05012462764251,7.196953978917228,12,1,6,18.836368307035467
33.92482901082737,72.26961818470107,5,6.724062935955757,22.827199769066624,1.952637913108887,9.631575235839414,8.141263507152612,0.18910122744698277,3.4804564334799255,3.215941517900898,21,3,7,20.211007165911933
23.438920788368975,57.23079382841469,1,6.798774872230881,23.467101535844577,0.9115723908397069,9.123748915165269,3.9565942315614797,6.70463856793601,1.4583209489539388,8.484152446135585,9,1,3,19.835758064855227
31.84717844922116,62.436659659483745,5,2.653511716753909,21.435319161846593,3.0450571248999503,8.875290560107212,7.568539647702722,9.569163466807018,3.5355015843713797,4.476818877345013,17,6,12,17.702440931415925
23.281239693874376,80.97601049894749,1,3.3034509176499194,20.88238552912518,1.0510108312496524,1.7306904176341609,6.08145149730095,1.0684320773357237,2.4035858102184786,6.618622890539182,1,1,11,12.440351132359897
36.781369589005834,58.808096378302395,3,5.486768751493969,18.638977902026706,1.3617910121666368,3.294961242526443,5.538514403110916,7.544912471835024,5.0734709967052005,6.164553613409146,21,5,7,16.456839209551504
30.727485630667488,52.392442146307616,6,1.9958749580009838,23.036829253938595,0.7600736196618443,8.040968422335274,11.882956000601707,1.532368872599249,2.262678118940656,14.834729276820568,11,6,8,17.909583897883127
24.490236003506844,59.594849581559146,4,0.2031046783335122,22.47084929052287,2.877085215154817,8.07808065559946,6.052773957965641,7.921051826596106,3.892674890800593,10.313672230641396,12,2,10,17.433996926746033
23.390237245845455,64.74778824210296,3,5.621444545085756,18.353259618092473,1.8348962153223174,7.051754152071323,0.3838344648440044,3.705728450988439,1.2207960806378113,8.393434846141844,20,6,3,16.456909451437845
21.81853170143287,41.34465922670093,4,4.652785720120073,19.25648753757171,1.7734930193557328,4.480508815337517,7.517614428982729,7.1206157765787825,0.5440370151678209,8.678781222172535,6,1,5,16.593064939541073
31.892819177874557,84.05446381601945,5,6.56731206223462,21.343665379890062,2.4182514675600504,3.115892706734371,8.736130140331655,9.262824043398508,0.24213131955390832,9.853152940503968,17,3,1,19.83866212208511
22.374312259958547,70.45121692977682,1,1.4670057583365992,22.10641441238783,0.6290537889893493,9.629579361817271,10.622206431800928,6.201391949221275,2.493872623983443,13.345808733313627,21,6,9,17.899179329999402
29.906065318549782,67.99613504024933,2,8.409248945898515,18.82602158556604,3.5926155585030375,1.39262269888346,7.592216720673923,9.206990242857406,0.981172328348421,3.8977697372510436,10,5,8,19.51968241768171
23.292700538507148,35.969773570838285,2,1.462214884605273,19.468948910773943,1.8604358249437238,0.4375406096195611,0.23348540638210613,2.3502437595087766,5.96088114159896,9.795229550524969,21,3,3,11.258797643938832
31.239378895877373,66.25043629035551,4,8.913436048800236,19.158661270254083,1.4661074347281193,0.09130519989861141,1.4369320297343045,9.781338094321887,4.790300330557688,6.188377755213213,9,0,4,18.645044591880804
34.298794570810784,37.25763973430954,6,4.49521172595703,19.319982916023253,0.5067624356207698,7.7502690963368845,1.9348805898961645,8.728480719739583,4.160238910255252,9.428228714727641,21,4,1,18.148634990857264
33.56050486289306,34.721860511723946,6,5.498052593726948,23.5242787414126,0.671816817469657,0.5670514596673948,2.535136236322124,1.0757333414095338,4.819910804268839,8.730502289136625,5,1,1,15.337827430887858
33.217026618615634,61.638653738543596,4,8.965813359639887,22.294917438232524,3.6814412556554403,5.386436044719121,9.597322765860037,4.135397444005161,1.5764835516303173,2.389144342834437,13,5,6,21.411276044331085
21.75444811384504,54.1671320427897,3,2.99913048477067,22.42264188241982,1.826468133598889,3.672924410673024,3.717120600110058,9.270295240466114,5.275583897311443,9.572040148289718,19,6,6,17.093528340810582
19.767698939690373,65.3286162093734,2,1.818269962411515,22.763971865215694,2.888735677437043,1.4690789007220695,3.7483478732503275,0.7811536482497294,5.9738183700208545,11.219780222960763,4,1,9,13.817326862621965
31.97897656974771,35.353330083434315,3,4.457516208194536,20.13943825586436,0.32206541063413274,7.405954868872032,9.067049291732738,4.537627624639122,1.7391268144289342,5.197995686222372,19,3,12,17.47327888734273
25.366944275887025,55.85898377083551,5,2.4436722852770676,22.603107686394843,2.573858176505935,0.5500683104393456,4.949238894256273,7.235937619811401,5.907892123401323,3.389292576815545,5,1,5,15.43494711636308
26.646924528066947,40.48720290270948,2,5.27843911540317,23.870480365937624,3.6860767693496848,3.1839383858545234,0.7756743834456361,0.334473099323912,1.9223792780454905,4.751377930923121,8,6,3,15.109316911337901
18.62298185586782,89.226005155447,5,2.7525786444431644,22.190365475645653,1.1998538035259645,5.62191225420091,7.02151734912762,7.528309039736374,0.07033870618015592,10.273367200506192,4,5,6,18.352025137297435
23.191528985500984,63.66901274611046,1,8.644895355954569,20.500518673755234,2.316562002853757,4.024157233562522,1.5608122380558007,3.612025777824961,2.203284346363855,8.094306033006216,4,3,8,17.417366394833085
18.67352807748928,71.24621165645203,3,6.073245922577259,22.29815871426585,3.760876417263402,2.5914819865920014,6.8599713596301495,2.493718165654726,5.9850900055018155,13.24896147027647,18,0,12,19.339164718839783
35.583715452024954,49.525096840956465,4,0.002406697429022664,23.404768201577216,2.877290215218881,9.260010047060467,9.355657291462805,5.75972250970164,3.810907528424815,5.704849442046287,12,5,7,17.072965447391667
22.86793366437061,35.68433488676065,2,8.054737346798248,18.772569262055843,0.2493020095363092,9.309703884986641,11.15387564792728,5.443312166390541,4.172835209496449,6.746272952047292,22,6,11,20.977274795941703
29.146743391460163,88.5522517670122,3,3.3021233672614594,19.59176805350833,1.5149485890417553,4.160945396092264,0.8046312833908638,8.73939286199914,1.430082912522301,8.86465158938947,4,1,10,15.205431316706616
18.77958641322261,47.17554212299099,4,3.202079841549571,23.515777291973432,0.3430910243491536,3.937444167614199,3.6475990051498877,6.760029357395342,0.8755205717766936,7.980219032827083,13,5,3,13.684700747487842
31.33694782611316,55.428491110414456,1,3.830628121344674,23.67739740266716,3.4452703847966966,3.073850474867009,7.829567796095601,4.218643419195281,5.313062625459369,9.120896768475575,1,5,1,17.790661371530295
24.460546915081878,68.9918353021545,2,6.3026252808408065,20.904834762707672,2.4866508048144618,8.557561929123604,3.78543603413747,6.501384119720907,2.480353228068794,6.057148429628931,4,0,4,18.65430382939892
35.95838373915332,31.481837861166678,5,4.42060710394223,20.247305780419786,3.825526979335543,5.679152859949044,5.412307334316464,7.501480351701647,0.024645509496142193,4.166723992485636,22,6,6,17.4693426833681
35.762363778680715,78.61554783103722,1,6.286355465697024,19.696690833618174,0.07902531674322866,0.8952221290245521,0.24109035053155248,9.373285801151033,1.765475724486085,12.443103437550878,22,0,4,16.545140124807045
24.505812367234956,62.194691401717215,6,1.4678072163579237,20.99250924654581,1.692349479415617,8.533207031183675,8.321976073942082,7.042615902942167,1.1743926498854043,2.510838322555778,11,4,5,14.774593589530788
36.019217913809356,46.69303122412933,4,9.701644645240858,23.60718690954631,0.41745639817757896,5.348862699570008,10.599361578144153,5.438723555599344,3.622633545049702,6.806169907392162,23,6,10,22.20334032742592
37.923153469975574,33.69647911754816,2,7.296062870838639,18.898857764546733,1.401951290479651,4.155918041059085,11.722315773755458,3.729800829396024,4.536739019684177,3.1362244523606155,19,3,7,19.10210422468845
34.508313282478966,39.749904928466485,2,2.5020710717838304,20.51898383128332,0.647547293426348,3.378649436435579,9.966400187469157,8.914836322826435,2.984990996902666,11.57226954196564,6,6,5,17.521974594855557
34.89742695510458,83.70203153120622,1,7.241699080747759,23.469647141744932,1.3151750399736808,0.9942659031294487,0.3813151490865385,7.925196346429128,1.1153941574151511,6.751670879820787,2,0,5,17.060863603144174
22.9801747221818,71.16145343615347,2,5.7502545626163935,20.09471562086551,3.277048018888116,9.567021564008694,7.822247618121715,0.7718126722073726,0.34778678149681896,2.3906461380080612,8,3,2,16.172278259275966
29.534047977155126,44.99410329821339,4,1.0918899640351465,22.608488442261223,0.6427973059308143,7.412435174723017,5.947910955766438,6.995412049020915,1.8812040274670225,2.986379677053084,14,4,1,14.050626139707607
19.345118279347357,33.93604589670177,1,1.7819642678812608,20.335558717446613,1.894659027808753,1.317775630989807,11.254745918566984,5.387495793618973,4.835780198968698,4.5817820051908775,14,3,4,12.949866553956333
19.898358736433394,71.43691874319818,5,0.41308141921464814,22.82956006993825,3.6863325362421056,5.112688191348344,10.825666376327822,1.03643926656259,2.517081210815781,12.229901917771265,7,5,11,17.486279478972993
37.97785224066581,64.34446355806591,1,8.092380716746812,23.88601409974325,3.9951171514172255,5.55575197786287,11.856554092586487,5.649608840529802,1.5135066149613612,12.389449266070578,15,6,10,23.50777192760842
24.53278498851822,54.2711714674941,1,5.51704752595235,20.32693206345167,1.002564472700333,1.6788875703075579,10.343210691140191,1.9250593314633746,0.12434866465763461,14.955963218692409,1,4,8,17.72200004077003
32.963678240976925,51.81668695140383,5,3.167486486502119,23.070591927445204,3.742272683064401,4.272215288623039,6.562705606285808,7.081448845725731,2.9763723134636395,5.132002689619714,19,1,3,17.297312626565542
34.133301060536326,43.0088565557465,6,1.2634490202820003,23.930500949041804,1.045554723204102,6.45746115454008,8.578806184921268,2.7846130621789165,4.108932649125094,2.7856816893068723,0,4,6,15.131149688292872
35.16046542014458,70.17667539225106,4,4.840458759603791,23.902980858067526,1.6541139959343734,2.840105718147601,11.57612683639848,1.5034393366662713,1.1419767802494112,5.6807007600191985,23,4,10,15.942751380917983
37.95256594804313,88.24008166763224,6,5.252613467179388,20.60262648919985,3.5116944489333095,3.3160895488994835,6.9374007331991105,0.8197291895332004,3.22313303739592,4.3246599672983175,3,6,2,16.51434679491884
22.829929705137356,40.54291475020955,6,7.019485009805053,20.9145667232949,3.1447044196969927,1.2202847706500808,10.07975024414716,4.907994627537685,2.524432360117803,11.235043985900175,3,4,9,21.125728009232343
18.807016537193995,65.82699720093021,6,9.699372104470914,19.820409369858012,3.429950228894941,4.132406443257562,11.306518513464718,1.9963477409401642,4.223686059736579,14.600125041055083,22,2,9,24.56795052790177
26.22383035989172,55.45110334475857,3,4.349455304073747,19.88411258233419,3.2010267172178026,5.838572847082947,6.846452294985527,8.551278366876012,5.163629416264525,5.549325348508303,5,0,4,18.704705354599543
20.60161339657894,56.8013233046799,6,4.060342065943693,20.95482373579341,0.9402440200401654,1.1652554069931698,1.909850952962123,0.030011049332989703,1.8422933061409945,6.2722300761551955,2,3,12,11.917157381710984
18.4485177832411,45.248836807668866,3,3.699300045901225,19.20311154038585,2.2351804617224085,6.147843588350356,1.8667607176825727,8.436387896042639,5.42862646346876,6.564510234054698,7,5,11,16.36778898071644
25.208536542829723,79.50809253968515,5,8.269239089668611,22.266739776929565,1.5410028734476877,3.977932147528124,1.383806090015518,5.210924058390075,4.241710789633476,13.140398855308895,1,3,12,20.70071576771253
33.674765021504726,59.11533624883447,4,1.5631722139923787,21.217851208525513,1.8388438737934747,6.781822543908081,5.715878163299283,9.221455443580206,0.2229966770657117,9.514244929566871,16,6,8,16.455464048707398
29.323613824501418,62.60435113189585,6,3.4381290363508943,23.388407143039693,0.615825208494523,3.14836975516826,5.761698939273051,2.046112573001184,4.747457385345791,14.66169314934817,11,2,2,18.465068300480468
24.25555978420708,48.285654767839546,2,7.249708048753909,22.863494602863245,1.263070236900682,5.684992382916041,7.4084542604544446,1.0227379876421672,2.9677623811429923,10.1531082682214,11,1,10,19.697840780527226
31.086840109854393,40.90850794001699,5,0.1569493534244648,19.934826677076806,3.4305884856887476,6.128028482598014,5.794473769448959,6.249582092277456,5.672765350872765,11.176468650806852,14,6,2,17.690635742593738
22.640363606176216,35.15462329216923,3,2.8938072360569467,21.034827738106003,3.590233639544656,6.905073991461447,11.676660185808299,7.067274197406128,1.9417889834453768,3.1591736548403166,17,5,6,17.847269902792743
18.2876289214417,72.84714845549496,4,6.414471627547098,22.503089565832646,2.4406123355965543,7.569389835372993,3.4957298471874356,3.725850596036807,3.547281954818236,14.371844631175119,8,6,2,21.446959232552672
33.287067728728545,41.77405690127134,1,1.859520980008047,19.15920076487035,1.9930690280030112,1.3635170989990797,10.485799506535848,0.1368017359386997,5.73687709878655,10.16473437968673,20,6,1,13.605211861856677
30.474861697280183,71.40452125132786,4,3.0271056912427117,18.1895863789055,2.8513587525972013,9.652427422002773,1.2039651314063362,4.069624584062964,1.6269583981656086,8.762348580904815,4,6,10,15.809040306057977
33.246052490019196,53.42258676281723,4,4.860450744832292,23.113827157849702,2.435413000888809,8.436454156537618,7.223012136440767,2.3378692431149215,2.831721266398267,7.03624919290387,21,6,2,19.35390662540284
18.77876033375331,54.94648805937909,6,4.220235659696872,18.82530154495769,3.9347000253912543,5.6231878259861725,7.779902608314402,3.474696413785824,4.514972907190116,3.0016501614921967,2,0,2,17.238016073322637
34.74239255661304,58.1506497655663,6,1.0602718995537885,23.336468585722237,0.7603551686568131,8.90358870778358,9.266761518917411,5.067544585967757,4.146592110681505,3.7335110672148044,16,0,5,16.826383660308473
30.390524000726067,52.06251048765259,3,9.382353222556326,23.48164814328687,1.7961789049859265,3.8243296798074935,6.036266555342408,7.023418292926358,5.032219599525099,2.152037560039824,23,0,6,20.425192933890788
29.267907014252803,36.0371986333554,3,0.4429272058209277,20.764202628822943,3.6729620091422146,0.34286551606133475,2.3667154443036305,9.632252863283776,3.118780076570899,14.98300230066906,22,6,11,15.300092014958132
30.492280962290632,48.577908600170744,6,7.49742756422818,22.84069027411547,3.658948239634097,7.270313808679431,4.42797135076128,1.4399984438806368,1.9135271512948588,12.22176509151515,11,0,3,21.233227145279226
35.28866493736729,69.8240616416363,6,0.7142277109115747,20.17914747812483,1.9813873862446942,9.4334414935536,3.265938197947551,6.798994265246487,3.210507659278826,12.366875273016966,13,2,8,17.962076388905807
29.73873013117814,69.94706408813227,2,4.672958030250793,23.149587291070482,0.5392360080055258,1.6185466357530232,5.029266187622428,2.3321145181357936,2.0997601898404037,11.491173095799807,7,3,2,15.699230027987129
29.619007597763584,47.17345843439966,2,1.7541129165541103,22.9480913050003,3.25983186997161,6.438739470163355,6.3596196925524024,2.207047037563238,1.0585832216346975,8.29337854716448,8,6,10,15.376483817030458
37.81358314131532,57.606157593461276,5,1.4109779642892528,18.471110338207215,2.3406607460133904,8.134255606523169,7.500843496526992,6.3355407974657085,3.3298182157461076,3.1465634975026724,1,1,3,15.215130944662763
33.13460334137136,41.60683368071625,6,1.2589797654172508,21.495610444514202,3.092664063429027,9.05067051638083,10.141463339001149,7.7599952136367145,0.2902833227195767,2.9394975381888044,20,5,4,17.383619737562256
26.845876109022704,42.62232489179014,1,4.527866366953424,21.839993421580488,1.850094525642361,2.76527759115186,10.920123852724267,9.77787042409329,0.2194518179622975,13.912865080812644,1,5,5,19.892030950719473
32.14794000065855,31.382825304396444,2,5.154849093872923,18.005143744129295,0.8155356877473063,1.2873380938473156,5.550975418816414,7.688308102477025,0.38744123664377095,2.004087875400006,23,6,5,13.210554686454886
25.78460943383577,83.80479299446468,3,1.3338449354283988,23.879509912375774,0.09595762991808332,2.478501138759348,1.0640572482750472,1.5731496822997504,4.035667037063589,11.088337165971504,15,1,6,12.658851975042127
22.57750924966998,42.64239990449437,4,9.793957302662395,20.439405449404266,2.2365530753590086,5.777216410191356,9.564782275220647,2.254026563269591,2.441921103246858,10.171519401884906,19,1,4,22.280308173378202
29.937037537755188,43.652032616187796,5,2.5776588686222315,21.10405923515528,0.6441847155263583,9.187282564955316,5.72589270168468,7.613896949214114,2.9646910941225517,8.515929486863062,10,2,10,18.566622023479717
36.56364196227903,46.77608595870791,2,4.588413396027832,19.168824478758125,0.7485488343912858,5.825358111985062,6.557359216455133,5.26987903802344,2.0603931765549746,14.674357631483545,19,2,11,18.81497518571774
36.58279040030925,37.64448430172574,4,2.1626955760190802,21.665511465103567,1.7452225238286574,9.196213008359965,7.149529679675261,2.954080133989385,1.5218173473068672,4.575668614505913,9,4,7,15.47337428941746
24.838105562109806,68.35577299088177,4,4.939226454495456,22.863719197676154,1.7683082937555912,7.700370236912191,8.014413104903882,4.717832463264116,2.149830974445513,12.208723861366433,7,2,12,20.310099960696377
28.5535493244339,34.508577190655195,2,7.56016582465182,21.515354074318367,1.0975483608228211,5.983894641678092,10.681210320390093,9.148880215812246,1.1602690172196568,10.772909492309365,6,0,8,21.1438924212946
22.232717971397225,38.052145579581016,1,5.211020142944952,22.728210274812582,0.5276888336938739,0.21798509263329602,11.425754342522293,7.5559936767265015,4.072547448953739,14.667613364004978,0,6,4,19.19972745289538
37.91262218997767,68.68540359540557,1,2.856488707180552,22.386647764309,3.7798110072893505,3.3307576787614126,11.282031828699441,4.506977431255281,0.6104129671767717,14.142933740500714,22,3,9,17.48661881353128
37.62235815735872,50.379637228886565,5,2.4839660873393807,19.42594686916283,0.5265624635130397,0.5745955722490625,9.713563827396413,9.80553924645707,3.1014042924625747,3.671426642298564,9,1,6,14.60516557393811
30.990178594148947,72.47686960207135,1,7.589344062270534,20.614877046654925,1.403090338404518,3.2224235027402837,10.670907043005634,7.948746265178849,2.8609619645763384,6.0003140334764264,18,2,12,19.82919461937299
34.08828119354946,63.44548468020852,5,1.1823817572626327,18.891761306618452,1.219471970429785,0.623334981584408,0.5958572273802956,0.058709110518821994,1.8115417064703816,13.060401572412669,4,3,8,11.15947204767746
32.302003225674,45.36127038369078,3,3.6996649440586946,18.251615250450612,3.4653515878342076,1.6781586145006244,10.18935199745589,1.1236725335361153,0.6137363366925532,4.972586566084621,23,0,9,15.02543837649904
29.863164380789364,69.04967702935969,2,1.5148271665388535,18.378413731584786,1.6402497939142822,4.106859162424089,0.8671828422482943,5.539687888070619,4.22014626283716,6.921014120096504,21,2,1,12.460333949778358
19.066959939777952,36.97642081757284,4,2.5797582929448195,23.654999579237344,0.49617399693745723,5.148847454329807,8.95432689103568,3.4995417371557416,3.4172421695992323,10.137530266559057,7,2,5,16.61076581700716
27.09528685105322,62.18462298480183,5,1.526832324849522,23.907224754806272,0.04104411361798155,2.1714168829285487,2.0323634591239776,8.125587638361637,4.856858107144438,9.31788106127884,20,3,7,14.338032889236505
31.49572604334821,56.22888630270208,1,8.867725085424267,18.56986504829904,2.8877984138980994,7.32577379257989,4.321325349743331,8.956870076556118,1.4131422336850235,10.327885277483087,8,5,10,22.452310096950793
31.550632277673692,46.07241496904645,5,7.3190419901303185,20.01116061103229,2.858004370271401,5.903646218670198,2.210204149851134,2.4065082667524686,4.7493846931555135,11.275346137685874,12,6,2,20.040487768806877
25.46245236844767,66.24029986437,6,5.609272460442614,18.686524080936135,1.6711346852529108,6.917605307632778,5.321539639647329,7.632858188447371,1.751674344013802,11.474009875372671,13,5,12,20.575023642014436
36.833839733160616,82.28001554041695,5,2.244252224955331,23.005372940213814,0.5052320012492943,7.3276568109341325,4.940969325799442,5.353973554365282,0.6755443861720021,11.588248758684397,5,0,11,17.49399427086155
21.34714064473562,89.9342819857846,1,5.1022682719919485,20.97778254984169,1.4865352502909914,7.269203385810235,0.5767541276729262,3.919670405156004,0.8094977316817982,14.891798140727401,10,2,7,17.457255873016802
28.00718892431121,66.46576612460547,6,5.208332064475724,21.727570535553298,2.3595298036681234,9.36233901196853,9.965975341232998,7.8678005188776226,1.3263508822456747,6.635634531200469,8,3,7,22.05984852846863
31.817679531016456,54.282352459750214,6,5.904037256539062,21.239465194410037,2.815771767227364,2.37220333914667,10.250237949533101,5.6492378503797696,4.094573376684551,2.574422702308264,12,0,3,18.35313508207708
31.942716117836184,43.5124260129721,1,0.6008515722273144,22.261521503044296,0.3129595697371048,2.701556392312682,9.450086928059948,6.352840499792038,1.463770410429317,6.535206186927937,3,2,9,13.336711755777342
30.97277913537631,45.4257653637067,6,9.729019711967062,19.914793459902363,2.225229882458716,0.9420106800215067,10.171279238775227,0.6225405606581291,3.6232257277302784,13.850487076543018,1,5,7,22.67973844897746
23.505764269037204,58.76729868898594,2,4.654389706003231,18.824960127180194,1.1044963137925503,5.925863574311031,9.01054842373551,5.858796787260944,1.5391366783451095,3.084055513332814,23,2,12,15.54466018233672
21.12413137373244,52.03666207684255,4,9.265317740991033,18.105720016378285,2.4690651485345705,3.951855076378654,11.249813344477726,3.0071127164959366,2.191340791945534,10.410248823478819,20,1,12,22.0451218686629
30.718806536534217,84.82887135749665,2,0.09808114713976357,20.67415733175563,2.5925604914590434,4.9619888066776285,6.916707002397661,4.932942253948803,5.338327557224103,7.50109862385889,1,4,10,14.53805701071081
29.986042322788755,52.09772805934257,2,2.475583956353089,23.447006572748624,3.642414807098874,1.6982145771413981,6.991710559034234,2.2201105070883798,3.0021722362503205,13.980446845458072,21,0,11,17.001376450661606
21.58712020578482,52.40667546872613,1,1.0399557031333562,19.8315992280736,1.6415135015558397,6.490602505713831,10.318918901102297,6.14475653777776,3.6015109239694088,14.071452350632825,12,3,5,16.139636333462278
32.10278291141127,53.01207074603862,1,7.696161773547717,19.175740926813738,2.15036264054127,6.190193606394512,4.1929865606231616,1.4746883754421547,1.1356609764636099,12.20817956811379,18,1,7,18.343595991019544
27.10343983467313,80.19721262205948,4,3.201250495947112,23.55625647748264,1.0728604910420372,2.6478442693201956,0.6009882504308521,1.2290391691651081,0.7890364188956756,3.280763789442711,0,2,7,10.915478602174309
31.35521183206306,69.04729925081412,5,8.404925084157469,18.632691832507764,1.1462280965805096,4.65416690426074,8.998264744777952,1.8841139670112472,2.4790815482882875,2.3212944470437975,5,3,6,18.06870458410438
34.747341595403014,66.85013101913356,2,8.323853657158569,18.31080620049486,0.18413512624545003,8.943009381072798,3.0550701529243516,8.174645420881586,5.132312994797545,3.7756707526890874,7,1,4,19.868681772292785
21.394568571538464,50.04858134303173,6,6.677947928065699,23.27647904973263,1.1442757691940253,7.734990343257985,5.690829744359522,0.3353393898975854,1.4455419656852408,6.183711959706395,16,1,8,17.729454675597438
18.382897359936734,79.07425060994638,4,6.657818035439771,22.205456291728133,0.2553147583626316,2.269438767633317,2.8852780280939907,7.2957723156866425,3.7301547311593475,5.13861416956718,2,5,12,16.7475166430034
33.58205172791574,32.301831681342065,2,7.00159692073135,20.532411828824475,3.8556631623433186,8.788548524996035,9.925090224338383,0.5650758685849055,5.2325773057576805,6.806869212109211,5,5,2,19.878860408076157
30.19394850305232,82.24783034028678,5,6.737638346297745,22.514063838053048,2.497052941504418,0.6731297342154285,11.499515580953725,5.918572386530676,5.6064625434384485,3.860001338685324,18,4,8,18.65813806019989
31.992791392442435,60.764993987635776,6,3.8690835768434906,22.448639712265617,0.6925942447451763,4.139285660554123,0.6602772432070538,7.735584720282519,5.962741603462128,11.782540938481754,6,5,5,17.682862834731274
34.76309949977285,53.89501409180477,2,6.828276445685459,18.240363379563497,0.4670654392813405,0.8011822753739606,2.80045957756402,2.310729292953355,4.577742960075756,12.988854824536386,14,1,7,17.511116237203993
34.056218696490006,59.83003684306114,3,8.974069691923587,22.05748087237104,1.4804904819101736,9.242141941864885,2.2747454857837215,1.9594694757219533,0.4500607066826259,8.343383193285174,5,0,3,20.44753903813148
37.21840293857649,70.04493183202987,4,3.3257349187662366,21.845234264716275,1.2305892984753655,0.40702441820043345,8.078442152897598,2.891781270523328,5.2287719598167595,14.434847726817324,21,4,7,16.88540779871321
28.718701577042363,30.76592559107384,1,9.448890262149536,23.78267481849782,1.117019123657812,1.51240296107912,5.144140797304106,6.996132750260811,5.313821251221508,3.564477849157033,22,4,9,19.688904989737715
27.769912653198105,82.29311138749486,2,0.1358158789876973,23.799735660958582,1.8727841797240847,9.150399438365511,5.475139962170729,2.5482658660557655,3.3436970352103543,3.3755806106503514,17,2,7,12.482062329926716
26.0377439978146,56.80437151868357,6,3.4908253826523716,20.266795957212263,3.651495371905854,5.821576449006293,1.8849490125641162,5.017699951779547,0.40458996531453484,4.605188965092493,9,2,1,15.05472728390453
21.07382085688409,50.577991182004695,6,1.3209840172874021,21.53905147132931,2.272201017612119,7.951879750962659,4.976815698357546,1.3446610019151384,2.8599918675949727,14.764863236889644,3,0,9,17.129439533234194
29.45214465764045,38.29473393804342,4,1.2661982904502367,18.84814424933027,2.0849260183464766,0.16406760261795106,3.6387393674805897,4.611956039522665,1.2642002152687062,7.414471553821709,4,3,7,11.655010063777164
23.540250486519575,56.367922461506524,4,8.154294940115683,18.398739155742803,3.226193740644232,4.190950705553172,7.334290976048143,6.247284743141299,2.652642405173397,14.013375472011772,17,5,2,22.720488319420507
36.42615024425951,59.779366277062735,6,9.18368314750123,20.596679233553417,0.016098446387556642,9.844656302742807,2.606858744841136,0.718189266520235,4.3447588659033105,4.62612680465322,9,5,5,19.433751553616997
29.663816085541953,54.218801669608666,6,7.777582542329856,22.13929206501006,0.7895426766209339,5.798190660301559,7.377736093512569,8.15423293047751,4.005303879342833,12.999340821052762,9,0,11,23.69647740036023
29.856803610162203,70.71960562961382,6,9.766157189925599,21.406566733786363,1.9847437375553443,8.496827885999188,4.5329423023071,9.374359187968139,4.67995103762018,6.030238806669051,9,4,10,24.143519602793404
25.098493217540202,55.25379172555356,2,2.1632897016627073,20.57794153311601,2.8212362420882666,9.635594768968787,4.155534744340756,1.935477590749709,2.859136443807053,11.547192254588397,6,2,2,17.123335996340643
19.03978703955415,87.6850546707944,6,1.4079991220969046,22.908675280647547,1.9401127797585533,6.850405090224067,3.6666796099321637,7.59432745675844,3.064752499933384,14.668003616095584,19,0,7,18.618510035234227
18.634875307459772,65.95665106941551,1,5.207037820396136,22.766564833102482,0.6548639252035087,3.2763046169318075,8.086001928309958,3.1346666237859466,5.614135427462008,14.129320371754325,13,2,9,17.85956316765902
26.466702883063952,78.44867613911454,6,8.29037614742618,22.39165233046657,3.7199312706463057,3.0860693427113386,6.74902086519571,6.767246207299092,3.7871021025890634,12.807265663735079,7,0,4,22.954873774026073
19.691307561944758,36.56135418656873,1,0.398390908380597,18.462193488922566,1.314660524421781,0.7127740787646797,10.2206604000257,3.066774052627345,4.485243783786561,2.652679553694652,8,5,3,10.54196110560613
30.136939110802782,53.83747757675434,2,9.955656609998819,22.778817767373862,3.152862725578016,4.277721020060995,2.8993221309046793,8.623431328997214,3.987103419191217,9.901008463882377,23,0,6,22.390504959144522
35.61946011279315,50.21086208682917,4,6.022459292053228,23.5165278959682,3.565653338390451,9.153894156218804,0.48143495293494665,3.4710808536237945,3.8429124814188507,12.860826458447235,4,1,8,21.72012952653983
35.65829633037444,64.1689432881955,1,9.789418121813775,18.3566525297455,1.3857975107546658,4.780624265939808,2.1842817820549207,8.488306980840752,5.4812528966089,7.191245667494983,20,0,8,20.48608377597784
31.18090820264465,81.66681120368554,2,3.6508163323377696,20.410028332851212,3.3812471253204186,9.109949101267809,4.120276371946517,7.661425719359219,2.138914766275147,11.505443331840864,7,2,8,19.81940418273643
22.224636629458622,34.7002930657204,6,4.580238205335893,23.930132938299526,2.84309473266719,8.171419332282388,2.1558598837022234,1.9632391250393844,2.5661419903326523,3.795471328748385,19,0,5,16.175782015854047
35.25993662717744,34.35448788268265,2,7.523614423973921,21.5954331508097,3.6171233466480244,9.841871132899467,1.0021281300763212,1.5695308095784355,2.2785024185272187,4.297946372469484,4,3,11,18.77190056413638
35.72186870626416,81.01906248945593,6,7.927004505613187,21.081464412764777,1.0052428068919106,9.476952818920632,5.344061678034824,7.796558847360973,4.5911814343529205,10.368223466358604,19,5,12,24.177308983531738
21.933071699059173,42.77100516230145,2,2.3303305335024027,19.06467688481246,3.725110424553103,7.064832690529896,8.123203965029271,3.903032541018281,5.210517692126893,7.68244326309168,17,5,6,16.547795584847798
32.748521715413546,70.12519526698883,4,9.298010863077227,21.39291770000502,0.2612259066797211,8.71217286875975,9.01884920344773,9.49393169261533,2.145014400986748,4.837266321165319,3,1,12,22.350387170347673
23.73039097854246,62.57268794164831,1,8.674231218347286,20.634259562816716,3.1746851412225956,7.480777016323756,4.784727896623242,9.429482646952113,0.8540824137739438,5.677361860778251,10,0,2,20.70476369999402
34.0528062470586,79.97361569323377,4,0.18205303103198567,18.764658333420737,1.7426600828065308,7.0339451464221785,5.73653513456458,6.934806306110217,2.9646397197560814,10.045942350347396,20,3,6,14.263405378585926
37.94475799807205,37.50533459018421,3,1.2856810585518308,20.785995915708206,0.7115598674118426,7.1555957789780225,9.065645920497607,5.005803396724523,5.905971280046497,11.429820219475783,21,2,5,16.852815590223063
18.600520106587858,37.786977943356675,6,4.960971064070674,18.986395831051563,0.31761182041071834,7.21043675357962,4.232493963700141,1.9496730783911942,1.2220905901042467,4.69898415289666,19,6,3,15.470338496577481
35.94731731581864,63.40910161669845,1,4.6095551411318265,22.38398173035634,1.5581900555957522,3.794190118615485,9.417194535215671,8.82392736376871,2.712005628322593,14.417521743776302,10,6,8,19.502469921107583
30.45261067197316,86.78271920150226,4,7.083908550348354,23.841890196861737,1.5572956869060839,4.235624160525841,11.608512787187639,0.8199795434012425,1.6283208197670076,2.106323190904886,13,3,4,17.25966192910919
37.467652383296425,54.899865502245255,1,0.8971137605303403,20.817462290554175,0.9198295372279417,2.9407115917304427,10.565767480096564,3.7035127679329447,5.53607330181107,11.100809553640493,12,5,2,14.967122717589474
27.300190350528553,49.61652601528169,3,6.448553066971265,21.794209991487676,0.8620615934113713,1.4826057567132944,5.443144040244325,3.1921951045569266,3.3055038453992074,5.783008407093108,3,1,11,15.723435367851051
34.947758611427474,66.40135939187314,5,6.163699311345824,20.585853148601053,1.5980571921872642,4.584434003341924,6.954221938667098,9.584288292383093,3.472466754398245,8.22068966457531,15,2,3,20.0806457213195
19.247881371965544,85.82691603270186,6,2.336195984780444,18.830723121942032,1.6404555328206292,8.999492892722827,8.597116639872798,1.181159264922662,0.0495674797806025,9.40801161031313,5,6,2,16.734739240119133
24.705581001565914,80.21566997067742,6,5.423939642683995,23.82333171885299,1.769459196652769,6.512647066178289,4.191605309234169,8.901499966261394,3.916678532713157,9.299783849656242,22,0,2,20.990653255977442
19.340330755024198,89.72901664399319,2,2.2220720699598195,18.77747198450448,3.475037546911072,0.561803597181112,9.590857199715431,4.5643463206691495,1.8381145284482965,12.09160998012346,12,0,3,14.889219591661757
37.50686266958141,31.354114992142627,6,1.4692302710060634,18.669760851081243,2.44501802569103,8.111999445646521,5.2430039433663715,0.47498908617901403,3.0804980629151832,12.709800642041543,22,3,7,16.47228617155912
34.339478145436736,36.771488682765735,6,5.731349346540705,20.755037650027802,0.08173266428610004,9.354015272175003,10.16209869720521,7.288663524779126,3.1864042971995854,2.95354167637819,19,0,10,19.498190130190586
35.05094842491941,66.56806580199732,4,9.774742783005703,21.953323594601592,2.0763969670487348,8.294224399867705,3.0568067391127856,1.0087926227890465,3.5533471606281166,11.139115882596432,4,6,1,22.468080547623078
36.75930462867788,79.23458636003099,6,2.36933349171745,20.129539625837346,3.0498051839430182,7.275414141557469,0.13653667599398744,2.3700407828993084,4.941236343332653,7.187747421413306,18,2,10,16.218973902781507
19.702069722395706,47.11466053840599,6,3.553361493551519,19.15510213318142,0.22565722657806875,1.5012039581332148,7.5922607516685,7.9972883495861335,1.793607831475998,12.641660525529915,20,6,6,17.145180983114805
25.711951850266665,44.352665282053124,3,2.565732259900467,22.91378020816486,1.6904315170964264,3.489998922525881,5.422669409917508,1.5473200897530226,1.5369683052228564,9.91557482531611,9,5,11,14.986069164514545
19.420697780880044,77.21854796287205,3,2.664598216464947,20.17861992365731,1.8048405730302681,5.652868883480303,0.7178774042107232,3.25470043239842,4.774853087055726,2.1330736067762084,4,2,1,12.0708850269989
22.215862031000572,33.382911231193894,1,4.041921341866806,19.165925840303444,3.816081809343103,0.7686077937838953,5.851348236876907,3.6099828983815696,4.3123114239665705,10.664046122794492,13,0,3,15.004506002655853
22.587315540753448,52.16295885495511,1,7.018555106506201,20.19050926504122,1.9027358151318414,1.0627021413578486,2.0228381450581785,5.88802568815424,1.3536896270537029,14.034233131131048,3,3,12,17.286030173113783
27.382144220951574,60.348553355539785,6,0.3880452403094514,19.287325245856746,2.999601050648809,9.3425392201115,7.55698995217276,7.899332967790763,0.005018138253390703,3.080259741348851,5,0,4,15.844895255541728
23.371243349072852,63.62092046101941,6,9.571241956855602,21.116686426874043,1.2116081808362114,7.026911932759836,5.340546931739095,2.308112609773587,3.995617906540093,8.424999456377957,4,5,8,21.410589912051083
20.019562136355223,73.71690940756662,2,0.462798794892475,22.009736316826196,3.117226604753726,2.7508704605127554,2.053497022859423,2.0578291938270454,0.9430681614344234,10.136095583845895,23,4,2,11.712140071516586
21.349821781882156,51.29074340583949,1,8.812531819445597,22.797344263195114,1.2906494659893624,3.273603097613478,4.943267366544996,2.2190259362403495,5.741977690856369,4.546226179974681,1,0,7,17.34521454318081
20.94551127104182,66.76106068047643,4,8.94378098761999,19.365372181919195,1.7200943493800391,3.844293042801694,2.792505698129625,3.8161187421813536,3.6264437003723735,10.458990171232973,5,1,3,19.325083122431653
37.46153595824597,65.12252536745737,6,5.244891875915233,19.001724034226672,1.9179291112467913,0.7507129257871692,7.837161365674977,5.351031625768884,5.097910929143026,2.647379970307628,1,0,1,16.846471273390122
33.185850138369474,62.85696603922483,4,1.3699682861896745,18.117620525371322,3.7054518776720453,7.391769987144281,3.541720488548764,0.13444954461549696,4.833729109512547,13.7738303706352,11,5,6,17.206289594506462
37.35522930539124,68.42899758853272,6,5.651459705569438,19.368526610083457,0.2138141912194702,1.7683401209120564,9.864208200615636,7.80297585382503,3.346786348061975,11.91450002800701,21,4,2,19.588117029498534
26.79480973015817,45.56695026408458,4,6.286321599028497,18.143432114986776,0.7874686040432288,8.0512002482071,0.16995846589814745,9.267161846317695,2.6301042817054787,14.233305052288927,3,1,3,20.070159642796796
23.567369633253133,35.07892521507774,5,8.577589578071112,20.072845222134355,2.8229709847900155,8.458724297769336,4.841015718507538,8.435195577082181,2.9807904485751537,7.439543510703886,12,3,6,23.2024816230273
33.96586394418374,37.15630032238461,4,5.508953757695697,18.87415853298022,2.310310639527875,6.384341774274641,7.4049654670556535,0.37184511733260206,4.817932442741272,2.444649954974888,16,1,3,17.08889530685679
24.525078360822935,43.47494295923406,1,4.107093959033382,21.479373589366705,1.0061255616599034,7.698549433989132,0.27129941338995556,5.245046897205789,3.8427042332700108,6.439943140633567,5,2,12,15.587858510558853
23.987667474106964,60.01187613136712,6,8.382911938541138,20.30236055694764,1.1568035499640192,1.7183516668604337,2.590102830288656,8.140271113025715,1.2343030860495279,8.704770146826917,2,5,5,20.07166066754229
22.650119844156624,80.4265650327612,1,9.809517973526189,18.561512046424557,1.4692379424347197,5.759389826706368,3.929039514353519,3.4411446857859627,3.6561307179935305,14.166334375583295,12,4,3,21.890233878154007
20.593579564484706,72.07760052530304,4,6.4510320515793325,20.399198778219564,1.801387797321314,6.767993144461313,0.26213465498813093,8.970373779165506,2.4279994736166954,13.479864327678902,22,2,12,20.80711565662399
23.12926122033532,77.34243625212284,3,8.743870373028095,19.256088695807108,3.272109293011112,6.615605808542778,6.560288458208046,8.868796784711304,0.36778504370547527,9.722933290887434,2,2,7,23.205183051249495
25.106394969477755,51.05853743556548,3,5.987351128290642,22.081064108040632,0.05526190588785029,1.1728987764318077,7.570420669013796,1.4170452078375384,2.2876151626174623,11.486779277866425,19,6,7,16.495512471765327
31.47988416291461,54.27922449891301,3,6.897879914103057,20.18661746862444,3.5920789648539135,3.4438246248003814,2.7302670217563945,4.93630770129704,1.3656091873723537,14.400677798647964,8,1,12,20.069516393588863
19.25129684438903,53.62091315943677,6,6.881671175489188,18.882180055290878,1.6521084465261127,3.2503752148233653,6.521792727940541,0.25667482741299263,5.03150720270501,13.057690702003812,22,1,1,19.30776610271831
22.21013879330686,41.51239106427009,2,7.047869868402653,20.09761039442572,0.9219900702656525,5.725268725969084,11.989522669889967,2.818596077785269,0.6299967715358552,10.564652135489885,3,2,6,19.695857979695646
34.18047280583353,33.67299948861432,5,3.2101344392863362,19.34627000358111,2.033650798109381,7.652371288677532,10.643031452967836,8.118728380197416,2.163740695820554,9.020717039992952,1,5,3,19.353238569548726
20.938438471675415,65.4549655696336,4,5.756613962717124,22.774674009830317,2.638680170798313,5.705903661702138,0.7039299792058782,9.751406056798183,4.172951887846471,8.188529904647654,4,3,7,19.63455387837486
24.85290293045043,89.35300100523517,2,5.941355839737954,23.900205362189674,0.17900887677441402,7.5482743865165425,1.5345895729959027,9.133232564076998,5.384351506441814,11.835926719251445,7,0,1,20.162359569766707
35.2931784371628,40.00978229701577,3,3.15071626713232,18.152948334178603,2.8631094066643303,0.9896759669900812,5.932839856191926,0.4258036980119906,2.011900260349899,12.514049197417263,1,0,10,14.857960606499258
21.098506222868853,32.80108919395643,4,3.498523677036637,22.140120823891692,3.04304475033545,8.781386908672774,2.9424133783765796,9.267305251184002,3.63863115479589,4.829372026527181,4,4,3,18.069191610258553
19.6547367123638,76.77190090943597,2,7.622467650167147,19.58374700174092,0.6647291372936772,5.366170693642597,0.9716308461219709,8.226481768445405,2.2418975404189316,8.16232646974451,5,1,12,18.161887732845134
27.690759901600217,45.15516040108345,1,5.827238406172492,18.398451863215765,0.6715257135076116,0.37498660467172873,3.054653912948626,8.677025167507349,1.2172868122913454,12.024984962387228,6,0,10,16.356412107381555
24.048390225570728,79.7786283211757,3,1.4921114796316859,18.08610785751176,0.8151382181635074,6.432130030224263,0.7341371720856307,9.14826775285687,1.9543068058881323,10.784197476556052,12,3,2,14.047644346776265
29.26816728967708,72.23620002207093,2,8.376369886828723,23.286058015274563,3.186514848269215,5.173471873630755,6.358949305387787,4.881799175472844,3.8154129793878395,9.690498670006846,8,4,8,21.359371311959677
34.076097809669506,86.74041222304828,6,8.831142870743196,20.121639012466797,1.0880122237247565,2.2036956884856496,5.883001244047626,2.112182937604353,4.298036031673701,6.208444851193235,6,5,8,18.021374808421804
20.742969763054862,54.53563414540032,1,4.661411479578142,23.967263352543625,3.183743352217418,7.644254586113547,0.07591384267380219,0.21024086872916903,2.2236336328123123,9.919842964834913,3,1,11,16.683355610636323
29.613981691085698,69.71819036703805,3,2.0890743202292694,20.654263005781274,2.162095435755396,9.335682512079801,5.790196747727151,0.23548270713650066,0.9151922951099172,9.957878123802058,4,0,9,15.443384422624655
28.110175207797276,57.89128684879624,5,9.476064954049052,19.125586510628246,3.068685320687235,3.2268345384350585,6.2376617671318915,6.425114228240732,0.8373450741352326,7.621631135678626,2,2,9,21.316665474566875
20.881575720263992,67.83532183851261,3,8.822695645195763,22.662861411135275,2.2146921667184434,4.93915682816369,7.268444892139186,3.3728008930387956,4.875684597379583,14.483896368103068,16,3,11,22.817805410073067
30.47996971057965,56.97593436046424,6,2.443817463418385,23.55895329820379,1.343075596847163,1.2817499869842908,11.641196692878054,4.958966523296857,3.9196411257535293,10.49057798657759,18,6,2,16.852865546158043
23.472808357215435,41.31793478544449,5,0.9559373630269741,22.893726184652948,3.6428565706322327,9.297997237048161,11.792309124624005,1.3133517707606779,4.3681848397827014,13.05906166723301,12,3,7,19.278702606396926
27.75668637088025,60.473844960202854,5,4.406536075491068,22.471195404165165,2.8611826474298567,3.1879605961923296,6.323151728049866,9.755133661847646,2.929525305793315,3.6764563062332467,0,1,7,17.727067964121535
19.64544648554124,61.715052086246544,5,6.763969864937396,20.00819816711501,1.9362192100626863,1.9478468369952584,10.14224037131739,1.2994299958973077,2.7439186857211832,11.83813467031794,4,5,4,18.049692606636793
27.19168114427246,78.63623089560966,4,1.7538858521994405,18.386942183370255,2.549713905501078,4.784286767694555,1.0219892398837107,4.448063436115085,1.2669007875429665,9.824300775631269,22,3,6,13.974372738707112
24.129269360856405,74.13124234761487,4,5.13212658431748,19.20779609136054,2.463373423475972,0.43282489501180743,6.373855469160905,4.433535331055264,1.0100382192941642,6.007606439057556,8,1,1,15.198969840460755
34.44762422370709,69.82749743648665,5,4.254154942725167,20.680861525484406,1.4324648660170802,2.528368312264049,8.14680071068754,0.08638556312605572,0.9234800673247578,3.772707361971184,3,3,6,13.598107771984363
19.139574539947365,36.80322573315435,1,8.905511487694657,23.737199220086424,1.6950869871180871,0.6765773649141082,6.77674583483458,6.677979739269499,5.950731884647988,6.935413303781662,9,6,1,20.294523085307528
26.3721454983666,73.23697743982291,5,4.295666328071286,22.337125078052125,1.2730271105324826,1.2737115449419978,2.7686519334502204,5.382105726741958,4.925350410247978,7.737903173760096,13,0,5,15.720766924736656
27.168628482628762,60.01830938127088,2,5.337763937350376,22.969698271009484,3.998072525661812,1.121575508658681,0.7518958356553314,4.974961887305119,3.7567776424168944,3.8299144063296575,9,6,4,15.455242911475011
32.50012152598237,83.64597216636955,5,9.552861960018223,19.663763381438855,2.3202578159375573,8.724199550179572,4.640031414902275,8.180848383596409,1.2864234997837551,10.711649533802138,0,5,6,24.312630004978587
29.48575150180422,85.19225604783256,4,2.996917658745646,22.102938164721017,0.36822128438984914,9.30434848034628,7.771709973441105,2.4113718674834073,2.0259528454608953,5.9924254779657415,22,6,11,16.11128379833542
31.344246743883623,33.309395436107124,4,2.889909319419414,23.17462886026798,2.076428734806542,4.74522165780146,11.900556883866743,8.610968097847516,2.1047142974795423,12.478512850496845,18,1,11,19.068805088672967
33.54098571303513,79.23849362126873,2,7.995950799420427,20.87646908937951,0.19984785868735955,6.304170878533453,2.8384014166073546,8.647786630165497,2.866040436086642,10.428534104741313,16,3,5,20.08535349414259
35.24405947316377,32.26184342536024,2,2.7753898614396864,20.57935116138455,1.1546081932518635,6.959018972629984,11.013478916536606,8.268623159166012,2.531980765743006,6.036531403598323,19,0,5,17.378762422349162
24.277509934449412,52.03017754170136,3,8.31865870073205,22.31642708059067,1.7838444639047326,3.9131332487206016,0.819136794303168,3.4139777503932534,5.604919104939495,6.680254983167639,14,5,3,17.5475950449999
28.760454107278058,62.53799853726475,1,0.9553560936164496,21.359470117468476,2.1370819464076476,3.7021046704288785,11.17187128708774,1.625574398456523,4.324857975445701,14.247918301013096,21,0,10,15.74195445692797
34.802161568784,38.88604791762765,1,1.112612473094684,23.959026499164263,3.904725598913019,6.755690192236696,9.988401214440358,4.751771093798846,0.4884314639385987,14.325553767002486,5,0,2,18.87242872744221
37.78902261930113,74.7788287541446,1,9.013233741627717,20.55061680437137,3.9288868952166083,3.7671451524523847,0.2513442327821753,2.598410583263676,2.15974080040467,7.438820896847235,6,6,7,18.471509814751325
35.79038622087526,30.501282250328316,6,5.408122824824353,19.05565966394992,0.3922774796254176,5.810095195501771,3.5782244890639756,0.5218154525973828,0.7977757769712912,10.829211030422757,0,5,10,15.791081851194502
25.429345252487536,40.11594290604221,4,7.188142666942388,20.831610316717878,2.152530691051557,5.151928108114578,0.6114798441424023,2.794700120394303,1.676127329603844,14.739638330223562,4,6,12,19.507514812961745
21.903330344373007,64.84780979120853,1,2.252888918625443,19.41122995858639,3.268437580768456,5.244606009009814,11.946070458354715,4.691283116772875,5.753358020124467,14.922666817137582,19,1,8,18.14908366447168
27.787850748131774,72.86325372223754,3,1.662743683821083,21.367522924767005,0.950851281011019,8.29358862876451,5.1341280550053146,1.1273554347396553,4.2315812710499445,2.9377449341335646,19,1,5,13.142537509749895
32.832829036720845,84.99858616163496,3,8.349542622326402,18.754781954627674,3.0022523943538864,7.040571088986965,7.9460822353276495,9.443337338771727,0.047113176296294856,9.195488798139717,6,3,9,22.519671312072276
27.85138141506595,72.32979911607742,1,3.586234070232488,23.699857641295118,3.5144762228199173,9.60682654038093,2.8102868978686417,6.561011811911932,1.9731677546551483,11.4460241885621,1,5,1,20.077990224102702
27.66361726627337,70.30675621529195,2,4.550326191219945,23.158937289240967,2.6499495841418343,7.909766272515796,11.204834864010621,1.3634073118338341,2.6322104222064984,4.429259465354231,20,6,3,16.877732299586206
34.76460842163601,53.66046878103986,3,0.2797189727535898,18.933392382653224,1.3108133953804755,1.4579251459989573,3.29008906247366,8.1206420078965,3.6150085741966036,12.684765304853302,22,6,8,13.792827359816593
25.228075581343727,30.077065531608085,2,3.8588073419296642,19.03435753648206,3.6925292773622904,7.384833029998427,3.122575287627582,9.28088295814125,2.9983621079079024,8.089906459698142,2,5,5,17.666854546906684
35.19589349623291,37.209555524137315,4,7.704378081249784,21.074632046928098,3.5340803746966754,6.656475539671353,3.7752011512962342,2.627840711635583,0.4186365036175992,8.47077066536713,1,6,2,19.646868132475472
26.136096019034472,62.07327268536235,6,8.212751772861694,22.63728832225035,2.86330127517615,6.460439795113485,5.549869975808477,1.43252757444028,3.0932848121008902,5.56619959228658,15,5,10,21.13303306197086
24.56466211356679,70.50779315066518,3,6.987547888825418,19.314476014005177,1.4546724537486924,4.807446261920036,0.22239271475653233,3.2247550304256167,0.7815556563184498,5.9019190643618815,16,2,9,15.136746812543617
27.07979822399398,55.04689703378775,2,6.921797335437422,18.36583031735719,3.1675854495791973,0.6246391981598642,7.174050001537013,8.322487996285261,3.115198612389842,3.094251451860373,20,2,1,16.649261338760017
33.24893917349737,73.84074069170342,1,5.062392665971579,21.27320565949569,1.2644359260085647,9.514847675100699,0.37998956568885767,1.7509389284959753,1.476411659832632,14.10970784540462,11,4,3,17.913533348582764
20.520040557279884,61.311737719930726,4,5.38329329259823,22.14958268461206,1.0118114053342828,8.519246947244119,6.470429852875117,7.793465868120341,0.8651537944542012,6.9642681425513,4,2,4,18.771700358469328
21.928384317440347,34.450571735658734,5,7.426317468131435,19.4661929477563,2.0600535476451243,4.86808037411858,5.494618826185343,7.1626326179321165,1.7275376346329696,4.108990279444747,3,5,7,18.42315790354375
37.02889651326184,41.52097505807693,5,2.4730179882772285,22.438606726503828,3.988540900005003,1.5858096763080842,2.9105646976369224,6.513667075560129,0.5977324711879706,3.8506111848251767,23,6,4,14.040303554839841
21.50983254762715,80.39989339463658,1,2.3151706824605602,23.703862709667654,3.2172877657364842,8.244726578557586,3.9572162060499205,4.333174993486239,1.7039023399188835,7.29627926889837,15,2,11,15.447911338904055
29.354546358621093,73.49476479746636,4,9.499248239140547,18.822446656112838,2.919170928473295,4.306716054091858,8.467917734936037,3.667702829009498,5.2015962274171335,10.21870268432474,17,3,2,23.173034470811313
29.586289333238756,83.68571922074969,4,0.2768988675877537,21.066174391852172,1.8080509867759091,3.901139235063594,0.11517023845675611,0.8525797542198887,1.8430241829810166,12.111167569940115,12,1,2,11.042541234741227
27.792489241004894,37.05343494725619,4,1.3946546366518153,18.341051704089494,1.2478000367432642,6.6538223193270145,3.7997656563091167,3.573557852615721,2.821332204872932,14.019863897741073,19,2,10,15.478339593068407
30.89490497153637,89.41335207690443,4,5.70332426201248,19.239966043384293,3.4236030526020635,7.586753985326515,8.163567049978408,6.018418061891663,3.118850149317649,10.264126625346586,20,4,1,21.424404734307625
22.59653451595237,42.56440283699602,5,7.378348386983485,18.53891612076644,2.270931119924077,0.6284073662045808,1.8272863848306007,8.982092161461711,1.0697445560067482,7.468602793389748,8,3,7,17.650463732545123
29.053245355534962,30.70679257719852,2,5.378910829850118,20.424039738481216,3.2530198044875958,7.675564164835129,6.72462785023324,8.331245381598327,2.6507067539538167,7.485304014441375,15,0,9,19.44896528407868
25.443465104937943,89.84537634321325,4,3.5506399616488418,22.924990742248546,1.9510148382839145,7.339405013516282,2.0271951417925522,0.32215730240050644,5.117886729495696,9.466900501947979,2,0,12,15.540619807219526
31.23334519258378,46.864433126706786,2,9.779761193529676,21.46278270313069,3.0158299760484013,5.8920961052204355,1.8571425222839952,1.3886289515949712,0.483162442632187,8.994531647040997,16,4,10,19.566641502860417
20.82447086746299,70.0811671507536,4,7.0385268513284585,19.335509022992586,3.4709642346867793,3.3841891435813434,9.267361148685083,8.484879781047933,5.536917730653483,10.330589894151693,19,1,2,21.644234720783178
29.417548336789523,40.600938850578316,3,8.313908410670791,18.24066388257434,1.5655601058799982,1.6480214725582787,3.1983042396136523,9.393183650492228,5.226681413500237,8.544335576638634,9,5,7,19.76138318666885
21.705407107666474,64.8137119319485,6,0.4024687418820405,21.320389171720517,0.054278279616063685,1.0265296918386324,4.509229427430329,0.5580884457324065,5.1349771121493,2.7668810721619166,21,0,8,9.799401095327408
23.572861262300727,84.24209918727355,3,2.359201104733837,18.796780289943428,1.019706264083636,0.011836937185679686,8.760216787499639,7.012520641003068,1.1912566540227938,8.509468573520966,22,1,3,13.793229105861554
22.374196006471664,49.210870045706315,6,3.7417109359158007,20.056404164182545,3.6596601643376356,2.0646017569209283,2.154235206515716,3.657331144642267,2.9058815910989115,2.2929324576032357,19,2,4,13.474385999427769
21.656755597376343,70.21523856266155,3,1.8260139808227804,21.061153553481635,2.750169042209164,4.11336970049973,6.380844255994291,3.6429024747516783,3.696932823035408,4.347903527679396,3,2,9,12.498088601476505
34.514219031213344,41.27421532790499,4,0.728992727091472,23.422395214117156,2.9488748657477615,2.4364433140008437,11.013835965175957,6.426691925257215,0.5996995440704798,7.0365597059737635,21,2,4,15.51955957696088
23.714151353217808,67.48772392312353,2,2.250916645946802,18.490939962532302,1.3011544570616858,3.089790536050099,6.645921832541864,8.1021608791671,3.3410730752135844,9.167007915576963,0,0,6,14.632101918354682
36.54247563728899,50.187021109050605,6,5.336356312370426,22.011645553600985,2.8050919386999804,3.904524153609902,0.5861491994811532,2.748375508803637,5.040259281166943,4.4026363295680815,20,0,8,16.071563231486053
37.39853050690382,42.6724955152771,5,6.957452483567053,18.084487713029272,2.5851285816377008,3.082623084654311,7.076367296125328,7.05354344067211,5.619323634713862,5.591908564290492,15,1,10,19.339772492271397
29.42520939874195,48.79092304221811,1,7.74020922965081,21.779451314161776,0.713494653908116,7.2462103865873075,1.081840794172774,6.358763087743517,1.669971159267623,6.8647429288931905,10,1,2,17.94866318436753
20.860022453314528,40.73046411046796,6,0.4293615486771707,21.309194935983562,3.8747631097225783,4.917267891649699,3.3854944851993967,5.173206616042384,1.7324359347939282,4.5637976514756575,18,5,1,13.542926771357193
25.490964867591625,84.11496647027298,6,4.279861722125911,22.871199720540407,1.41610237339096,0.19327147752040696,10.196101264122138,6.024257488154204,1.6243837042194673,14.983926350778667,7,4,7,19.272935171491483
33.95464526696428,53.83121317902773,5,1.2221158358536732,21.189974837186874,1.317147895360169,2.266682313623034,0.13282953682341514,0.18053382908025495,0.9207004386834621,12.461272701017581,4,5,1,12.411802247874741
25.34781457394141,44.71675829846204,4,4.3120038644467185,20.115699598356827,1.476646176920792,7.096582446345307,0.9241597039754597,0.04065929947664082,2.5842825228934307,12.542176024179067,22,6,4,15.869310934185691
19.740344366055776,56.90447046095598,3,4.339758491202951,19.45650522796936,0.36687846128307733,3.0093052328678582,4.360369544164451,5.504385666923519,4.706813089476039,9.395230135737666,23,2,5,15.359048486271702
29.13569821856376,49.23217000838973,3,4.982116867122437,18.51149845069244,2.4998540683728634,9.20141771699049,11.992750558792192,5.241084647667443,4.272531843709194,14.49722006239654,7,3,2,23.24875740267538
34.9024170299207,74.66515522879956,2,8.928306262632393,21.207676045778587,0.9544969749855872,7.126640474474206,3.5023668728621185,0.7133520532735538,5.40191610790776,11.518608554541537,17,3,10,20.907895556021707
33.91852774287005,88.27319471312967,4,8.050955026240894,23.32993155989141,3.2132510255367235,2.8992697587964136,1.8872954248323746,4.920263266230646,2.134448896259618,6.301422235402942,14,2,4,19.489264823178424
21.502462802607063,56.28201940185881,5,6.367208451363918,21.088466963734135,1.5766247205357833,5.164098461734441,6.593065594178987,7.575287750271029,3.4333155105312496,9.936846578880935,17,4,11,20.805599578022353
31.455292288249332,81.66200399833443,4,8.854073229335308,22.434617144795354,1.834233929162608,6.6723903018016975,6.23106025884484,5.412024440151062,4.599212967493481,9.068100607242677,12,5,11,23.68379868293406
22.41008526871294,63.95178441357717,4,6.784686165046233,19.790609629305454,2.585688216462236,1.9336586533709532,5.395435061146051,5.176142907579415,5.389039824517745,9.543754707380863,14,1,10,19.253202257784054
22.364150691043445,39.43413990565401,3,8.188549607630751,20.688785159248607,3.0474845358149567,2.461874678868623,11.359845024515385,7.179084539257711,5.23052587193977,12.63044674262572,20,0,11,22.75656007003011
35.481435466103704,71.4373645248805,5,5.637783009841266,19.947619220675588,0.9244612193924469,5.071237458622565,3.3617924514062247,1.718442069531111,2.793105566577441,8.6243042328475,12,4,7,16.928016033093343
22.993379054804603,60.80606982754921,1,5.252182516309007,18.655596668129384,3.8651773188725844,9.24894722490292,3.5198907511435946,4.574805321487663,5.441147002108669,11.47232652909391,2,6,4,20.077612353336644
23.264946930360225,69.0363913951262,6,7.240972427723848,20.50193161970103,2.489286183866725,3.4401036685761524,1.6830836566450098,1.4804787690345622,2.664334555757475,5.257758144310838,11,4,11,16.30444268665018
18.01306781522599,83.3812447542999,3,0.19689311975751078,22.585723391023297,0.022554494001550296,4.021303281007064,8.367456214994103,5.2384029691774,5.416993307932847,14.116805288224993,11,6,1,14.999306232499698
35.41338068251035,56.42607423936276,5,6.903775716314234,20.369849997267103,1.6624888396942046,1.9062021068151358,3.856433652966459,5.919414324686477,4.661824841368237,3.1229680720327275,9,2,12,16.912377893132007
33.8518962641827,84.07065739304133,2,9.345182184043647,21.901075333309603,1.747271282523017,5.932086952731095,9.63288351654783,1.2167330161775602,1.3298875331557811,14.916538855306737,0,1,10,21.671533188428743
30.54657870181356,75.04014085689928,6,7.13942079826754,22.551692904305163,3.236659903897588,7.401507472509984,11.661094528475042,0.7551519806155815,5.578006044918659,10.224750407813278,23,3,4,21.771099221077147
33.00531527877685,59.31629555267909,6,0.367937242972185,19.936417363297934,1.2205590964820154,4.406422663096205,0.5242229038871038,1.6673361111586293,1.4547875456028947,8.109369091943341,5,6,11,11.322626632058027
21.040971348489837,66.19332813947781,3,3.778856407727239,22.78508735763286,1.3249060651798539,7.502493796598184,11.917462680697497,5.863376233146214,5.450519773085093,6.040167706581999,18,3,12,18.50332156333033
27.16647189175151,49.53486795114068,2,8.09581302271286,20.033554301818256,0.28197637141027165,3.026047233679574,3.049250716285013,1.8961916119791655,3.6906544166942767,7.266844516642482,23,5,6,15.970520559270597
25.02438774697562,89.01583798432645,3,9.5860855004442,19.536642362762738,1.1341840981032592,7.069844180285014,5.04132428705433,2.75243309967696,4.0042566432039415,12.171502893505938,12,6,12,21.506916063552946
19.87553052514033,70.04106978302376,4,3.7016335563637726,19.33467700655919,2.8678468059434,2.5834453317045414,9.332920253912306,7.025459461861248,0.6560008981064303,3.8126285189603957,0,5,5,14.74350914711876
27.72260970429848,32.63081114979779,5,8.41194055876908,19.199424874349035,2.5390276782392784,7.806495417715702,7.983973705671893,2.4834482703013574,0.3944461706353215,5.284906812992594,18,3,4,20.468554325746553
36.414793006852705,49.59731434488053,2,8.63809875301513,22.42274443688038,0.3255763520315762,8.306415782992095,9.34124305001848,3.975269894555691,5.810046146041836,3.6084558730155813,5,4,2,20.5587144525822
18.801182381013888,67.39886602554344,6,1.2328639932605001,23.325055566341504,0.4587755684591319,7.977236683597888,5.595984188626305,9.288453597002368,2.0215663543543902,7.546508753931128,0,5,10,16.44336690802943
23.829218269875877,33.37999666795439,3,8.457884667186873,19.383890845111736,1.507703855700432,2.15472605850626,10.992804942874361,8.249966113611123,5.066226721182575,7.033894923398437,22,0,11,21.463526574938683
22.150818724114067,31.433051479148567,6,3.2424989563861506,18.511441786776924,2.975031048564039,6.942494378939388,9.479289664861323,2.5547225015816153,4.226852701140577,10.434203745398595,16,1,6,18.39237910636243
22.762933073313924,57.00145437166815,2,5.932377215654173,19.88260185773063,3.33167311251452,5.385403873763492,3.710735705204113,5.975758014018147,3.6248302869205866,14.944306892600423,16,0,12,20.83522945877839
36.16869103758751,49.961410781560204,6,5.38962119356421,21.947083433528153,0.05849617204006963,9.860369899890477,11.381762656185119,6.658044226976677,4.111259712678071,13.600670504309623,20,3,6,23.596132113195225
27.361381084685803,56.29791648198996,3,6.630538637361206,20.21112055335623,1.3160423092296027,3.615768209790641,11.532650321116252,9.00241509731128,0.5363230212687382,13.444910000030278,10,0,6,21.996660978725895
27.325988258796375,45.76159859280031,3,7.404646509447303,21.295059235267313,1.6970474545143,7.712513528390406,4.980642669080931,5.474673167725359,2.474371477882626,10.39420628549209,19,4,4,21.21963268553214
33.211512849105645,39.88306481657885,1,4.4088109761858005,22.46582979405117,3.6445312431618264,3.70078117057317,7.823525855851088,5.612868775827744,3.6424583436060924,5.517907852253408,11,2,8,17.54059245389995
21.089844080098516,71.34860141882027,6,8.883108221491323,20.450871186930293,2.0056262308377715,3.9685747415404196,9.777222422566842,8.8844721347745,5.205377729431875,6.993113576368129,23,0,1,22.902770031954184
27.745307082001016,60.87426697606803,1,8.094984215615613,23.99816898822717,1.078803060982735,1.109921844050974,9.807608602457368,0.5438175518138844,4.288124097607406,5.251587693464858,12,5,10,17.383032252280604
26.599704282421193,42.00925267496201,1,7.854210926478597,19.787695561413017,1.5601882606553792,2.396611858261913,0.1694825362890886,6.281413225100028,1.5168435999582872,3.7560921296399643,17,0,8,14.752626971355292
29.93821381093312,49.1753655755999,6,4.582468419342918,23.869490111235702,1.7457377659789888,1.6448428657233694,7.5481635965584974,4.166492064777922,5.909557739345438,7.668406188781558,21,0,8,17.901761683044487
37.99115406500877,65.50847445979956,2,0.3757288584461016,19.218177991398683,2.679983494117114,1.592005610439271,11.684391569407273,9.097633849960864,3.8582195449209262,13.667955678218624,23,5,5,17.641089193116194
33.38897788164094,34.33376089634867,4,4.922564063789444,18.66559045958574,0.16435113186970085,0.09016527651856121,2.776165773554054,9.605402715817805,3.0078997085614114,11.66993430755957,0,3,9,16.053496527616886
25.957314060348544,38.84718055597077,3,8.98445534144183,22.504983750566208,1.5578066520974012,7.937807694727623,9.547306310123263,1.7024726422601666,4.688272881659373,14.802892646797696,2,0,12,24.568327436026934
34.551061045480935,34.39473624644341,5,1.9045015560751888,22.21385793990719,2.5862185476578055,4.679312179396808,6.410971452923789,2.8146847061804015,3.6162024268497013,4.532622820659558,16,1,9,14.57285633626714
21.414167266249603,78.73903996284713,1,9.825924720105878,22.867016083454786,1.1332892614575898,8.041675679607579,2.6576425336669383,2.7345790276272472,4.259931277011408,8.507072726009675,6,4,10,20.645084976018442
18.609273726179204,75.14455399272055,2,8.076906200131713,20.06154253039983,2.3670040266566166,6.125504091988049,0.6124556890079522,1.0062762726172103,3.702799435490394,12.309599283380342,16,1,4,18.14350255572913
22.088967449285462,75.19877591275542,6,7.098297922820648,23.584845923117904,1.4291157204161764,8.313376624805095,9.119060532204092,4.829439054712989,1.0730281453907178,7.985995559599615,15,1,2,20.23151624104588
24.808231122285193,72.97952060856169,2,6.771599579223207,18.716888570238474,3.034883470027102,5.037650032374411,3.797644194297924,5.130814107295255,3.260136365025775,6.615706929197596,11,3,1,18.48195789158025
28.211615149191196,70.16312542019216,2,5.870258819337626,18.181662607986755,0.24239078584997387,0.940410211388345,4.507032336781256,5.729782596595543,1.6986069209403223,12.606528582743616,7,0,8,16.119078376551098
30.302582810823996,58.6195149226905,6,7.2067032324913205,19.80338331067183,3.6718479228054255,6.167636432339406,5.822772638988132,6.629583664462553,3.421730671257516,7.5940045615444856,10,4,8,22.040709501097062
36.21211434428844,68.5366898104269,5,4.219055562193205,22.783946780401504,0.6864501917959025,6.7776486226274,6.086338835655699,0.6291745246474256,0.7530212625792083,13.868576228052847,2,4,11,17.776564132808502
28.197080191009153,32.30169328727848,6,8.452881080201296,22.03789384364189,0.6341883469973966,6.26504168301055,2.474226923644933,6.224835457923941,1.3917945518441528,5.4892181970530824,11,4,7,18.89925810428132
28.025512892514588,67.28786535940708,5,6.963459560952808,20.617252585335738,3.36257177909285,8.013363152265798,8.04770388226165,9.138092881740526,4.852335560695354,13.653898809912315,3,0,11,25.925950535529484
19.004860196459642,76.67266233221264,6,7.7125311237954906,19.537521685166013,3.4771316920955546,7.314992440062133,8.310479759470482,4.549909789827346,2.431623261840987,5.619990934309287,8,4,3,21.04776586450406
18.698231053124477,60.021501623063415,1,7.924874221659795,18.355636720607862,0.37189325378320115,4.326324491988691,1.7076110939909217,1.0671244331780394,4.042709313869657,5.7643360725631405,21,6,3,14.94610035186091
29.023199238327443,51.45079970563422,5,0.9207004570890254,20.025033470684836,3.634875712059641,8.191036554552435,6.394914478950975,0.859440267284296,2.9870909463980726,7.4675955332801,20,4,10,15.152724777150809
26.76357226496689,46.64560408805875,1,0.5564077268773793,20.760118606528497,1.093191466915905,6.917865421426878,7.311112178727518,2.817522629109044,2.044183443461982,8.705554122690144,20,6,8,12.559807689869855
34.78360789960597,68.56812300972496,5,8.009858684847359,22.12214302842723,2.474486741632222,1.20366738515011,2.2350185208035085,7.5252462629734085,2.971051502496419,7.436926164821369,16,2,12,19.590412829700462
21.213591694236904,71.56807191779453,5,2.593840210382462,21.875831729678588,0.274373961631583,5.398729154498198,10.733545518351777,2.609996553175906,4.8822008793350085,13.20793817330256,15,2,11,17.88533048646314
18.49943324234099,82.25805599175256,6,5.819698075118143,23.684069417591267,1.5226444045128038,7.285558062299383,5.79391033410346,8.143309123011713,1.6896039825847005,12.34239818509885,11,4,8,21.953871233602996
26.980775358602518,50.54004494765944,5,4.437108552189862,18.602375514317167,1.8028984364181513,5.532882017182804,1.3803402919922059,8.19659146965964,2.528661671509391,6.028225280383089,14,5,2,15.949529529887739
22.74957113504515,76.18633844313513,1,0.22039203667634233,20.018040737274816,2.399306277425242,9.490286509515975,4.012754131454337,4.571118380317109,1.2154997066931845,8.649758488714433,14,1,1,13.056557776952495
18.992287466776748,63.681349451360276,6,0.40281258166271483,20.88946849162139,2.1010878856578628,1.0149126820876953,5.723525379295847,3.0078884290397445,2.1071337951186555,7.603388479978609,0,5,1,12.252917095782013
32.49196573695258,82.97018944068475,3,8.271252422787956,22.024174763123938,1.8459718459663703,7.223216928788276,0.12172983696844719,5.9766715270903585,5.310658254263006,2.728914202410942,2,0,11,19.454017958446585
20.231859999144948,61.66872649773725,1,6.0767756148872385,20.97271014864844,3.8385608470623516,8.244508114295005,0.38291850836968866,8.105301489568104,4.714335072789522,11.725910542183362,1,1,1,19.853337841272833
30.166390000155435,61.05778970387803,3,5.238430787368449,23.476549391680432,0.7400911079510366,7.026531949051722,0.6662471437274151,0.6457079800084375,2.2416917564593657,4.361665957350432,16,1,3,13.615740421317785
23.620995003337782,64.67262488645454,2,9.443520834717503,21.65203407359888,0.6319769225866727,3.855850050644063,6.457622710793199,9.534235433266025,0.7943675043738638,14.143842429466726,11,0,1,22.278014542772173
21.46992100710044,74.95892130854607,6,1.7311502592884487,18.237992458147293,2.8536762436026866,3.85480313203326,4.0330583548502545,6.459002749416057,2.5198201433983423,7.171119198423475,4,0,8,13.895290632566415
25.595030458386347,87.88142872970766,2,2.5797083965879852,18.681935814396805,0.2982075394809285,5.865675050750126,10.717248576671995,3.9814775630564414,4.630334433708665,10.089353872647008,10,3,8,15.966202857372497
34.02891552445907,34.41380125294594,6,7.567390782356273,22.52097336888335,1.931565823977107,3.970980363545266,6.710806467946732,5.060192355366056,0.2628059817472872,12.637891419744992,18,3,9,21.537030625310862
25.841871538091453,33.20607614346103,6,7.752352279579294,22.294726178077767,1.9362124766088287,8.831829973658309,9.118755945850932,3.855924967768577,4.472044086220253,4.343857533128298,14,6,4,21.879525412988972
33.015392984221116,86.25302024444031,1,4.048971964391645,18.92098201095423,1.2401013238363654,1.0993061829445039,8.245598121060869,4.126110291294402,4.079459584853807,9.034772572490347,6,3,8,15.418211954041478
20.509725935983013,61.792537531092364,3,9.5097843464376,18.353451966393997,3.721774966720791,6.3915734797275245,6.243848726852706,5.956166108421207,0.3878936549270928,5.086457325427132,7,4,7,20.700550573931483
33.45542839330158,66.89418087401617,6,9.382545777151707,21.472307132639212,1.1301737403840457,1.3411496077363771,8.936645277181496,0.6024049685717037,3.813841735846678,8.625719781210059,9,5,4,20.67003173241044
22.73866649813297,58.94541609568373,3,0.12409715060159532,21.814432992160402,1.1537678089529861,5.401598024990417,6.536468434412747,1.7537712498496216,1.79193508181433,9.532668217878584,5,4,1,11.69563923058957
31.547862597777456,35.61944715644847,6,1.7232790234072504,18.811797825077008,0.9371998568948845,7.15581202410695,4.625475662285406,2.270395698035257,1.0637119220060738,4.198834298793473,20,4,12,12.401898587680769
29.315631096819928,76.08536270511999,3,8.202194416838713,20.84171592624489,0.5831521408822522,1.6551091656024897,5.229657990091781,4.075142742783431,2.3092917077579624,9.550641510519045,14,5,11,18.061932126405353
36.58289434423375,74.83347870531522,2,3.352166848260083,19.83498917471048,1.4560442213938112,7.040332214896534,10.062016074526577,3.710575295773104,1.2323265640708458,7.91380407707417,9,3,3,16.311562022160707
25.74645035950628,48.70219928956872,1,0.9546267869982838,23.587833873821324,2.7235490400017204,1.3998003121109093,6.759282697482562,7.22204559668463,4.947335270236256,8.78599534724884,20,5,8,14.588344364876725
19.32330377668881,48.37435471370402,6,7.849991744235836,19.315198820336427,2.9686514510830233,6.20553745629139,4.527553777947787,2.5917936870732294,4.452003034920659,13.764571243371003,16,0,8,22.083178501808682
18.383109711025057,80.2704828543311,4,4.545835055752095,22.3995643554198,3.253675665722724,5.0555302932288555,2.156917819034977,0.5707213360705343,5.8845177024259065,8.289440673943218,21,4,12,16.042707775062507
34.53717121945506,34.341435464479595,3,4.924107867153719,21.108803480066026,0.7901755541262343,2.980749538092616,5.944294106420464,0.5544224615223103,3.204449078540394,8.189931001655914,5,0,2,14.806604222716388
28.494712753228644,82.86630890139395,3,1.8636938881617127,18.06912607215626,0.14253075295891904,1.1154873085530248,3.0288493143896966,0.11313085773312914,0.5352349306526794,8.115181905095097,18,5,7,9.469186038443427
33.50488103669899,45.39970139375487,4,6.608950539389278,21.101991499275705,3.8987434339535674,7.358541396009165,11.466958537540442,0.3802600653933763,2.2066117298718533,10.100368702367527,19,6,1,21.872477107846315
22.688512000230293,65.57908486532963,1,5.512413181226177,18.596832899517008,0.05733007714571414,3.8180513337700592,5.891785015813058,8.586606747477543,5.031822293530375,6.77772509986875,19,3,4,16.900676271391536
24.901674910264674,86.15965074010666,3,2.0667293778907583,21.95437317495187,3.842715351832234,0.8653077727317637,0.10737928667108543,6.9724291777974665,2.381179264984394,12.417681252679348,5,0,7,15.390168506244313
18.602077444226378,70.68735009219878,1,3.4033150843920676,21.393141182289433,3.3152576748471994,7.727893382727329,1.1145262739336905,9.959311658980422,2.7340507623893364,5.718651473080912,13,4,4,16.706474947495455
37.22984649148224,54.8657887480222,3,5.96879287336172,18.062563364000848,3.648299044100546,2.3289468348382067,3.4118939005265103,0.2031272812170659,2.4718251765450887,5.894100609996667,23,0,4,15.25497011677096
31.357358134016266,71.37205253432491,5,9.248722554334101,19.22815697749789,1.548742850444584,7.3645205370552045,1.1059541003797322,8.490015510753194,1.4122721404103078,9.653753113444857,12,6,11,22.41044214627416
36.664101755186124,50.63877817898221,3,9.203763503214917,22.657350317232137,0.7888079954041332,5.6489868594073664,10.727546705944818,6.960563292662435,0.4391712679102202,5.378561520636163,12,3,7,21.0260001112728
23.30992814858145,46.63550498095117,5,2.87905904397483,19.654635685812128,2.4258547407022597,1.9452901157905123,10.25221880160637,6.40342431476493,1.0833619434056487,3.169300553244045,8,4,1,15.340878191635827
30.229272224513217,89.80099667608079,6,7.356209777598849,20.99570040697832,2.9650046828659473,0.7640572717479199,11.65033810652108,3.5653212561918393,2.183658466327329,4.6726120194446645,8,6,5,19.097795469269577
31.569999365852755,75.04741387078727,1,7.755190805238095,19.871991686455104,0.5234442652986422,5.932490154026258,8.477587372125718,3.767274147899786,1.4726261351528123,13.877545909766653,20,4,6,20.452081235792622
24.35099400515177,68.68319864290905,3,8.088230999827948,23.52916113838524,3.190486058738136,0.252118322394288,7.7455745545441905,8.455611905103043,3.436411199943091,2.13910767091631,23,3,7,18.712792991622095
34.962184700312605,51.31737859315913,2,5.7076228475148,21.219462106700604,0.8343732800502317,0.6546448486411283,11.081959654749319,7.134838782612905,3.683433965471581,3.734998003531274,7,1,7,17.31767375167392
36.943229258004955,32.94964974930289,2,0.10507998099587801,22.177041089136125,1.9667091716338398,7.0221908196670055,11.356717737675892,6.70316580352311,3.420396449022648,11.854515256583003,9,2,12,17.972461124330366
35.69710235392009,31.863412562109335,4,7.616762854462485,18.500856628182646,3.4259297995126117,5.388738414013031,10.52985411460323,0.306493284497773,0.5095142154219074,14.738190938190069,19,3,7,21.10959558201573
32.78133951878745,63.250875326927925,2,1.0659744982935004,18.24201592519651,0.7736980441707701,3.2629526565437694,10.337674125837871,1.8431963563871068,4.001161919798773,10.946408841531476,3,5,2,13.985186749124939
23.54929359449908,75.72196326234307,5,1.1687138622040183,19.555369170402784,0.9675385919311501,5.392279426684237,8.060439065324736,9.6262446023701,2.3074769080898783,13.990348328748441,2,0,6,17.395883820081544
23.632320842112634,62.2427514266313,2,6.056248026461527,19.854805753521923,0.25108462599676606,5.916493275249195,0.019271366875737606,4.543712497901877,5.268952663548646,13.118064837242526,12,1,9,17.451785944729487
37.26720640892076,80.44710431634687,2,9.835205210253017,22.12608324707941,0.5864564471325218,5.652858662444665,5.154204603955833,7.81393230224238,3.15368621391296,8.239611975215631,20,3,7,21.057051629685063
18.20568991871384,32.0055919855933,2,2.425394732657998,21.414783016274647,0.5861032791254748,6.425540115154905,7.627953254152171,3.893252262224234,0.5070880131469859,6.335802189652117,7,2,7,13.89613718018801
32.32099946484289,52.0051245855564,3,6.4581088005120755,20.247477641609912,0.8137100086165501,9.402881001903673,6.565528565335256,7.643228771431721,0.05530853700334348,10.219092228228927,23,4,2,20.735680682189777
32.124923251105244,44.22422347045068,4,3.03653645737601,21.924704905068065,1.1448015882599356,3.887775200840254,9.853519558690468,1.1921256810551106,4.215073754386159,8.936194342402283,8,5,7,16.0949148823405
30.453790818995948,56.83637808942732,1,8.987261136105296,18.981394484017724,3.2599334579141632,3.0115141345757612,9.826827318169558,0.4212801962729762,2.4030644176661964,2.3357811553752854,13,2,9,17.446272824799863
37.80217692173731,34.34258359164735,4,5.93516892113864,18.380938168888235,3.6630554567244697,0.38434911030169716,7.184184113539268,4.661765715206185,1.7279752420681456,14.444863211072578,0,6,3,19.340891667171718
24.237588715274505,87.24789849426435,5,2.0747732765647084,23.1270305539092,1.625122436915801,1.4707305685676686,0.2639286391087641,5.916461967244951,2.6830742455586645,9.413215751157814,13,2,2,12.693951251798927
24.799437275864964,43.395324064161656,3,2.621310504454283,21.383676769613267,0.5128358079532433,1.0624981588114268,4.431959428016613,3.2370189130644134,0.43435736533882463,13.3683932918097,11,5,6,14.08455997321665
19.57878805893111,85.33846652901508,6,4.32480730418121,21.894571641824527,0.8952397003821226,3.3544418687246225,2.745799024121687,7.1600462797977835,2.3519060084558583,11.550192223056218,3,6,12,16.336293776063517
26.85596273087475,55.553589302200905,3,1.220435620298127,19.843453504497443,2.944823907420902,6.099907288150554,4.06545730506301,4.958196488872842,1.888198549813832,6.430828913752018,21,3,2,14.12587932174669
23.220970524696963,89.13144799531308,2,0.7873336826348165,20.231729746426197,2.709702076851559,0.46333891134583416,7.407511854192743,9.283168475434426,4.801134836594087,13.715053898614146,20,4,1,15.976802053554207
24.867734043552886,63.243503007612645,2,6.800613957479561,18.494204682917854,3.868829206422762,7.276650044546848,0.7975428321927307,0.849905174802289,1.0491240461124922,12.275490590362205,3,4,10,18.575435121774028
34.691435805112555,85.84997185054846,5,4.071650620891203,23.14192912681064,0.057954722380332946,3.974329499777393,0.2669045885876584,0.6656836440108005,4.537901421168818,7.587291149750513,12,2,12,13.965309555361484
36.70969027054991,30.32093932165337,6,7.262257918702771,21.55463670047361,3.0030350411294275,9.635045157884546,5.242474991763653,9.05121852246986,3.0024151953460225,12.926217224041888,15,3,4,24.530365991835758
21.71466144010371,74.894328370854,3,1.100582004376215,18.501765979079643,2.0231744018119264,5.683849751919387,9.522885986971739,6.69107132807409,0.4913276945125624,5.530180324972816,10,6,9,14.486192424781171
25.450178631069317,84.18303918615092,6,6.098655479010957,22.827177598350005,3.610771911689837,7.713623123884888,0.36838289518262224,6.7111828813153815,5.818071290158685,10.718885224726762,2,4,10,21.534655537187408
36.572611242307886,38.38323401873724,1,4.433067933697404,20.664692217101848,2.304666696507468,8.61181232297033,10.188583021116765,0.27555222280766123,4.405257896209522,3.4895627270463603,1,4,3,16.6035758521433
19.236169213784454,35.76755110392909,4,0.5799865445702856,22.59060810102008,1.7866708978456618,8.888463013255274,4.606555593000095,9.376752254885982,1.5605656037342697,13.254980560377389,2,6,3,17.801614179881565
19.84721056222757,55.47435643115733,3,5.4480197827597685,18.07571917253489,2.663402437971979,5.184617496798072,1.4188251473454216,7.718250559304661,3.4905197316049885,11.482624670322611,19,0,6,18.95210588073567
21.255819784124586,86.0207343679761,6,0.8280427471454577,18.172438181832735,3.3340937687239904,3.967425584310811,6.809972745577225,7.643148178063472,5.399613178883831,3.98338180639284,16,2,6,14.673735291413703
29.904256682537493,62.543193611426325,1,8.27719747791008,19.02469775269287,1.1299942006914079,5.605149896884395,11.428326737092911,9.119296413470435,5.584841807085612,2.2773498684090185,0,1,8,20.729543181450715
21.00944542011995,61.64738782330393,1,6.319574653900288,19.26549933684408,0.4301081751370317,4.020704016174279,6.510154788465781,5.781531660903076,4.386948241189089,7.06828237321799,10,2,10,16.913697678598197
37.361527629014674,38.46756709795931,4,5.569675337604484,22.583733181860826,1.7320724732772819,2.4071496928324154,8.239617069431658,3.9466639056380624,4.366020927616471,10.778543678372158,15,3,6,18.809930732020568
26.934290545170406,30.047370665593128,1,1.3346900446965904,22.24016498409959,0.8580794912469143,3.2391982716666745,9.797055442692239,4.806791685855005,1.6641674821445975,5.680916284578465,19,6,8,12.660070594808358
28.03035920700333,78.60840544472768,5,2.8745711350408296,21.69652871477897,1.7181647015808363,2.327698562385989,9.592081466969038,7.772407033171559,5.938571707152408,14.652317443748597,9,5,8,19.127415991672947
22.93317231610813,35.25447377917429,1,4.928758971352993,23.309153378900035,3.9641926911958003,2.6943763059486168,0.8774247421648762,7.687299825138519,1.4608872290289703,14.1508580467557,19,6,7,18.61668961129521
27.41920504869467,68.03098912411943,6,6.332835136396881,19.482892701938198,2.2964883750960876,0.9360773723572036,8.891944958771099,6.095866214277354,0.5364385859007721,9.773226038772219,5,6,5,18.580580057032744
31.23827265274023,84.87698727091148,5,1.8323071874215557,23.42642942342669,2.774400891386975,4.264627207239046,11.393394790474495,2.1808035995975117,5.864281041806763,6.1027879436274555,1,5,4,15.919745728811696
33.02354273908085,42.51911478950586,1,0.08866278133623395,23.456826415591095,2.711713689845674,2.3528390660322374,8.407826807766927,8.18884091347035,0.9170727852113549,13.651500274124825,21,4,1,15.818126031567777
33.077361654198256,69.91637017421465,2,3.447601872692956,20.605558561121185,3.282803345144254,4.483665523944761,10.037314724525611,6.472415682101966,3.1296808701133774,12.445120929917234,6,4,6,19.852196799547833
29.557822253881767,34.72191460245057,1,4.828714545562436,18.566317202521013,3.7765143960615184,7.9219823417629325,5.826596412133437,2.212620208949092,2.8094604229563176,3.120006585478756,16,0,8,16.647346390825344
36.08719549987714,66.22530863025678,5,1.8443350559680305,22.359359449137152,2.635272392832214,4.483123532431772,3.8288319164744573,4.806444497573371,5.089236141033089,8.192196785139828,7,4,11,14.496733829659517
34.34815694612219,39.835903257192165,1,4.921655058552058,20.021572035882475,1.9043785790128327,9.546118707097154,8.114870677090487,9.97206330747858,2.379955357773293,14.755793637713493,12,4,4,22.499038344489193
33.14096229397251,74.15721363091069,1,3.384858585692687,22.769577104620385,1.2713237856716457,1.4783689452802085,5.906399737432983,3.283798390803967,3.0130887595802607,7.900769865354866,21,5,7,14.218382393097652
19.112110433609214,48.07387768763449,1,4.550896661064078,18.98214170342282,1.4410972004954683,8.502649908378746,10.743466275772862,1.165606147708509,0.2624261966275423,14.127810109135543,3,1,3,18.572716150714772
18.137559244392985,57.80346052827878,5,3.4745775057859394,21.23709068144619,1.3379224324962267,2.4825811407298746,11.692583623126312,0.2166741718416798,1.2470238547581534,14.704761467181635,10,2,5,16.903869627749806
22.248945543909457,65.9658325216573,1,6.2846784978680015,21.048442381909265,1.2978619650955596,9.339334508549742,9.837624810108007,1.8463235716042958,4.997973949833815,7.035670223800649,1,4,7,19.94677048993719
31.270471878269046,40.27640463997437,4,0.4289701099357168,18.601886943417682,2.778500017528377,2.271479264486546,11.912155409825328,1.869663060637129,2.870167214275087,14.53926020157497,7,3,12,16.36035743338458
26.223949777650915,74.49826911705725,6,1.7090528994427356,20.17999695403595,2.3508361198074565,7.469617859648055,4.180447180731639,8.580684448663156,1.3855903200683737,3.79322697611651,17,1,11,15.460613165529823
26.048125185986237,48.15842043820887,4,4.327508691109996,18.50853188068037,0.807980179670905,0.6211790085997015,10.749064545053802,1.5615474919750627,2.213444061680053,4.081552778707167,7,1,9,13.256371908650095
35.691737764592276,69.74231159476521,5,3.5629671555185674,20.788441857073487,3.8785040766647834,6.298134371601777,3.9592035455685544,8.626509418784305,1.7105737384397137,5.595064324549608,10,0,9,18.200140137340753
35.91125696263677,39.49698304196242,2,3.9163195595381706,23.057427351682758,1.710902061417277,2.186742179159408,1.4164569036714427,0.8671650844313961,3.337324843949516,8.078230427587005,23,3,7,13.734082099854149
36.18350528107172,71.28705955238101,4,8.037606948804797,19.62122857982479,2.2643456042723136,6.70172541648236,7.456484343737385,9.066442998506336,0.30867610933204137,4.353322078303398,4,1,4,20.913395101628286
24.277561530300545,37.691284368627706,6,8.863316582473658,22.589171923124624,2.8104038671590508,6.3582933762484695,5.459863611743955,2.5635350192133743,1.3498191044763008,6.42231014564232,6,2,6,20.737019347062066
31.821116254785235,55.521389776199015,3,2.4866878349757005,19.10056449367474,2.454709506707582,9.236958796601622,11.060390801167415,6.114980619902031,2.1297899754578005,3.3474903728026146,22,3,4,17.81437792249497
23.432663625487393,44.83236442433261,6,8.363910602863054,22.04240956494391,1.2442070763824034,6.266764306204482,5.906326650936181,1.5972718477881198,5.569284621982352,7.590105467742784,3,2,3,21.14119845061443
21.812196661488997,74.90251496569095,4,4.587898652903578,23.493224399582697,3.190826293949507,4.082488116499078,11.131590951771637,3.900556316736065,3.7396692570623276,12.757220293103805,21,0,9,20.791148571230295
21.692649146947385,45.722100270412476,3,2.738206192862208,19.943568489394618,0.4406145583185075,1.935678048492031,0.9436064063412308,0.8576780468344947,3.02552193367518,9.73569599567696,9,0,5,11.960742071965788
24.84215241727188,82.90303838372378,5,9.854560710046783,23.402469828531707,2.2759833388146857,6.574510085441396,9.966142028956016,5.795282042568424,1.14494072267667,12.53206872288207,5,4,8,25.473245907749803
26.599152395596434,83.50921268439677,6,8.248017914341673,21.032525559158366,1.0932688920564027,1.163666039228325,9.109371221572587,3.4587748652818795,3.347118121136668,3.764265038444291,12,2,3,18.019198362091817
34.61898342110137,41.78647891336715,2,9.94253319086536,19.900830798993944,2.463049470692073,8.285168269217678,8.639739281742507,8.521500836121598,5.574057303200641,7.19266527310382,15,5,9,24.822757231328563
20.39782186945424,66.83075670046345,3,1.6819078442825464,23.37904941066919,0.8719739243374791,2.473345469388637,4.261630260825477,1.8181647829922776,3.3978558273937782,2.511201722536037,21,2,1,10.689849428858146
32.698516947897886,35.26305850319786,3,1.4384267394785866,18.19222360061837,3.088798620837353,5.241588982487297,9.405115631970894,2.7998806442131174,0.9886443417286879,6.809727607661282,1,0,2,15.036448373378832
28.629098283786107,53.49222597609775,6,5.033779529442393,18.168113107636863,0.9101453250633305,5.959473043293954,5.799558950937324,1.772546773772935,5.982713983187043,9.988470564653024,23,5,4,17.972834401755335
23.75890685351985,72.79930377007634,4,6.386437600345539,21.598977625237996,3.5615685398673302,3.6248999039748684,8.582442130617217,5.638227802360301,2.993145509537244,9.395299647855339,14,2,2,20.79498427156782
27.856391690656494,69.56539481099497,3,1.7106009253335164,22.780504303981406,3.4462196186809244,6.638737775722464,6.626725761422044,1.1174718376248716,1.9173315803131419,2.7841952453141836,7,3,9,13.568027547140385
23.998841395540452,67.48204016439648,5,8.604306680885426,22.509277844628638,1.449573808055245,2.5021695889213005,1.8892764544009326,1.8935700526085486,3.0202567940174294,2.806772858160744,16,4,7,16.663585168510416
29.921639104766122,46.952451819746614,6,5.320134786633633,18.476817020109632,1.5432811554961035,0.34624573776595446,0.7747030820796268,6.78489943442012,1.5821447714370074,5.965877211308124,13,4,2,14.789420580245709
26.676878457104884,52.68149696606412,5,4.109418332206475,23.70150716120135,2.806013830749962,9.592677361349363,4.394239814440845,0.7441452653594016,0.18223900671374094,12.028189207348714,17,3,11,18.24409327487792
21.288110581577573,36.17676868201717,6,6.020536729270452,22.218381225825095,0.3614941518899357,3.2004583134315,11.193465875350181,7.4316367209447955,5.337127729702288,2.2674976331334675,13,1,11,18.726546943613418
20.331661491113934,73.14136922601605,5,6.349537129722892,23.694672322366433,0.3236776487027173,7.134622346604667,6.356820249858638,1.0433348908441364,2.573246585013314,10.007054312862689,3,6,4,19.091351449782675
28.9339136414426,60.233327807476414,4,0.42783280983794136,19.974586553844613,0.5452967873357726,5.075336069203807,9.62630481140245,5.854887595838042,4.517356201472917,4.388122480013319,20,5,6,12.813705920559606
36.04826066572207,72.52593794073928,6,9.998926667050492,22.163634767896905,2.249901341799409,6.689986771130042,6.911436847785977,9.978094555829484,5.82753227935736,14.27611115146574,20,5,2,26.670368141674256
24.87915373115371,44.936611487812364,2,3.639195768044755,23.159632480400912,0.5960092193243729,1.1093652251567776,11.494863435281252,1.738929067890006,3.795525458873753,7.592799924179534,21,2,9,14.8685734742115
32.66000214445246,49.46629371810397,4,0.6154264690989619,20.28278533892576,1.1104691270919256,5.188478751160991,4.43346674585521,2.6108631866631438,4.1496980315791525,2.622490968516966,22,6,3,11.591404321326145
31.173227098795337,50.05292023560688,5,8.523231747755153,23.78915951261142,2.5876456301608317,3.9221955351222038,0.6846054645356752,8.984266539890527,5.659445685587151,11.277300244126515,0,6,2,22.166310829895618
36.63109828618962,31.544544584832973,6,9.930186792123122,19.589956747323246,0.06249511134686214,4.518495668337076,9.368020599667016,6.2628653450427185,3.099326676099435,8.299922698856808,22,1,12,22.568591724044396
34.41962034598282,50.46287236983741,4,8.163585092160902,19.893681756127325,0.7209464318138794,9.662083329442364,8.465478099973097,4.925312988043108,1.9193992673955833,13.4561249253517,5,1,4,23.2569235079355
29.33210517810926,78.19827441108201,5,8.518824898598456,23.521971459762234,3.719722651502815,1.3628890483689227,6.330412586860154,5.6270509727003635,5.5283055399205585,10.473726386990842,4,2,5,21.310085553547676
31.140609964682145,83.8379097449843,1,6.259351142194509,23.81795847901622,2.6543104936348523,7.547001764113983,3.916694918283776,2.9549534463832217,0.41396465266762794,11.002833596149774,14,6,4,19.07228508300812
35.9677293316807,61.09309893815565,1,9.223255782209328,19.7111744898309,1.2222044568928538,3.3034279417328136,2.259181772273271,8.553217819519134,1.2876477224387588,11.974378147906053,15,5,12,19.926260740098424
25.990375691738695,57.33010171315321,3,0.3573855172746754,18.81834023785715,0.18121369624467443,2.903579876237623,5.787312530115772,7.452690250335287,2.0475878837350665,7.46460687138108,21,6,3,12.36303272744078
24.535894117155546,31.849477121962217,2,7.667238629542011,22.554332458263588,2.344195233649708,2.707773958992653,7.9944169114858425,6.4246643233391545,4.692669726782343,12.303113476737101,7,0,3,21.176296594833918
18.216221672703927,82.75226025512296,1,6.707102283340756,23.57799159780269,0.8914652395697624,3.4878155322289093,6.946637152442314,9.317425982271347,5.423408680311318,2.658098611122105,5,2,12,17.955829948178962
34.531021483829285,30.780612805552362,5,0.49584970524002236,21.60428186221125,3.840701754873333,3.571170595936061,5.249886124459296,5.781108605426755,2.7107192985647925,11.951856261316012,4,0,3,16.854768070710367
34.01961400806729,86.6850048126127,4,5.439735789764794,21.80711372643748,2.7478438199473785,2.7074700518197137,6.4763333319503396,5.118771085453168,1.7167661500494302,10.272001885397701,5,3,3,18.335553427277873
20.089090362003027,59.35297492128544,6,5.150603457578695,22.5776600050338,3.896495545384424,6.674931477734759,1.2954591637751816,9.756934023340081,2.1192643459071325,9.366645535619655,0,0,6,20.31456673977659
29.537147622654004,50.5160696144836,4,6.915342250769767,18.91850891304845,3.395595589646267,0.4772198370024938,8.350081246319057,2.0601411326638663,3.9392838854147536,6.135958049998013,13,1,4,18.079717377526066
27.279633963337748,85.4531060905596,3,0.7753141160917254,23.840813378968434,1.9321096607621624,3.322938058058842,8.811072525551202,1.419681731977046,0.9480426996214808,3.4834639096060167,18,1,7,12.040229834249127
20.37418191018223,31.463459586605804,4,8.05278785328412,20.18597630837157,2.6782525906165744,2.8020560683606934,0.1374312491650871,1.6228286953378346,3.284584715227296,10.413610625239865,18,1,7,17.664091324266277
37.61136454121447,64.88549369214522,1,1.3940344201150467,21.769442555653576,3.2484287821572004,7.5141802054987,3.2462346703304275,9.894420080161959,3.530659788111478,8.131722139392373,14,6,4,17.673799974474253
22.29391774926711,62.93595146996026,4,4.1866461346187265,20.811696122999958,2.312713926650493,1.4649854401955298,1.1054023220792764,6.522510548976943,4.2471345024527585,4.831983105284572,18,5,1,14.235540232053356
19.344683601811223,43.159224072682925,1,8.812880075016361,20.80908587858907,0.2459500038728768,9.406871420972328,11.97878558249396,3.0592288188151318,3.6233874497032517,2.563767005270075,5,6,9,19.709353576163256
29.89694759003819,55.733245881012635,1,5.605316054954964,22.21646623271833,1.8817852554945245,1.7051861204515495,7.120114005061961,2.4897780434935557,0.5817337287967947,9.003947176615974,4,5,7,15.394912777205796
32.77733354266066,69.1358403566262,2,3.7959091375473433,23.967973793233526,0.5222933231465596,3.700273640635512,5.588857130718749,0.5663859009067185,4.132793326325613,3.6418519257732487,15,0,6,13.437704121120943
18.64886892094374,73.62787181291566,3,0.48202242045836785,21.954359102975708,2.859387100840682,1.997001934391226,5.556012227772687,1.319473287040076,0.13048458383906247,14.082452028179818,8,1,5,12.63356945958236
31.174352774540445,30.043011522394785,5,6.722735172017217,22.76435478943641,2.7225156625504083,2.866979434720905,11.577287030745243,9.081725813367866,2.3418528216723566,3.958214160404742,14,4,9,21.290131676634733
28.645837519029087,86.21120580546092,1,9.86546765306784,18.16569634357362,3.971632768208454,7.610247006681249,7.918267657794581,7.4734106071958974,2.5023776262818185,2.4163301498271084,21,2,9,21.539401166655555
20.06530017750097,39.87152234356874,6,9.11796398758383,22.86256421438891,2.515239207176431,4.7640471873836,2.0239146989650774,9.415597345039968,0.6997828919408222,5.406617682428285,7,1,10,21.071888441646454
21.45047753892724,44.01482605334155,3,7.172960775734279,19.799855290609784,3.2005517695357666,1.6257571731025,5.377905935950409,4.237309364552088,0.059142836612237515,4.274435969344324,7,5,11,16.20195328101845
29.359485946321612,45.80840674163089,5,1.0529285825594503,18.76021107020799,1.0731514035553302,0.4663487864457372,9.29036209135079,6.012372460612102,0.42697104808740827,12.28609692629704,3,0,6,14.642091305048538
23.92715227026577,32.26920819312212,6,2.394400934003942,18.680004512686235,1.360096541183919,2.2991622017027504,5.080200802305517,4.836712589989905,2.6777997743086708,5.761453881309013,23,1,8,13.606498120972994
36.76631457302632,37.383127415419494,4,1.8684901945328702,22.079248885017762,3.668097009511349,9.45602778526021,3.7144011106423034,8.8138539648782,1.442125451806522,5.188127243254107,1,6,7,17.517092619880952
34.37480458968102,89.18099537664972,3,3.5546164025564533,23.9857010162433,3.02076903850298,8.453167481880334,11.894592918963063,9.913818871728132,0.41388238681874423,14.932509306752708,15,0,12,23.0200360298187
37.67134413027326,48.913004242637165,6,2.355172277915355,21.9971705902374,2.6210766991905508,4.401737159240087,11.227645615346749,9.327752076503694,1.538432465685611,3.950803285663504,2,6,1,17.8929011397316
23.19341677900828,36.91806542034296,3,2.444394459716932,19.574088900400653,1.016110770332161,4.81995221945983,11.298724431887504,5.980558477826198,3.172934126633887,3.104980988599501,8,2,2,15.341945366234514
37.39447265595954,36.4194756704774,3,6.167299353754057,19.219835826017636,2.7943117149006604,8.99366139378995,1.5800703560728522,0.6180197718822167,4.452833033705763,5.973113376038993,3,0,9,17.344495483672034
26.624677395831156,73.16759806019832,4,3.1870265596138347,21.155742595608245,3.547054580167805,5.913453823757353,2.8110630817099445,6.175266130221466,2.472008081989268,7.2661741985134345,1,2,10,16.034360293917523
24.95037590627509,81.27411984195845,4,6.771628764724731,18.39023579610422,0.9231906195786257,8.807670651487634,5.3048034979900915,0.970474215311159,3.6788937622595963,11.885514309371935,18,1,4,19.712567422562454
19.006990539387065,45.41713797050819,3,9.478896591461805,20.395984997563122,2.824495791663293,4.918391043523406,9.9855510987907,1.3882147363569919,3.580588045020431,14.420770943380028,22,6,11,23.18169516625811
19.055305157192052,31.254570740114097,6,6.3847791661323905,21.997409424034725,1.5747758135900347,2.0009761911882595,8.841930482731478,1.9134469818913502,5.377887046386103,11.927802796576488,14,5,3,20.081181922052952
31.840225118933095,43.385401106721346,2,7.516566772103712,23.805973654850906,0.47506965176247995,7.25926979942235,10.19600874182915,3.63493421054757,1.076365638671175,11.44630010956757,6,4,2,21.379477129152505
27.158579888680556,33.39094144780544,1,7.515804152828379,20.553920686893633,3.053842706134728,5.263933195790126,11.04915949388845,5.917864836504955,2.858582661009317,14.888822748477539,7,1,8,23.728637172264076
22.530432520722115,36.20369619780249,4,3.30702788399311,19.201343642443838,0.6685471567373455,6.684395799684687,9.369202116606242,3.3355367417373802,3.790978389105107,11.949728607868837,2,2,7,18.427761910510917
30.279406126504654,55.89048719085854,2,0.14957994593435497,22.904174420236707,1.0115850939614854,1.5723091669949463,3.141240121739739,4.522671073360326,3.1183339503280036,3.8139313974711158,22,5,9,9.789009536706176
23.057162365002224,43.795102251697955,4,0.5504796299421444,22.4651971491637,3.131768163514769,6.476018019189457,3.4253481886460313,0.4728903308493426,2.7020495151711095,7.999886597138197,14,3,3,13.220869568019893
29.55263508688845,60.956752711525404,3,2.8206025088455844,23.158223329228463,2.9685311424985503,3.8225714740512053,4.229852179477181,6.197578007244221,5.8407538963065715,8.545560059944215,0,3,1,17.390519005744345
25.184174939653808,45.20962519543142,2,6.89543183657598,19.288312365257354,1.01673226417758,3.3199775281119592,3.636904402003411,6.57031765505942,5.65208300682261,5.962534156024621,15,3,9,17.17489925560793
34.47104453223638,86.43223806617686,6,9.066831386482924,20.42899317509901,3.763858457385469,6.714755410726021,2.989187396437357,0.9939014804994806,3.6687326703173184,4.13558053173246,21,6,5,19.902550462378393
34.413923215335586,84.35663807557587,6,9.587982621907463,23.889326626338224,0.861140900308766,5.922391132609565,9.029832718508906,7.851171559931979,2.637454256149613,11.252626859162936,2,1,5,24.672149180661933
27.547007962448028,64.00836630062796,5,0.2584866384007345,18.948253918658242,3.9744888598561294,6.491074289367045,0.40789261080457484,6.474595576619854,4.532292727839401,5.6074305483472155,1,0,3,13.705815034722887
25.016382186700312,51.26543951924317,1,9.900872456327711,22.028704914932625,2.951599487805758,9.653330642314913,8.74072485714078,4.897294292813633,3.077608478500676,10.120514144196628,14,4,8,23.37690569864481
25.25119593118189,52.86881292208413,1,3.224972183566938,19.423106769283585,1.5700307622056107,7.011964695694179,9.882765258179615,5.52859874181546,5.973417728666042,6.1936666525934925,3,5,8,17.246904631367457
34.11429051336436,54.71113698866982,4,8.429562282351153,21.000954037695266,0.5213968266499358,6.408989622728906,0.792528520137814,5.030457345527957,4.115623771335315,8.581072297928984,13,4,1,19.16230658254085
24.563589655952242,73.65475932809665,1,1.8029546069678037,22.803057874774126,1.2820398206384547,6.135530418414044,0.7421652864119541,0.5379294372773402,0.4089603578813439,6.381686444257089,8,5,4,10.253422123917359
22.18118747413692,57.098339731130274,5,0.6289825760685919,20.931516315334914,0.7749540458601949,3.9871424935373923,3.4255656347196117,7.351494609308836,2.4114639264037425,7.352860262953619,21,6,6,13.53115337808074
19.693766837506136,81.40379679035385,6,3.7835542406268754,22.83289015987146,2.487358345976077,8.391916911421816,2.4996817872199824,5.118106368805368,4.381588186890806,11.516864753826901,8,1,9,18.496784075085998
27.333862417688167,86.64568715582188,2,8.58925388530693,20.558009432642073,1.4274206125518267,3.8093860250571066,6.97360408428232,1.7282385349695817,5.054215465614151,13.489723788762761,13,2,2,21.20578005786003
27.64264197839684,50.15676920273603,2,2.2082491587781607,23.996117579220197,1.180029044975428,7.002436343255618,8.105418522019603,6.807308537467995,4.8802169998375735,8.613694487616886,14,1,7,17.6989865063439
34.81817420805814,63.641668882540806,6,1.5395732575184218,20.61496940532126,3.0285327668734885,2.9314364471466714,7.609703953251897,6.950656060620551,5.8634263460066185,9.933263802514984,23,3,10,17.772377364003354
22.42477392892128,35.70339220995387,3,9.098043289501906,18.89627687182696,0.9223977394007323,1.477564417662871,4.288168443146673,2.1349546941285658,2.934722969955054,13.237327720841845,4,2,1,18.19469614989749
25.619825473367996,42.028142865981536,6,9.383372026214591,20.411217093895495,2.3475572697020186,1.2976330729799612,5.980774015363634,7.964950727244432,0.8404022532672368,3.861891214164603,23,4,10,18.762401621376576
34.16811477787382,54.80794600260961,2,0.12548199188908926,22.455559107853382,0.7783843712941825,6.345588566907985,7.679889954049427,4.565047258810148,3.9134590859911658,4.108573788799596,1,1,4,12.547798020414026
34.47247221497947,42.37216295410673,4,7.274357374154816,23.08762654655177,2.8591944309323822,3.2795493047959026,1.4331152256764437,1.8060961250705754,0.4244934429517695,6.670080405313785,23,0,10,15.610679336803265
25.692221519575362,82.59362944732305,5,3.0920773652932665,20.760619795057575,2.5004859350103867,2.7504928859239355,2.754142973446729,6.576200033130391,5.841139825852616,6.0178876482529144,16,0,11,14.287295815980398
27.18248046573362,39.497175363545885,6,3.747043699671896,21.56686104635064,3.192614060708124,5.920593293564674,10.685953847834194,5.967269645343475,4.551198421457811,14.822858051600969,10,6,12,22.462821399999605
24.06571781698566,57.339649293185516,3,4.6910297495148985,23.069340406957743,0.27398829905071587,0.25669754465501904,4.107916518589371,1.7040632582345494,5.892890078559711,9.333195674763557,12,4,7,15.434659519240215
36.65109756838624,66.34195442759254,4,4.267909701745195,22.881277079989918,0.8404217980200861,2.462256519846745,9.613876583036463,8.723488997776679,2.2635179461016497,8.810786163467558,11,2,3,18.403963878581695
20.372875314831607,71.51183448965067,6,5.149737849821053,21.946343432166795,0.6178414422138627,3.405472853170876,3.0118770280457285,8.545343327063721,0.09478017001643768,9.523342317009474,2,3,3,17.23253896406011
36.6749884600294,52.9841621835904,4,5.823617157400163,22.89016262550513,0.7622449611429465,7.083735906071981,0.4996842184322623,8.362445878560429,3.1277381886256763,13.377006877624149,22,0,4,20.02508589068727
31.677329036706865,82.1459441234837,6,4.6559550483792425,21.455464550211822,0.4120563165522029,5.450012471637505,6.0048071096809155,3.9922785896310122,0.7270996280030593,5.166120994793598,19,0,8,16.349461736491968
28.631443053734625,64.09914906467553,4,7.015635404895175,18.027889013551682,2.2483276057442914,8.559886171264495,10.709784522749837,8.246227747563402,4.077766180151977,8.642574627562022,12,1,3,22.082686575699828
18.65318121568992,56.370466826853104,1,7.18601662842142,18.24760070641334,2.373725628202218,3.345063629985069,9.831414589705654,8.447953083813704,2.985308549691297,5.5225215063424695,14,5,8,18.994850512414736
27.511923836440168,34.034438043122194,4,4.403591974261952,23.878850395429097,3.373959022376041,2.9644099227541565,3.0352700270938784,9.965402721123013,4.52068185741111,12.147492042596042,10,6,10,20.871711410141323
26.154962100054647,57.8813681067099,1,1.4246314808710858,18.86995225201623,1.6709527057750506,0.3319740856501052,10.919229293092165,9.576046181736485,1.7464127575438468,12.102498313737868,15,4,9,15.621129489140552
21.22437623950245,79.24415044894381,2,6.406389213201226,20.427098452940776,2.1295388522977907,9.517173006383532,5.756590738995638,3.8284733503770427,4.9749933860128355,14.44658634198661,6,0,12,21.49357205093386
31.12819207001314,66.87246109327893,1,7.729567123507089,23.602867650059807,3.965216237644444,5.014921463950683,0.5879880454640407,1.9820424983052432,3.904923272824298,7.8086867780060345,0,1,8,19.27757370061149
37.42301814736572,79.9297472237471,4,6.381095212039497,19.170236908398298,2.1273803334367165,5.02523914693815,0.3350954372130208,2.924623928563758,5.926258337495899,4.06246367635809,22,2,8,17.244854159572665
29.243776221290503,59.640700235958334,5,5.880547658468156,23.062748066799003,2.2943043510080643,9.234361453455982,5.821364808039901,4.947812266658927,1.0713421951895397,13.653341588747097,18,5,9,22.671737227528624
32.295065528878915,37.10770230566891,5,2.294119912346063,22.909605408957542,3.983669659509536,2.899182359285798,6.555874268565795,8.05457633857112,0.30703651399173704,13.57783403359847,17,0,4,18.64515041865504
19.369009051320337,30.818390750152865,2,6.451370408192583,23.917977927308037,3.9765175257990903,3.3210613004574583,0.9589550469910844,7.22984055726095,5.1062996299878405,5.050704023597056,8,6,12,18.348884097143145
26.353339916339895,48.19317280311547,4,3.3485621457621195,19.69009100188901,1.696121782389148,6.56347694395143,11.066887844702148,7.877127588113612,2.0307077172999515,5.591507615162953,17,4,3,18.54222074677411
20.32716970328992,71.87942828986755,1,9.19558862813285,19.891952132280874,2.539787318411858,7.851759548993943,8.618601941889876,3.799263729886021,2.58747818404313,6.074383394137574,2,1,8,20.605713013667025
30.255916710730208,77.41559423650162,5,6.537200927599808,23.417268006346717,1.9232100313490128,6.9931072543249115,9.615388301840902,2.46904644282953,5.554009573897291,7.8727509664103765,2,2,1,20.486037203789408
36.769643164283096,47.74517007721977,6,2.781796767083027,19.404474355213676,2.882861806628801,7.887182825222782,7.008279014596219,0.24129673718459754,2.6441808711691257,12.777561370929341,3,1,10,18.339083217467568
31.23555464943277,59.73923525299483,3,4.729269093639301,21.287405741922655,3.753546084533566,5.751080392905972,7.962528913854175,6.261836220788284,1.7881144579678945,3.876808576953839,15,3,1,17.43479282531975
19.53606096628843,55.2671342660449,4,8.465812758850443,22.244069755146338,1.238637233493093,8.628234827116035,4.654322757925444,7.950377358331256,0.3569729674692035,11.105082142849637,10,4,4,21.68894123132461
25.093324099701658,54.63136706108567,6,3.354639511826475,19.631305471577313,3.2755006817557653,5.501067300691639,8.15156501932912,8.891404940900825,2.657612033213851,6.586402841170114,22,4,10,18.37867045405282
29.01326758881703,43.88092279200903,6,5.254405701523811,23.630477672668555,2.6193957311039204,2.2934062725120907,11.738194696851233,4.762378833513903,3.929709155666715,4.543621065874056,22,5,3,18.320543903988142
26.064155122665042,38.1822663017675,4,6.796699732515226,21.99418528844352,1.1207392050968692,5.417011064986182,7.772590927331627,9.276457782072546,1.6150503464233177,6.39970011009311,14,0,10,19.45685763594162
34.67288020950345,41.80131349387278,3,7.5452933882674165,18.28283584961895,3.1891986327279747,7.129446851569546,4.099604674478037,2.024120616323586,4.306676383819373,8.932587238460968,8,5,2,19.910022163291735
34.29342009419979,33.319943229800764,5,1.7389217506474486,18.814425187565483,1.708532076790286,6.535753394149114,3.422869468589614,5.143781231445309,2.869583688194725,13.978382370727509,7,1,9,16.942852745798916
30.23662040206443,41.88784450941462,3,5.6515230467728905,19.144689420549383,0.48158870192517966,2.4301676297073582,11.560151290164757,2.137677448698141,5.148643752696655,10.16749211257985,21,2,12,17.064789524123146
25.469158902654105,30.55205385752277,2,9.121999004962014,19.4697441839607,3.9736654291032374,0.41078228004118533,2.2200275652967805,1.88075512585967,0.9704248336559413,9.89205468552041,5,0,12,18.088500703828025
23.106727475264883,67.6355040381587,1,9.68359781509694,22.38406422017662,1.7025853318892756,2.5248076039059963,9.674359340035437,9.533881320023518,4.542477979590341,3.4136334791410343,20,4,12,21.08637425771721
20.117486364262586,48.98252444326097,1,6.561450425593582,18.533611468532808,2.1662101895046453,9.840420712537195,5.5831475041051055,8.177406887300977,5.595315460272021,3.037412636173836,17,1,5,18.783112741806686
25.09795366973108,88.38868268561453,6,9.836608041599856,20.103568033656806,3.2318469230550426,1.8446624039044923,5.325117052233606,0.11799896441264557,4.4483876169700665,3.683026758537164,5,2,3,18.774391839727773
26.263450344154393,41.62302304657787,5,5.7073524897614085,23.46829993996801,3.8435045404797337,4.643717584908935,8.970453455746188,2.6851299513845692,2.435623974256173,3.242093318238042,5,5,9,18.313826286701836
31.51645850208147,50.74971421857563,3,4.426050297809333,21.340006118022025,3.4915513998412626,6.3834579935755995,1.776461160551321,2.051352510537229,1.3827346016658828,9.492737655920925,11,4,8,16.785572216778565
31.16319648595147,51.470469518491996,6,5.5158745894824595,19.592979383031214,2.1002128312062665,8.794731850495422,5.595551113739045,1.4713418014459256,0.5902045001891383,7.883998245172093,4,6,4,18.683734120631865
19.402162792825138,30.507089763747633,4,1.157123942635221,23.74233777888186,2.182784302132461,7.602586375302076,0.43000425321297975,6.974124293646425,3.8542181865096707,2.064897532673677,13,2,10,13.820332192164356
25.905186308623158,80.35247718236754,6,4.017159196853878,19.465895351812094,1.1235477464386516,9.089531055606031,8.044881858137632,5.668378313354667,0.8571258936092583,6.563866486642442,5,5,5,18.028161110259866
21.63557734434724,31.919667608659484,4,4.584050530305287,23.430597727605857,1.8512115126363349,6.043836935784851,0.7005274074439964,4.5393457075011066,5.029824093772341,3.6557339720592377,20,1,11,15.06595074595666
21.136254106336114,86.41079008375448,4,8.486277987209782,22.35461804168733,3.7873555287005893,8.653188081278099,1.0474655720866437,1.8949705843981424,5.764424056172664,14.845553477167648,19,2,12,22.898336869593916
34.54604299474492,83.52446106561723,2,7.586485927424472,22.443126221752717,2.907763775754625,2.6384299713920942,10.137916574750438,2.776180562816566,0.8147350694574742,7.982048270012801,18,0,5,19.379495731256476
18.83830433432515,62.13131496515781,2,6.014265852248007,22.589635910409697,0.04750796296613169,4.305648421698647,5.315462244191135,3.5610104902459283,2.2563177072471996,7.53964630402985,13,0,8,16.552054054202635
26.383657518042426,62.615734494677525,4,3.4727723487626996,21.039415872343255,0.46602712729096396,8.437724743492744,2.4117082625789106,7.854826858323044,5.623632632815616,10.374266314271617,0,6,7,16.959702219614293
21.364073115330363,69.22667537736939,5,1.8703458569265707,22.887472356016012,3.6952450798314205,3.2556366777785453,7.111014911464558,9.891894335735694,2.824227493079408,6.64221554598396,19,1,3,17.161870886204973
35.58660431356948,53.22300071609322,2,3.477650209146279,23.01715858651494,3.3948773157104566,8.71222144238395,6.231399175014378,1.839770546762698,3.2124963381968117,11.301690163515474,22,5,6,18.61864113263267
29.140810265500704,68.83333700387132,2,6.7980407095913185,20.162920330056703,1.9446578629935876,3.6311506788833814,4.930899920914298,3.415226688933034,4.48509599378297,13.762319189519655,6,4,6,19.501910492444765
22.62761272753696,32.68610332130921,1,2.630377990850331,20.40206710929825,2.4679131234690344,3.6339470372334235,10.86500480099217,2.802015465446124,1.263200465452578,8.48566472556502,6,3,2,14.267285145475775
28.04854574332753,33.242857640983594,6,4.268866957091659,23.332540311234155,1.1585840415228996,3.0903291479114445,8.993495977828152,0.440673945922756,5.874894424491644,6.977999278902091,13,3,1,17.02325423906401
32.62972719406231,57.433825177172665,1,3.8677023488168203,21.148375562577144,3.171323008401696,5.469430836375686,1.8191144550635596,2.1921885693465537,4.685301186046102,8.7846589682032,19,3,7,15.670165218889096
37.162360178388674,62.977338066362094,5,7.655900637910602,23.201660975651215,2.4132697875577596,1.2906873889871995,6.849295799369038,9.016139433848064,0.9682402188529386,9.846185039274491,15,4,3,21.060801107890814
22.40892008490838,83.26905842014915,2,8.837870622601443,21.760616770546843,2.7793028218236606,0.3660265184801925,1.0649268084572054,8.428581788723964,0.6664174630126312,13.020133865490093,11,6,5,20.057138823766543
35.723635442586904,36.27963803447378,2,6.99370956810977,21.561406540494254,1.4996393520359916,8.974129799709907,2.935847645313679,1.6759731511475628,5.609725361926112,7.128232867537594,22,0,8,18.951135844818495
36.686082283349805,79.35887563163337,3,3.4160226093303416,18.185885719667173,1.7217520260459223,9.289382545737919,10.918324160647686,3.661630126162904,4.110166799261295,2.6686091217031866,10,0,5,16.88697856167799
36.32841089064132,42.60284023752418,5,4.331770489758872,19.6673663870445,0.8307283318578271,0.761706618919249,5.544959108498906,3.1080305527196073,0.2314038367387079,10.199539704414468,17,5,11,14.587586783637567
30.708287137238194,53.64501891060191,6,1.4335015405372142,21.012345881413907,3.7922101716834873,5.496975549614927,10.705273219412419,1.4774080805415646,0.8519233231406449,14.82941697856222,11,5,5,18.17041507466252
30.596413088694156,48.996146089644775,6,1.6809744776660984,21.523903032808207,3.7862280815462976,5.396821597551812,1.9919875870987696,6.222082096378275,0.2869754713551165,13.105077482520935,23,0,5,17.140141592732636
26.064212663676457,54.00931637192394,6,1.64292567526515,21.782607174004404,3.2710049889596164,3.724306804176174,2.464100970139667,5.572977603652866,5.844490238513585,11.857327743286795,9,5,11,17.727549887602237
33.04795764607576,39.029729884355135,5,1.305863575613102,22.297336950069703,3.7422204767967355,5.689048205046101,4.233896676805113,4.269913327383716,2.9871053953140576,4.294525831197075,23,1,7,14.775223090123655
28.625880367018638,60.214204464213296,3,1.7958122850913016,21.93740059376179,2.661312210321515,4.581193457280649,4.395907707113601,8.554983281082206,2.772890631971425,11.73204984710163,4,5,2,17.34294320637034
31.54876142456589,78.09855538988204,3,2.0268820257835762,23.0914602443748,0.9386074772122992,4.896350142045546,8.943327242767491,6.197113400129075,5.7346725970731365,3.0591957814828543,23,0,1,15.555849177859086
26.56915807697591,56.49204062273382,1,1.118459437976329,19.77282205732508,3.0408420887699648,7.553368230872337,7.192926743620463,2.5927368256740646,3.027815972810874,8.420933630863708,1,5,11,14.79171881831764
32.62992928086278,59.43681455389195,5,6.40260721884227,21.849419913995355,1.3011048369668097,5.259602673341171,6.638993111359561,3.7370473719986874,3.1065290817583575,6.821696756411697,9,0,4,19.253359189644165
34.48943035209098,80.92605511687886,5,9.904015345821996,18.30695708517763,1.7619267571936565,3.2365809280532574,7.228506081937127,1.501567297831331,5.904582980120002,13.768722325385482,23,0,5,21.696147441168034
20.92872513205632,72.36348687828185,3,8.791867446522561,20.88114046393217,1.0974006554214788,5.814561120889557,8.78629647028091,5.913732731101638,0.6685933004837652,4.077864739654627,15,6,7,19.61131822532484
34.65859431148456,59.42726451118708,4,0.4560272382608621,19.608197795711355,1.6944876708850787,6.407539970761256,10.713799663309064,5.866290879706143,5.914528780727939,12.255505046205137,5,6,1,18.287012820999223
28.805930635806146,45.46173889135078,4,4.230588091967248,20.285322889768175,2.71726946262678,6.623113439993649,4.9768794777266425,8.701836859724013,0.9940673989254352,2.6306547246243337,5,3,9,17.068757764115475
34.89331818180449,83.095604810698,1,8.593105792327723,20.127976510589754,0.4424422452201191,6.183066509769724,9.635111315081584,8.558167010420124,2.8374687816903106,11.122811886140672,19,2,11,21.562522739730948
26.626034126820294,64.6212241014335,4,1.3467481799199643,18.362584062915825,0.4208277159720657,6.646027647427999,5.941162597032344,8.369420334599479,2.0256820777280105,5.819116683824673,23,0,12,14.458650782397456
25.5808097076607,43.268856606641606,4,8.476451466520427,20.799874804508253,2.735080048352568,3.100927836672583,8.66493891059446,5.489523197015302,5.732527491591718,14.686874497628919,22,2,12,23.4668168096004
36.30121465034445,46.14718515828062,4,5.927006378378993,23.96777572794932,3.11832466709843,4.461339130792973,10.49788545671721,6.5201981075744335,2.913019852927362,10.732664719471709,11,5,10,21.96372701810767
23.023385350968027,78.18798533617476,2,9.312985525961118,19.7936163410189,2.20586673884946,6.687061692543477,0.386577868378005,7.755419439682782,0.13808710074507258,6.0157712557953,8,6,4,19.15179715732194
34.884246505722864,32.648733725247325,1,8.760391142644252,22.416875830009502,0.7265640562698619,7.543685416046456,6.559557064041366,0.916848309556858,1.3301468057639327,5.061773315062892,16,0,6,18.792774747574637
27.680411450188082,89.52553122172921,3,6.770343220587175,21.286730009522614,1.7230273934439535,4.341461286582287,11.872567517525706,3.0059789517785585,2.584872276517207,10.31101409945513,9,3,11,19.979873042380277
28.281908851025193,37.821100782887505,4,6.578226598726955,19.951351803188842,3.0327020895360577,3.653328435169451,5.95469297426957,1.6908994281967182,4.058342445773924,5.545495783077526,7,3,1,18.010742408288703
24.16936562978968,77.76411152381624,6,2.131642023919081,18.53764236235453,2.742932406209999,7.158826551728584,10.371644191220307,5.114676943461058,3.3714179901296943,4.428469581893558,23,5,9,16.795240267509232
29.460844012380313,53.68651900630097,2,1.1675296715800854,19.295147404591276,0.43946191127748024,2.221731798353397,2.2307982290019526,8.376679566326077,5.099455762419721,10.419706174492513,8,5,4,13.128923256933405
24.504223925524226,59.532970997248015,4,4.153934299687983,22.691121236941463,3.87658872383298,0.0949219553599856,7.25144508295598,2.3071196964975793,4.970601528197496,11.415731580289512,6,5,5,18.32314870492215
18.785388284833047,82.83903464787467,2,1.8658003949312474,19.674121064511873,0.8934555235453461,4.711660024504428,10.443671558813342,7.309035351707276,3.543055803134765,5.0943679879293455,9,2,8,14.248630722251516
23.43997210688712,54.774671375352796,1,1.0241671767775895,18.865814894471118,0.8815580183218188,1.7337315482634086,5.178397579425254,4.058239963864885,3.427889618741948,8.966342063007062,23,6,6,11.370132162716152
18.127580868131815,62.249625220394066,6,3.0232673327289348,19.98779004276404,1.8394289909818236,3.7828275903634214,5.840664706860524,9.030749003587134,1.6689882960453812,10.627184141951139,0,6,10,17.56047239116017
37.56709574113714,32.957979744550194,6,8.604899427966485,21.50425771336614,1.308972516000194,2.9123415026331614,0.9842148533882136,6.2678954084659555,5.747435189967049,14.244917249838348,18,3,12,21.21823646083044
37.31494419639495,30.14084843204719,6,0.17148154018361228,22.220778985739994,3.935943954577576,7.772618885141224,0.5060651034072601,9.765530055956635,0.4611080264320848,12.444632820494986,21,6,3,17.76035642135593
25.9031059494461,44.68799238010355,4,2.9263768172217564,20.32418902181748,0.3059590930165279,3.314084993998303,5.6244995949957985,2.4566977572778104,2.382181550695456,7.470593053220148,10,1,10,13.043548923648526
32.56741708679292,70.83498557512604,2,4.240521852144923,20.988882942470095,1.2257567636931102,6.4067579138932285,10.121703979693606,9.239583782387957,3.9650153377561694,12.977295469402195,22,4,8,21.993074555937774
24.9161219682085,37.275893601548205,6,5.105697496152866,20.72950015220077,1.530888641709184,6.739125965993212,11.17589126537658,3.5705576464805433,5.67397860051428,7.742021832919698,19,6,6,19.76762889832716
31.42186314171952,36.82571752827297,5,1.8157750838298925,18.054020099540562,1.9738359748877619,4.564542855523554,7.903836041535308,6.21967462300379,3.0091786222980543,3.691646482399309,9,4,12,13.98635214970585
34.10860086091958,54.657636482154196,5,9.642201998380312,20.37360284913509,0.06562571490779501,0.8107793552891163,9.916783192015409,1.7450821344724032,5.375515959039733,6.434305859496652,1,5,2,19.54169978421653
36.935124893844815,68.8702223164936,2,5.788730435721895,21.52391886103249,0.32944852723312223,7.003650860754059,8.818249951900864,7.597851201388242,0.6287986679765172,12.461412138429404,13,0,5,20.484463084598815
26.00424551699344,72.72431953487583,4,5.221105470570441,21.419668298494567,1.0312385709192462,0.7516791467536765,8.417829922804913,9.782504340366504,3.1895050483835394,14.425462099212648,11,3,3,20.358974898417635
33.66595965912096,40.707040445902486,4,0.08822588930341158,22.49860535000548,2.2160083267423847,0.9921295970070199,9.228397185441105,7.8742611639211955,1.8963033584462334,14.786588809672605,3,4,4,15.96362317915944
23.318569012642378,34.775288842322546,1,4.85715379396007,22.022255462612033,3.0710862807738892,1.9599736877488882,6.06363542893115,6.157967424936041,4.77418057144428,10.308234899536545,21,2,9,18.538079523199297
37.80664607587296,86.42382203673264,1,8.376706294551841,19.660840782696923,2.745981395259797,2.8037579778815793,5.495257241962253,4.482139754130699,2.669968871411512,8.218445445902365,12,2,3,19.29117725790733
18.515391975287024,45.639982953726104,6,2.1964454305124272,19.533862029353777,2.2680996508904423,8.464517003210485,1.9097222669023215,3.4523630780675396,2.851514916842561,4.106741833551451,19,5,5,13.790403549077828
30.070576130022417,81.20078985652343,3,3.51207568386413,20.784850788380606,1.5889313589106373,6.749217771044972,10.125783800497079,4.190126165185162,0.38869256714812517,3.332815994863663,9,2,8,15.66088739206212
31.19011963302654,81.8094870277691,1,0.2057146468769555,22.397818006329928,3.482778009024615,3.872127884167602,0.5353665612468559,3.282883127650024,2.628060367432745,8.740528673675279,1,0,9,12.392782788720694
31.760911141482577,76.35135550575266,4,9.769275142337952,18.562963839455787,1.8390901730330418,9.786274511607534,3.209329454847949,8.327098670049589,0.48497218159467925,11.46112810657982,16,4,7,23.981172822559802
20.40775157578178,40.1300163991542,3,0.6665179712804081,23.689959498216975,1.19701122243572,2.436025422831458,6.238993765748749,8.931111232274981,1.7973727085420363,6.210986817381494,9,4,11,12.755680434678961
36.77059566946261,79.30808755525203,1,8.982211239095694,21.258918742238592,2.517340459408229,6.098143873842544,11.659177350264596,9.496576857097386,0.7612888133015365,10.770797462129883,22,4,4,23.30093366466464
21.623665581001656,76.1550335544952,2,3.129877141804547,19.838450369601006,2.7684599863452357,8.472141089530826,9.431675307550766,4.183623219078503,2.0068855466241535,9.420535190131986,15,2,9,17.137665369191364
30.45506806479682,65.80337940637303,5,5.8755640198587855,22.160347385288556,1.5938809794354216,8.02022577956785,4.424054695783536,5.462192034350924,1.3643300688855058,14.229735202308703,8,5,12,21.18741111022378
22.453521582461697,50.23212211013717,1,6.793155399660034,18.26835489745861,0.11257312418365828,0.9030774856562673,8.567380686149221,5.768954210424889,1.7110797236027828,4.724240109460419,18,2,2,15.292491408814119
24.144328340425417,45.75051625599265,1,1.408291674311145,20.906381494698376,0.3765260009468423,6.97274223674543,11.176432656181873,6.510881773783387,0.8903150406057814,9.683760067463464,10,0,12,14.363496867192477
28.929170834562488,37.31335272482154,2,4.437593777803355,20.915817884782854,3.382395567574647,2.578637555526919,6.466601418444911,0.024563408918729657,2.637645678087977,7.379359785980972,5,5,2,15.156130943040786
26.343868371291528,60.585424014052286,4,3.2546610024664235,18.971851709456104,0.22619168474123175,3.557334780654667,5.543282346011392,8.426896714336685,2.985458840832388,5.4004821467224495,3,1,4,14.358585395383528
21.204512019530124,65.1156525305908,6,0.5660246560546534,23.0243268956513,2.368078668168529,4.889919823111654,6.63591926729193,2.681406540324641,5.019886158983483,6.644799831561271,15,4,2,13.790436017668641
21.418728048416966,51.56033943094724,2,8.331936543931807,22.780872712081525,0.7348375417975674,7.907501660653935,3.738360493847793,4.721640687462827,3.2329524159363014,5.828954413759746,11,0,3,18.795402022057964
26.36289576325599,58.521544060852115,6,0.4516775649747773,18.916394366722255,0.9157051649767083,1.6620144266904724,10.888185728210287,8.41568257045184,1.3725451740234407,8.85943186912993,23,2,5,14.736324945445576
33.145659565510016,51.810867442156,1,6.532579594838667,20.182963761380265,1.0933358389447245,1.0855523503961673,9.567381749537724,9.968561469506898,4.415374179791963,9.25470597076174,23,1,3,19.41994800099061
35.95929293695577,68.46036343924207,4,3.14077376419847,18.602577339785327,0.15316554478808175,1.5344124504364465,8.465809348239324,7.948835047855191,1.7834804804696713,13.252020875360405,15,3,1,15.709721213625885
19.682553245187655,84.0755524677938,3,1.921293272018666,23.09165254103518,0.7089410965611695,2.1822353559198318,7.069104966751711,0.24833237285976528,4.538379279275877,12.15697555989189,22,1,11,14.581451015882855
25.862078151188022,39.83521572281669,1,6.6708605133554535,19.939920622491844,2.6019999380557617,0.5950185381102913,11.63369734142626,3.6875417078090598,2.3229843492366107,5.93269796391986,21,6,3,17.4450323276226
20.004911274457534,52.8845285941874,2,5.745377145262058,20.635897847145916,1.9948685448320203,9.263564695700774,3.572468753693045,2.4721063613300487,3.082050375517108,14.107228713260628,2,0,6,19.590810590281848
18.331849612651958,38.45211623705168,3,3.1525625737482987,19.9432317001234,3.189316342955743,3.190834070887484,3.3976219788821944,9.641317329054393,3.0225334085411744,13.2885860518803,11,1,3,17.004449649222988
31.234373652879132,67.49662622446992,5,5.129607482592392,19.860156098789705,0.24496842620597414,1.7697562986642057,2.9056599943581864,2.64228916477634,5.733815036522177,10.136218519102853,14,2,9,15.30636968016563
30.048988839331756,73.73223056931575,3,2.4623710120620945,22.483813522491534,3.5555931850065243,6.378342036820702,8.901311863739188,9.433501903394431,0.9219918909968141,2.2421709248805906,19,1,3,16.883251244370623
21.260382276297726,85.91476395584735,2,8.636964590026922,22.48539740507894,3.9855941275978912,7.86996118766629,9.567427678491603,9.375175135019006,5.631333591350867,4.718776024375983,11,2,11,24.30082190053863
22.67625666186128,46.73231557565789,3,3.1381878032716157,21.106729022883417,0.06295988899513194,7.532341656014168,7.165370114000304,8.394103129253105,3.3719315240331733,12.261150281031421,8,1,3,18.9770917090981
18.47415507289037,87.0126723519258,2,2.451530295515314,21.945701695957887,3.870560262159733,7.187071927870923,7.823804524057408,0.9807176669824069,5.962131488217957,7.898890372294224,9,0,3,17.82149441233652
34.698944113888075,33.795760309240485,1,7.518337110596511,21.06997918414774,0.9434508518840801,0.5052997543796711,4.187529175276714,0.019952280064845507,3.438829656112319,3.63735673262688,22,3,5,14.021735548583496
37.49381192097103,66.18083180187529,4,0.17592487993914885,18.17153525963829,2.770172552824148,7.821595192204462,0.4770905096745879,7.938830842137135,3.9382566563991275,7.307375722452497,7,4,7,14.268067549475568
20.709190735893817,33.4279631605998,5,2.680117320860753,18.396038598779594,1.169933772419705,5.0187864125185815,3.0436301236950363,8.432990575912658,4.497445218583504,4.754740609660033,12,1,5,15.108211145554128
22.629504275305962,83.6264512657167,4,3.7539522065117312,20.302443417076987,2.087251514990082,6.4908602003151685,7.011638725565112,9.62181693231614,4.93073507563709,13.603376159899383,21,3,9,20.254718158261976
35.36819047893868,61.78854342420325,4,8.822379617913818,22.498478151770364,2.041674039344663,9.564246245392265,9.755192188612664,2.1838261145277915,2.8653816584868244,13.560359256038307,14,1,6,24.775788747450083
36.529275959123694,70.16090104576776,4,9.504418025483442,23.47935736880607,1.4444219177962885,8.10672538474056,9.326339741195966,7.33146467924249,4.071563322505551,7.031808367412709,16,5,1,25.309648701951083
26.39254765613621,79.89443555462715,2,7.164779669139499,18.178249832080517,2.870187073153335,8.253720092260048,2.1538483703181748,5.190644174311943,3.689297975412437,3.786115514131977,11,3,9,17.89035406289209
19.01244944538148,39.01863734903813,2,4.9253178100965975,20.208180316120842,2.3985459274532572,1.8146721887817163,0.6173545209147395,3.2848220519607474,2.442521982434937,6.664806039377295,15,2,3,13.18793624458906
18.78783667385639,32.31549371628803,5,6.406215490576886,19.342694616698466,2.0331080157727026,4.764171263230645,10.206720479952496,6.062910100590245,4.924785698484173,3.6736195446988886,10,3,8,18.286950955760048
29.47899732138021,82.73286875477113,2,4.14001051681333,22.89123168699277,3.9313572476730263,9.493254850103558,0.9070707924318193,5.481993935879656,1.1546913193061983,5.952597932886315,18,4,12,17.37964876109271
25.85790217786358,48.895993647535946,6,2.9882583184866784,23.075808867927847,3.7600373047493054,5.826852520707054,4.719735153468798,2.9229439927800307,1.0027842682642647,12.025359964347484,12,3,3,17.163365777630638
18.57304855155309,37.73873447562992,2,9.506880681396284,19.238453206151373,3.821743383174646,1.025863697642383,1.1307078814189881,2.684624621318017,4.418629286979691,5.795303705232173,2,6,8,16.977291528972895
29.665047846251134,58.107674225225196,2,1.153902290099238,22.264963520609232,3.5252958392131517,7.318198248852413,6.768584525383281,4.865802241472713,3.8249118822937986,9.07462523699047,3,4,4,15.942514787687747
18.22605073178045,65.89836454176113,2,3.4639356805010904,22.39053622380857,1.0206213550175192,0.42926847105049903,4.360037174250195,4.740365084860794,1.9059627932182217,3.545353834521712,23,4,1,12.319292942440624
33.74743916298546,31.858236205350607,1,8.990889599605932,19.06234618069542,1.399904123912724,7.422972670037387,2.4299234136181505,3.020527031679964,3.8107794270991824,6.519130748155714,14,3,11,18.76331910658193
24.128656454067432,46.49373949542526,5,7.231414305874169,20.602175502049413,0.9242184781820315,8.797726271226475,7.142012018616494,2.6373115804036873,4.623883130481714,2.515289674175318,13,6,6,19.32857537008661
18.80516006018464,31.96799245661376,6,0.2910145132297659,21.7220268326628,3.944707548891386,4.252501406133349,4.360701478556274,9.543074091409698,1.3017970692320335,9.126187399039061,10,4,7,16.075445046874165
29.767044419663065,55.22012335172994,2,0.23099673424247125,18.156399641595595,0.6106474790539647,4.136128629850873,2.0014590206496177,8.623705047453804,3.488364790829038,6.519101416361142,12,4,8,11.568932799476476
25.953688288661095,83.70600174397467,5,5.165124626245746,20.427550998275297,1.4660470222356223,3.042113772547266,8.401036950771156,8.167791054245336,4.9479954031056845,13.336050871977527,19,5,6,20.873302159948622
37.47600826714299,88.95914468961415,3,4.842530562300217,18.929749397685725,0.7961776988774258,8.769382851037328,10.041699718588518,2.142837686770066,2.467431230558443,7.103183804488629,17,2,1,18.153696662918794
28.883973250074042,68.22285321021765,1,4.429915386563183,21.251379006725323,0.8938152487370128,5.477846040483869,3.2849108530499413,1.8929103498580113,3.4304202454318076,9.251076553253355,12,6,5,15.662122509873466
23.504783620740167,39.69826162707551,2,3.023437618390089,23.05750550076573,0.9883515392128461,5.792599406346188,2.2371005496220833,8.093290182980983,0.4712142256348122,14.696373659874304,20,0,9,16.652957146368276
32.1887772926795,84.35096339995835,6,9.86638719813639,21.148523631756223,2.558682702239816,6.617073908499545,0.9030223438257607,1.8467434769224789,4.982812365951949,10.355177105401062,18,2,3,22.017212722493156
23.429840050854224,60.974869392003626,1,2.719873229833815,18.215901577252104,0.3041974807661112,3.0023094756287705,6.334825500842478,5.035359357550362,4.776758213333201,8.506135931835491,3,0,5,13.086098997911204
36.0848658281513,39.22495872617509,6,4.900402064405619,18.177943473580747,2.290119494495136,4.327863113504118,9.975524396960031,2.2142178677025326,2.7375267179797116,3.2756214869058433,11,0,6,16.699349719158175
25.49443941014753,85.30360016709969,1,4.048930968230663,21.633018875424895,3.2771449451364125,7.416057622062988,3.009478740003852,3.780697836701521,0.7154904611294257,12.672535781272583,2,2,5,16.215834759532797
28.997371255524104,75.44814304338618,3,1.7024942596174208,19.967889351153676,3.0660951064177233,9.854869685389854,5.527653259565126,8.53454227409543,3.9623927045351377,10.350983404193574,15,4,4,18.30292614405414
19.011462076484577,73.90231636338909,5,2.0261881912527855,21.435999020831357,0.6046867931293018,0.3430554006453024,1.9296414413733576,8.914183432526265,3.4378807188762863,3.4108160953786144,0,5,2,11.567306445777458
26.522424759044615,72.55084222766428,1,9.18302742009773,18.981822653495925,3.658926939115221,0.42648497946567443,4.850409887923532,9.966792508817935,5.516879384830823,5.193698960087615,3,6,5,20.072396777016944
34.6472707932199,42.02038926578654,4,8.582797228559551,22.66117411701667,3.080361525619096,4.280824819829282,0.18534129066570282,9.439042800150816,1.6788511788246692,8.989416998687926,8,2,10,21.767564804258573
34.11297610726684,42.66040150245156,3,1.9904430582035237,23.164318234401406,0.021210043731384243,6.596218348096134,10.928748814241434,6.712507243857352,0.19395878620665052,2.585811633033821,22,4,1,13.849144487633554
22.486371177070524,71.2975799056353,4,8.756626239095135,23.335353612509362,2.9494945341583443,3.8636462483531684,8.118862740006824,4.317259941976413,1.528437660286453,11.33803125300392,12,2,1,22.46465285136598
22.521581420211255,43.183365006623816,3,2.091861300808425,19.824447532988106,2.9496867144879944,9.996386539651795,3.993764611617261,0.5769237529194193,2.5674418762983784,4.961319977916851,21,2,8,14.388021407199938
34.34610624426473,56.32030180818293,4,6.265463217476971,21.96441220574839,1.9872643221599389,1.9535925808613586,10.574379120672278,6.081661135034794,0.9326666376311556,8.366237467352562,9,5,4,19.386406796079775
36.60796840338651,76.92010953563648,4,0.812805233206938,19.67425432278156,0.18392966402548883,0.079254580074275,2.195155553196531,2.106806620040457,5.878409664088327,5.141364316506186,8,1,1,9.579257122871041
19.907218425460073,77.03715108587045,6,8.803696262591181,22.57654092486947,2.319623753129398,1.9012936231276911,0.9448047822680921,8.501362838296062,1.3343461559373218,8.359429730874798,19,3,2,20.273266737198647
27.001172788524507,57.19570635155158,1,0.5150029946546697,18.72315001335794,3.0629870401372368,8.86842375101301,11.31145897375071,5.488988793497203,4.067165125966436,4.465827075182672,5,2,5,15.451209377500351
24.74908557928458,77.53139629651471,1,5.549428892511367,22.57658886672697,1.0834962212840025,1.451489928684646,3.7082035408307252,7.33501682896137,2.7246761181364856,9.720967790719513,18,3,7,16.01133195473901
35.41376910914879,80.3173077718834,3,7.7971152518038505,20.63837182598121,2.6682728730071497,4.789747803066407,11.231680729301443,6.734950346870261,3.330887128960046,13.835287456655465,2,4,12,23.701770960651277
19.670498293600374,69.28654507705562,5,1.168347364106812,23.133296942613168,1.4157047801775278,4.192761807214481,7.651355031273681,3.47331191831333,5.596079954212847,12.495367298768455,9,1,5,16.299173704783247
22.22251885116075,43.705551138505214,6,4.044802675001885,22.43358515991688,2.2954193316089246,6.657253212911289,11.760515193785658,7.590860502126242,3.189323049912869,5.139769930935907,9,5,11,19.123935106442975
33.049366751729885,46.44070682313285,1,0.419501514900501,20.25911784417891,1.5382629977264988,0.5459558641945295,9.041150546549044,8.433752438690199,1.8313589392895198,8.47542331367877,23,1,10,12.060333604600299
19.02587697962431,48.89046932452412,1,6.827525773399592,23.421235112162716,1.2150458640711164,6.58750171066226,1.2658064031395764,7.441304363686443,1.3248858450420749,7.500409446714127,20,0,6,18.105424277480218
27.850707614285785,37.00824646403712,6,3.074495949613519,19.70002283565186,3.4236579017281774,3.5475164398233536,10.22674400370579,7.768067803242971,5.3519572203870345,14.551176552055578,23,6,7,20.648929314017355
26.842140693594402,46.389577222196706,2,5.5939524463847,23.80193178861554,3.0153530367415065,9.260395590824988,1.7745422703356195,3.600155396667316,5.920350394029285,12.384674655376234,1,6,3,19.248443136408014
24.688023579774974,42.57115345875192,6,9.327322704203617,22.603220303734105,1.381796535892596,8.488873295859058,8.306371269291768,9.43687932748237,1.5109929533697108,3.3965726278656434,12,5,11,23.04288435019215
25.891446306378477,57.31972498851613,1,3.0585810799484237,23.944049107627137,1.7385265664608358,3.995062484775861,6.00488939308037,4.245721183560761,4.3316024288192825,4.191181209274561,6,6,10,14.150045792892032
28.59881173860466,84.50625287233589,5,0.48627471635277697,18.323427698390866,2.766813671501384,9.928918435178527,8.492700097733806,8.970502185464644,3.034514914993795,11.12636912632518,12,5,5,18.184418600425907
21.22734716776766,36.26881900523748,2,6.756277676987004,19.644216275262785,3.244315122362037,0.5194375265624718,9.17987439201838,8.578093898080157,4.191497987754423,4.078156283225445,13,3,8,17.895942700596645
